
========================================================================
  RUN START  2026-07-01 11:05:49  stage=static-clear  total_steps=24,192
========================================================================
[ep=   0 step= 20 t= 4.78h]  lat=-30.478° lon=-115.017° alt=690.8km  →  International (-30.5°, -115.0°)  batt= 99.6%
[ep=   0 step= 40 t= 7.95h]  lat=-54.914° lon=-108.036° alt=697.6km  →  International (-54.9°, -108.0°)  batt= 99.8%
[ep=   0 step= 60 t=10.77h]  lat=-24.361° lon= +56.772° alt=683.3km  →  International (-24.4°, +56.8°)  batt= 99.1%
[ep=   0 step= 80 t=15.22h]  lat=+76.324° lon= +96.241° alt=698.5km  →  International (+76.3°, +96.2°)  batt=100.0%
[ep=   0 step=100 t=21.24h]  lat=-18.094° lon=-116.467° alt=688.2km  →  International (-18.1°, -116.5°)  batt= 96.8%
[ep=   0 step=120 t=27.91h]  lat= +5.069° lon=-119.561° alt=686.5km  →  International (+5.1°, -119.6°)  batt= 93.4%
[ep=   0 step=140 t=34.57h]  lat=+28.197° lon=-122.917° alt=689.5km  →  International (+28.2°, -122.9°)  batt= 89.9%
[ep=   0 step=160 t=41.24h]  lat=+51.094° lon=-128.397° alt=695.3km  →  International (+51.1°, -128.4°)  batt= 86.5%
[ep=   0 step=180 t=47.91h]  lat=+73.012° lon=-145.629° alt=699.5km  →  International (+73.0°, -145.6°)  batt= 83.1%
[ep=   1 step= 20 t= 6.67h]  lat=+23.181° lon=-123.204° alt=688.4km  →  International (+23.2°, -123.2°)  batt= 99.9%
[ep=   1 step= 40 t= 9.84h]  lat= +0.841° lon=-119.714° alt=686.3km  →  International (+0.8°, -119.7°)  batt= 99.9%
[ep=   1 step= 60 t=14.92h]  lat=+33.950° lon=-124.857° alt=690.9km  →  International (+34.0°, -124.9°)  batt= 99.9%
[ep=   1 step= 80 t=20.96h]  lat=-77.380° lon= -79.891° alt=701.5km  →  International (-77.4°, -79.9°)  batt=100.0%
[ep=   1 step=100 t=27.62h]  lat=-56.173° lon=-106.667° alt=698.2km  →  International (-56.2°, -106.7°)  batt=100.0%
[ep=   1 step=120 t=31.12h]  lat= -8.651° lon=-117.486° alt=687.1km  →  International (-8.7°, -117.5°)  batt= 99.7%
[ep=   1 step=140 t=32.68h]  lat=-26.466° lon=-114.612° alt=690.3km  →  International (-26.5°, -114.6°)  batt= 99.9%
[ep=   1 step=160 t=37.73h]  lat= +0.622° lon=-118.537° alt=686.8km  →  International (+0.6°, -118.5°)  batt= 99.8%
[ep=   1 step=180 t=44.39h]  lat=+23.800° lon=-121.755° alt=688.7km  →  International (+23.8°, -121.8°)  batt= 99.9%
[ep=   2 step= 20 t= 6.67h]  lat=+23.171° lon=-123.201° alt=688.7km  →  International (+23.2°, -123.2°)  batt=100.0%
[ep=   2 step= 40 t=13.33h]  lat=+46.147° lon=-127.930° alt=694.1km  →  International (+46.1°, -127.9°)  batt= 99.9%
[ep=   2 step= 60 t=20.00h]  lat=+68.483° lon=-140.222° alt=698.9km  →  International (+68.5°, -140.2°)  batt=100.0%
[ep=   2 step= 80 t=26.67h]  lat=+81.344° lon=+129.622° alt=699.4km  →  International (+81.3°, +129.6°)  batt=100.0%
[ep=   2 step=100 t=33.33h]  lat=+62.537° lon= +77.184° alt=694.5km  →  International (+62.5°, +77.2°)  batt=100.0%
[ep=   2 step=120 t=37.78h]  lat=+12.604° lon=-120.258° alt=687.4km  →  International (+12.6°, -120.3°)  batt=100.0%
[ep=   2 step=140 t=44.45h]  lat=+35.695° lon=-124.005° alt=691.6km  →  International (+35.7°, -124.0°)  batt= 99.8%
[ep=   3 step= 20 t= 6.67h]  lat=+23.140° lon=-123.194° alt=688.0km  →  International (+23.1°, -123.2°)  batt=100.0%
[ep=   3 step= 40 t=13.33h]  lat=+46.111° lon=-127.918° alt=694.0km  →  International (+46.1°, -127.9°)  batt=100.0%
[ep=   3 step= 60 t=20.00h]  lat=+68.414° lon=-140.157° alt=699.0km  →  International (+68.4°, -140.2°)  batt=100.0%
[ep=   3 step= 80 t=26.67h]  lat=+81.379° lon=+130.165° alt=699.6km  →  International (+81.4°, +130.2°)  batt=100.0%
[ep=   3 step=100 t=33.33h]  lat=+62.634° lon= +77.253° alt=694.8km  →  International (+62.6°, +77.3°)  batt=100.0%
[ep=   3 step=120 t=40.00h]  lat=+40.017° lon= +68.470° alt=686.9km  →  International (+40.0°, +68.5°)  batt= 99.9%
[ep=   3 step=140 t=46.67h]  lat=+16.932° lon= +64.388° alt=680.1km  →  International (+16.9°, +64.4°)  batt= 99.9%
[ep=   4 step= 20 t= 6.67h]  lat=+23.181° lon=-123.202° alt=688.5km  →  International (+23.2°, -123.2°)  batt= 96.4%
[ep=   4 step= 40 t=13.33h]  lat=+46.193° lon=-127.941° alt=694.1km  →  International (+46.2°, -127.9°)  batt= 92.9%
[ep=   4 step= 60 t=20.00h]  lat=+68.542° lon=-140.290° alt=698.7km  →  International (+68.5°, -140.3°)  batt= 89.5%
[ep=   4 step= 80 t=22.80h]  lat=-35.146° lon=-113.335° alt=692.2km  →  International (-35.1°, -113.3°)  batt= 88.0%
[ep=   4 step=100 t=26.33h]  lat=+20.034° lon=-121.872° alt=688.2km  →  International (+20.0°, -121.9°)  batt= 90.1%
[ep=   4 step=120 t=32.68h]  lat=-25.874° lon=-114.712° alt=690.2km  →  International (-25.9°, -114.7°)  batt= 86.9%
[ep=   4 step=140 t=35.16h]  lat=+22.047° lon= +64.740° alt=680.8km  →  International (+22.0°, +64.7°)  batt= 89.4%
[ep=   4 step=160 t=37.33h]  lat=-81.443° lon= -48.202° alt=701.8km  →  International (-81.4°, -48.2°)  batt= 95.5%
[ep=   4 step=180 t=43.99h]  lat=-62.805° lon=-102.184° alt=699.9km  →  International (-62.8°, -102.2°)  batt= 92.0%
[ep=   5 step= 20 t= 6.67h]  lat=+23.175° lon=-123.204° alt=688.3km  →  International (+23.2°, -123.2°)  batt= 99.9%
[ep=   5 step= 40 t=13.33h]  lat=+46.190° lon=-127.944° alt=694.0km  →  International (+46.2°, -127.9°)  batt=100.0%
[ep=   5 step= 60 t=20.00h]  lat=+68.535° lon=-140.297° alt=698.8km  →  International (+68.5°, -140.3°)  batt= 99.5%
[ep=   5 step= 80 t=26.67h]  lat=+81.320° lon=+129.158° alt=699.5km  →  International (+81.3°, +129.2°)  batt=100.0%
[ep=   5 step=100 t=33.33h]  lat=+62.432° lon= +77.113° alt=694.2km  →  International (+62.4°, +77.1°)  batt=100.0%
[ep=   5 step=120 t=40.00h]  lat=+39.757° lon= +68.408° alt=686.4km  →  International (+39.8°, +68.4°)  batt=100.0%
[ep=   5 step=140 t=46.67h]  lat=+16.629° lon= +64.340° alt=679.9km  →  International (+16.6°, +64.3°)  batt=100.0%
[ep=   6 step= 20 t= 6.67h]  lat=+23.171° lon=-123.202° alt=688.6km  →  International (+23.2°, -123.2°)  batt=100.0%
[ep=   6 step= 40 t=13.33h]  lat=+46.158° lon=-127.934° alt=694.1km  →  International (+46.2°, -127.9°)  batt=100.0%
[ep=   6 step= 60 t=20.00h]  lat=+68.494° lon=-140.237° alt=698.9km  →  International (+68.5°, -140.2°)  batt=100.0%
[ep=   6 step= 80 t=26.67h]  lat=+81.338° lon=+129.492° alt=699.4km  →  International (+81.3°, +129.5°)  batt=100.0%
[ep=   6 step=100 t=33.33h]  lat=+62.514° lon= +77.165° alt=694.3km  →  International (+62.5°, +77.2°)  batt=100.0%
[ep=   6 step=120 t=40.00h]  lat=+39.846° lon= +68.430° alt=686.2km  →  International (+39.8°, +68.4°)  batt=100.0%
[ep=   6 step=140 t=46.67h]  lat=+16.743° lon= +64.360° alt=679.9km  →  International (+16.7°, +64.4°)  batt=100.0%
[ep=   7 step= 20 t= 6.67h]  lat=+23.177° lon=-123.201° alt=688.6km  →  International (+23.2°, -123.2°)  batt= 98.0%
[ep=   7 step= 40 t=13.33h]  lat=+46.180° lon=-127.935° alt=694.1km  →  International (+46.2°, -127.9°)  batt= 95.3%
[ep=   7 step= 60 t=20.00h]  lat=+68.523° lon=-140.264° alt=698.8km  →  International (+68.5°, -140.3°)  batt= 92.9%
[ep=   7 step= 80 t=26.67h]  lat=+81.324° lon=+129.229° alt=699.3km  →  International (+81.3°, +129.2°)  batt= 90.0%
[ep=   7 step=100 t=32.70h]  lat=-22.282° lon=-115.319° alt=689.4km  →  International (-22.3°, -115.3°)  batt= 88.5%
[ep=   7 step=120 t=32.80h]  lat= +0.141° lon=-118.662° alt=686.7km  →  International (+0.1°, -118.7°)  batt= 88.4%
[ep=   7 step=140 t=33.98h]  lat=-76.244° lon= +26.057° alt=700.1km  →  International (-76.2°, +26.1°)  batt=100.0%
[ep=   7 step=160 t=34.15h]  lat=-63.640° lon=-101.977° alt=700.0km  →  International (-63.6°, -102.0°)  batt= 99.9%
[ep=   7 step=180 t=34.30h]  lat=-30.993° lon=-113.698° alt=691.5km  →  International (-31.0°, -113.7°)  batt= 99.9%
[ep=   7 step=200 t=36.08h]  lat= -0.383° lon=-118.450° alt=686.9km  →  International (-0.4°, -118.5°)  batt= 99.7%
[ep=   7 step=220 t=42.09h]  lat=-57.757° lon= +48.775° alt=694.6km  →  International (-57.8°, +48.8°)  batt= 97.5%
[ep=   7 step=240 t=47.83h]  lat=+57.904° lon=-131.068° alt=696.9km  →  International (+57.9°, -131.1°)  batt= 95.8%
[ep=   8 step= 20 t= 6.67h]  lat=+23.179° lon=-123.203° alt=688.3km  →  International (+23.2°, -123.2°)  batt=100.0%
[ep=   8 step= 40 t=13.33h]  lat=+46.197° lon=-127.943° alt=694.0km  →  International (+46.2°, -127.9°)  batt=100.0%
[ep=   8 step= 60 t=20.00h]  lat=+68.545° lon=-140.301° alt=698.8km  →  International (+68.5°, -140.3°)  batt=100.0%
[ep=   8 step= 80 t=26.67h]  lat=+81.315° lon=+129.059° alt=699.5km  →  International (+81.3°, +129.1°)  batt=100.0%
[ep=   8 step=100 t=33.33h]  lat=+62.416° lon= +77.108° alt=694.1km  →  International (+62.4°, +77.1°)  batt=100.0%
[ep=   8 step=120 t=40.00h]  lat=+39.734° lon= +68.411° alt=686.4km  →  International (+39.7°, +68.4°)  batt= 99.9%
[ep=   8 step=140 t=46.67h]  lat=+16.603° lon= +64.347° alt=679.9km  →  International (+16.6°, +64.3°)  batt= 99.9%
[ep=   9 step= 20 t= 6.67h]  lat=+23.175° lon=-123.202° alt=688.6km  →  International (+23.2°, -123.2°)  batt= 99.4%
[ep=   9 step= 40 t=13.33h]  lat=+46.143° lon=-127.929° alt=694.2km  →  International (+46.1°, -127.9°)  batt=100.0%
[ep=   9 step= 60 t=20.00h]  lat=+68.483° lon=-140.227° alt=699.1km  →  International (+68.5°, -140.2°)  batt=100.0%
[ep=   9 step= 80 t=26.67h]  lat=+81.346° lon=+129.666° alt=699.5km  →  International (+81.3°, +129.7°)  batt=100.0%
[ep=   9 step=100 t=33.33h]  lat=+62.538° lon= +77.188° alt=694.6km  →  International (+62.5°, +77.2°)  batt=100.0%
[ep=   9 step=120 t=37.46h]  lat=-56.082° lon=-106.290° alt=698.4km  →  International (-56.1°, -106.3°)  batt=100.0%
[ep=   9 step=140 t=38.00h]  lat=+59.342° lon=-132.257° alt=697.4km  →  International (+59.3°, -132.3°)  batt=100.0%
[ep=   9 step=160 t=38.51h]  lat= +8.145° lon= +62.753° alt=678.7km  →  International (+8.1°, +62.8°)   batt=100.0%
[ep=   9 step=180 t=39.01h]  lat=-75.936° lon= -83.946° alt=701.7km  →  International (-75.9°, -83.9°)  batt=100.0%
[ep=   9 step=200 t=39.17h]  lat=-41.486° lon=-111.183° alt=694.6km  →  International (-41.5°, -111.2°)  batt=100.0%
[ep=   9 step=220 t=39.26h]  lat=-23.430° lon=-114.857° alt=689.9km  →  International (-23.4°, -114.9°)  batt= 99.9%
[ep=   9 step=240 t=42.95h]  lat=+65.519° lon=-136.349° alt=698.6km  →  International (+65.5°, -136.3°)  batt=100.0%
[ep=  10 step= 20 t= 6.67h]  lat=+23.166° lon=-123.204° alt=688.4km  →  International (+23.2°, -123.2°)  batt= 98.9%
[ep=  10 step= 40 t=13.33h]  lat=+46.129° lon=-127.930° alt=694.2km  →  International (+46.1°, -127.9°)  batt= 98.6%
[ep=  10 step= 60 t=20.00h]  lat=+68.462° lon=-140.220° alt=699.1km  →  International (+68.5°, -140.2°)  batt= 97.2%
[ep=  10 step= 80 t=26.67h]  lat=+81.355° lon=+129.834° alt=699.5km  →  International (+81.4°, +129.8°)  batt= 95.3%
[ep=  10 step=100 t=33.33h]  lat=+62.562° lon= +77.199° alt=694.6km  →  International (+62.6°, +77.2°)  batt= 95.3%
[ep=  10 step=120 t=39.05h]  lat=-67.373° lon= -98.524° alt=700.6km  →  International (-67.4°, -98.5°)  batt= 94.7%
[ep=  10 step=140 t=40.88h]  lat=-26.157° lon=-114.332° alt=690.4km  →  International (-26.2°, -114.3°)  batt= 95.2%
[ep=  10 step=160 t=40.94h]  lat=-14.059° lon=-116.287° alt=688.0km  →  International (-14.1°, -116.3°)  batt= 95.2%
[ep=  10 step=180 t=46.61h]  lat=+28.340° lon= +66.294° alt=682.7km  →  International (+28.3°, +66.3°)  batt= 94.7%
[ep=  11 step= 20 t= 6.67h]  lat=+23.161° lon=-123.200° alt=688.0km  →  International (+23.2°, -123.2°)  batt=100.0%
[ep=  11 step= 40 t=10.24h]  lat=+81.813° lon=+160.446° alt=699.9km  →  International (+81.8°, +160.4°)  batt=100.0%
[ep=  11 step= 60 t=16.91h]  lat=+66.873° lon= +80.065° alt=696.1km  →  International (+66.9°, +80.1°)  batt=100.0%
[ep=  11 step= 80 t=17.98h]  lat=-12.681° lon=-117.435° alt=687.1km  →  International (-12.7°, -117.4°)  batt=100.0%
[ep=  11 step=100 t=18.43h]  lat=+80.072° lon=-173.287° alt=699.9km  →  International (+80.1°, -173.3°)  batt=100.0%
[ep=  11 step=120 t=18.93h]  lat=-15.752° lon= +58.487° alt=680.8km  →  International (-15.8°, +58.5°)  batt= 99.8%
[ep=  11 step=140 t=20.44h]  lat=+13.075° lon= +62.725° alt=679.8km  →  International (+13.1°, +62.7°)  batt= 99.9%
[ep=  11 step=160 t=20.93h]  lat=-80.615° lon= -60.129° alt=701.7km  →  International (-80.6°, -60.1°)  batt=100.0%
[ep=  11 step=180 t=24.03h]  lat=-54.045° lon= +49.726° alt=693.2km  →  International (-54.0°, +49.7°)  batt=100.0%
[ep=  11 step=200 t=30.70h]  lat=-75.614° lon= +27.732° alt=700.0km  →  International (-75.6°, +27.7°)  batt=100.0%
[ep=  11 step=220 t=37.36h]  lat=-76.217° lon= -83.203° alt=701.6km  →  International (-76.2°, -83.2°)  batt=100.0%
[ep=  11 step=240 t=44.03h]  lat=-54.771° lon=-106.616° alt=698.0km  →  International (-54.8°, -106.6°)  batt=100.0%
[ep=  12 step= 20 t= 6.67h]  lat=+23.131° lon=-123.193° alt=688.2km  →  International (+23.1°, -123.2°)  batt= 99.8%
[ep=  12 step= 40 t=13.33h]  lat=+46.075° lon=-127.903° alt=693.7km  →  International (+46.1°, -127.9°)  batt= 99.8%
[ep=  12 step= 60 t=20.00h]  lat=+68.382° lon=-140.121° alt=698.9km  →  International (+68.4°, -140.1°)  batt= 99.2%
[ep=  12 step= 80 t=26.67h]  lat=+81.401° lon=+130.641° alt=699.5km  →  International (+81.4°, +130.6°)  batt= 95.8%
[ep=  12 step=100 t=33.33h]  lat=+62.707° lon= +77.316° alt=694.7km  →  International (+62.7°, +77.3°)  batt= 92.4%
[ep=  12 step=120 t=40.00h]  lat=+40.106° lon= +68.510° alt=686.9km  →  International (+40.1°, +68.5°)  batt= 90.2%
[ep=  12 step=140 t=46.67h]  lat=+17.046° lon= +64.420° alt=680.4km  →  International (+17.0°, +64.4°)  batt= 98.0%
[ep=  13 step= 20 t= 6.67h]  lat=+23.132° lon=-123.195° alt=688.3km  →  International (+23.1°, -123.2°)  batt= 96.6%
[ep=  13 step= 40 t=13.33h]  lat=+46.076° lon=-127.906° alt=693.7km  →  International (+46.1°, -127.9°)  batt= 93.2%
[ep=  13 step= 60 t=20.00h]  lat=+68.382° lon=-140.126° alt=698.9km  →  International (+68.4°, -140.1°)  batt= 89.9%
[ep=  13 step= 80 t=26.67h]  lat=+81.400° lon=+130.631° alt=699.5km  →  International (+81.4°, +130.6°)  batt= 86.5%
[ep=  13 step=100 t=33.33h]  lat=+62.706° lon= +77.309° alt=694.7km  →  International (+62.7°, +77.3°)  batt= 83.3%
[ep=  13 step=120 t=40.00h]  lat=+40.105° lon= +68.502° alt=686.9km  →  International (+40.1°, +68.5°)  batt= 79.9%
[ep=  13 step=140 t=46.67h]  lat=+17.046° lon= +64.410° alt=680.4km  →  International (+17.0°, +64.4°)  batt= 76.4%
[ep=  14 step= 20 t= 6.67h]  lat=+23.166° lon=-123.198° alt=688.4km  →  International (+23.2°, -123.2°)  batt= 97.9%
[ep=  14 step= 40 t=13.33h]  lat=+46.130° lon=-127.918° alt=693.8km  →  International (+46.1°, -127.9°)  batt= 94.8%
[ep=  14 step= 60 t=20.00h]  lat=+68.454° lon=-140.187° alt=699.0km  →  International (+68.5°, -140.2°)  batt= 91.4%
[ep=  14 step= 80 t=26.67h]  lat=+81.363° lon=+129.964° alt=699.3km  →  International (+81.4°, +130.0°)  batt= 90.2%
[ep=  14 step=100 t=33.33h]  lat=+62.584° lon= +77.227° alt=694.5km  →  International (+62.6°, +77.2°)  batt= 88.2%
[ep=  14 step=120 t=40.00h]  lat=+39.948° lon= +68.475° alt=686.7km  →  International (+39.9°, +68.5°)  batt= 86.1%
[ep=  14 step=140 t=46.67h]  lat=+16.874° lon= +64.398° alt=680.2km  →  International (+16.9°, +64.4°)  batt= 87.2%
[ep=  15 step= 20 t= 3.72h]  lat=+79.765° lon=+111.845° alt=699.1km  →  International (+79.8°, +111.8°)  batt=100.0%
[ep=  15 step= 40 t=10.39h]  lat=+59.501° lon= +74.343° alt=693.9km  →  International (+59.5°, +74.3°)  batt=100.0%
[ep=  15 step= 60 t=17.05h]  lat=+36.762° lon= +66.779° alt=686.0km  →  International (+36.8°, +66.8°)  batt= 98.8%
[ep=  15 step= 80 t=23.72h]  lat=+13.662° lon= +62.951° alt=680.0km  →  International (+13.7°, +63.0°)  batt= 99.5%
[ep=  15 step=100 t=30.39h]  lat= -9.572° lon= +59.884° alt=679.6km  →  International (-9.6°, +59.9°)   batt= 99.9%
[ep=  15 step=120 t=37.05h]  lat=-32.707° lon= +56.310° alt=685.6km  →  International (-32.7°, +56.3°)  batt= 99.6%
[ep=  15 step=140 t=43.72h]  lat=-55.550° lon= +49.890° alt=693.9km  →  International (-55.5°, +49.9°)  batt=100.0%
[ep=  16 step= 20 t= 6.67h]  lat=+23.149° lon=-123.194° alt=688.0km  →  International (+23.1°, -123.2°)  batt=100.0%
[ep=  16 step= 40 t= 7.28h]  lat=+21.253° lon= +63.461° alt=682.1km  →  International (+21.3°, +63.5°)  batt=100.0%
[ep=  16 step= 60 t= 8.89h]  lat=+28.181° lon= +64.722° alt=683.8km  →  International (+28.2°, +64.7°)  batt=100.0%
[ep=  16 step= 80 t=10.27h]  lat=+80.998° lon=+123.834° alt=699.6km  →  International (+81.0°, +123.8°)  batt=100.0%
[ep=  16 step=100 t=16.94h]  lat=+61.730° lon= +75.970° alt=694.7km  →  International (+61.7°, +76.0°)  batt=100.0%
[ep=  16 step=120 t=23.60h]  lat=+39.055° lon= +67.575° alt=686.6km  →  International (+39.1°, +67.6°)  batt=100.0%
[ep=  16 step=140 t=30.27h]  lat=+15.965° lon= +63.576° alt=680.6km  →  International (+16.0°, +63.6°)  batt=100.0%
[ep=  16 step=160 t=36.94h]  lat= -7.262° lon= +60.495° alt=679.5km  →  International (-7.3°, +60.5°)   batt=100.0%
[ep=  16 step=180 t=43.60h]  lat=-30.418° lon= +57.033° alt=684.5km  →  International (-30.4°, +57.0°)  batt=100.0%
[ep=  17 step= 20 t= 6.67h]  lat=+23.164° lon=-123.202° alt=688.2km  →  International (+23.2°, -123.2°)  batt= 99.9%
[ep=  17 step= 40 t=13.33h]  lat=+46.164° lon=-127.934° alt=693.9km  →  International (+46.2°, -127.9°)  batt=100.0%
[ep=  17 step= 60 t=20.00h]  lat=+68.500° lon=-140.261° alt=698.8km  →  International (+68.5°, -140.3°)  batt=100.0%
[ep=  17 step= 80 t=26.67h]  lat=+81.339° lon=+129.505° alt=699.6km  →  International (+81.3°, +129.5°)  batt= 99.2%
[ep=  17 step=100 t=29.47h]  lat=-11.503° lon=-117.139° alt=687.2km  →  International (-11.5°, -117.1°)  batt=100.0%
[ep=  17 step=120 t=29.52h]  lat= +0.629° lon=-118.878° alt=686.4km  →  International (+0.6°, -118.9°)  batt=100.0%
[ep=  17 step=140 t=29.98h]  lat=+76.287° lon= +96.726° alt=698.2km  →  International (+76.3°, +96.7°)  batt=100.0%
[ep=  17 step=160 t=30.49h]  lat=-32.671° lon= +56.038° alt=685.3km  →  International (-32.7°, +56.0°)  batt= 99.9%
[ep=  17 step=180 t=30.66h]  lat=-68.120° lon= +40.597° alt=697.9km  →  International (-68.1°, +40.6°)  batt= 99.9%
[ep=  17 step=200 t=30.82h]  lat=-72.167° lon= -92.601° alt=701.2km  →  International (-72.2°, -92.6°)  batt= 99.8%
[ep=  17 step=220 t=31.31h]  lat=+31.241° lon=-123.646° alt=690.3km  →  International (+31.2°, -123.6°)  batt= 99.9%
[ep=  17 step=240 t=36.35h]  lat=+57.897° lon=-131.558° alt=696.9km  →  International (+57.9°, -131.6°)  batt=100.0%
[ep=  17 step=260 t=43.02h]  lat=+78.673° lon=-163.250° alt=699.7km  →  International (+78.7°, -163.3°)  batt=100.0%
[ep=  18 step= 20 t= 6.67h]  lat=+23.167° lon=-123.203° alt=688.4km  →  International (+23.2°, -123.2°)  batt= 98.9%
[ep=  18 step= 40 t=13.33h]  lat=+46.129° lon=-127.927° alt=694.2km  →  International (+46.1°, -127.9°)  batt= 99.3%
[ep=  18 step= 60 t=20.00h]  lat=+68.463° lon=-140.217° alt=699.1km  →  International (+68.5°, -140.2°)  batt= 97.6%
[ep=  18 step= 80 t=26.67h]  lat=+81.355° lon=+129.831° alt=699.5km  →  International (+81.4°, +129.8°)  batt= 94.3%
[ep=  18 step=100 t=33.01h]  lat=+45.918° lon=-127.051° alt=694.3km  →  International (+45.9°, -127.1°)  batt= 93.9%
[ep=  18 step=120 t=39.05h]  lat=-67.935° lon= -97.932° alt=700.7km  →  International (-67.9°, -97.9°)  batt= 94.6%
[ep=  18 step=140 t=39.27h]  lat=-21.055° lon=-115.257° alt=689.2km  →  International (-21.1°, -115.3°)  batt= 94.5%
[ep=  18 step=160 t=40.81h]  lat=-41.792° lon=-111.042° alt=694.5km  →  International (-41.8°, -111.0°)  batt= 97.1%
[ep=  18 step=180 t=40.91h]  lat=-20.111° lon=-115.341° alt=689.1km  →  International (-20.1°, -115.3°)  batt= 97.0%
[ep=  18 step=200 t=43.61h]  lat=-32.277° lon= +56.661° alt=684.8km  →  International (-32.3°, +56.7°)  batt= 99.6%
[ep=  19 step= 20 t= 6.67h]  lat=+23.142° lon=-123.196° alt=688.3km  →  International (+23.1°, -123.2°)  batt=100.0%
[ep=  19 step= 40 t=13.33h]  lat=+46.091° lon=-127.911° alt=693.7km  →  International (+46.1°, -127.9°)  batt=100.0%
[ep=  19 step= 60 t=20.00h]  lat=+68.404° lon=-140.148° alt=698.9km  →  International (+68.4°, -140.1°)  batt=100.0%
[ep=  19 step= 80 t=26.67h]  lat=+81.389° lon=+130.436° alt=699.4km  →  International (+81.4°, +130.4°)  batt=100.0%
[ep=  19 step=100 t=33.33h]  lat=+62.669° lon= +77.282° alt=694.6km  →  International (+62.7°, +77.3°)  batt= 99.9%
[ep=  19 step=120 t=40.00h]  lat=+40.059° lon= +68.490° alt=686.9km  →  International (+40.1°, +68.5°)  batt= 99.9%
[ep=  19 step=140 t=46.67h]  lat=+16.995° lon= +64.402° alt=680.3km  →  International (+17.0°, +64.4°)  batt= 99.8%
[ep=  20 step= 20 t= 2.13h]  lat=+70.225° lon= +83.298° alt=697.1km  →  International (+70.2°, +83.3°)  batt= 99.9%
[ep=  20 step= 40 t= 2.30h]  lat=+34.936° lon= +65.776° alt=685.5km  →  International (+34.9°, +65.8°)  batt=100.0%
[ep=  20 step= 60 t= 2.47h]  lat= -1.442° lon= +59.898° alt=679.4km  →  International (-1.4°, +59.9°)   batt=100.0%
[ep=  20 step= 80 t= 2.63h]  lat=-37.785° lon= +53.803° alt=687.4km  →  International (-37.8°, +53.8°)  batt=100.0%
[ep=  20 step=100 t= 2.80h]  lat=-72.787° lon= +32.897° alt=699.3km  →  International (-72.8°, +32.9°)  batt=100.0%
[ep=  20 step=120 t= 2.97h]  lat=-67.470° lon= -99.903° alt=700.3km  →  International (-67.5°, -99.9°)  batt=100.0%
[ep=  20 step=140 t= 3.10h]  lat=-39.834° lon=-113.083° alt=693.3km  →  International (-39.8°, -113.1°)  batt=100.0%
[ep=  20 step=160 t= 3.26h]  lat= -3.577° lon=-119.357° alt=686.2km  →  International (-3.6°, -119.4°)  batt= 99.9%
[ep=  20 step=180 t= 3.43h]  lat=+32.753° lon=-125.087° alt=690.4km  →  International (+32.8°, -125.1°)  batt= 99.8%
[ep=  20 step=200 t= 8.78h]  lat=+52.165° lon= +70.872° alt=691.4km  →  International (+52.2°, +70.9°)  batt=100.0%
[ep=  20 step=220 t=15.45h]  lat=+29.262° lon= +65.192° alt=683.8km  →  International (+29.3°, +65.2°)  batt=100.0%
[ep=  20 step=240 t=22.11h]  lat= +6.102° lon= +61.781° alt=679.3km  →  International (+6.1°, +61.8°)   batt=100.0%
[ep=  20 step=260 t=28.78h]  lat=-17.124° lon= +58.686° alt=681.0km  →  International (-17.1°, +58.7°)  batt=100.0%
[ep=  20 step=280 t=35.45h]  lat=-40.188° lon= +54.593° alt=688.4km  →  International (-40.2°, +54.6°)  batt=100.0%
[ep=  20 step=300 t=42.11h]  lat=-62.814° lon= +45.728° alt=696.4km  →  International (-62.8°, +45.7°)  batt=100.0%
[ep=  21 step= 20 t= 6.67h]  lat=+23.156° lon=-123.197° alt=688.2km  →  International (+23.2°, -123.2°)  batt= 96.4%
[ep=  21 step= 40 t=13.33h]  lat=+46.143° lon=-127.921° alt=693.9km  →  International (+46.1°, -127.9°)  batt= 93.0%
[ep=  21 step= 60 t=20.00h]  lat=+68.473° lon=-140.221° alt=698.8km  →  International (+68.5°, -140.2°)  batt= 89.5%
[ep=  21 step= 80 t=26.67h]  lat=+81.354° lon=+129.778° alt=699.6km  →  International (+81.4°, +129.8°)  batt= 86.1%
[ep=  21 step=100 t=29.44h]  lat=-17.608° lon=-116.201° alt=688.2km  →  International (-17.6°, -116.2°)  batt= 84.7%
[ep=  21 step=120 t=29.50h]  lat= -5.485° lon=-117.996° alt=686.6km  →  International (-5.5°, -118.0°)  batt= 84.7%
[ep=  21 step=140 t=30.93h]  lat=-51.508° lon=-108.452° alt=697.0km  →  International (-51.5°, -108.5°)  batt= 86.9%
[ep=  21 step=160 t=37.27h]  lat=-78.529° lon= +17.290° alt=700.9km  →  International (-78.5°, +17.3°)  batt= 83.6%
[ep=  21 step=180 t=43.94h]  lat=-73.043° lon= -90.489° alt=701.4km  →  International (-73.0°, -90.5°)  batt= 80.2%
[ep=  22 step= 20 t= 6.67h]  lat=+23.167° lon=-123.203° alt=688.3km  →  International (+23.2°, -123.2°)  batt=100.0%
[ep=  22 step= 40 t=13.33h]  lat=+46.133° lon=-127.929° alt=694.2km  →  International (+46.1°, -127.9°)  batt=100.0%
[ep=  22 step= 60 t=20.00h]  lat=+68.467° lon=-140.222° alt=699.1km  →  International (+68.5°, -140.2°)  batt=100.0%
[ep=  22 step= 80 t=26.67h]  lat=+81.353° lon=+129.790° alt=699.5km  →  International (+81.4°, +129.8°)  batt= 99.9%
[ep=  22 step=100 t=29.91h]  lat=+80.683° lon=-178.507° alt=700.0km  →  International (+80.7°, -178.5°)  batt=100.0%
[ep=  22 step=120 t=36.58h]  lat=+69.892° lon= +84.268° alt=696.8km  →  International (+69.9°, +84.3°)  batt=100.0%
[ep=  22 step=140 t=40.02h]  lat=+35.706° lon= +67.492° alt=685.0km  →  International (+35.7°, +67.5°)  batt=100.0%
[ep=  22 step=160 t=40.88h]  lat=-26.751° lon=-114.221° alt=690.5km  →  International (-26.8°, -114.2°)  batt=100.0%
[ep=  22 step=180 t=40.94h]  lat=-14.654° lon=-116.191° alt=688.1km  →  International (-14.7°, -116.2°)  batt=100.0%
[ep=  22 step=200 t=45.29h]  lat=-40.443° lon= +54.929° alt=687.8km  →  International (-40.4°, +54.9°)  batt= 99.8%
[ep=  23 step= 20 t= 6.67h]  lat=+23.161° lon=-123.198° alt=688.4km  →  International (+23.2°, -123.2°)  batt= 96.5%
[ep=  23 step= 40 t=13.33h]  lat=+46.123° lon=-127.918° alt=693.7km  →  International (+46.1°, -127.9°)  batt= 93.1%
[ep=  23 step= 60 t=20.00h]  lat=+68.446° lon=-140.184° alt=699.0km  →  International (+68.4°, -140.2°)  batt= 89.6%
[ep=  23 step= 80 t=26.67h]  lat=+81.367° lon=+130.049° alt=699.3km  →  International (+81.4°, +130.0°)  batt= 86.2%
[ep=  23 step=100 t=33.33h]  lat=+62.598° lon= +77.235° alt=694.5km  →  International (+62.6°, +77.2°)  batt= 82.7%
[ep=  23 step=120 t=40.00h]  lat=+39.968° lon= +68.476° alt=686.7km  →  International (+40.0°, +68.5°)  batt= 79.2%
[ep=  23 step=140 t=46.67h]  lat=+16.894° lon= +64.397° alt=680.2km  →  International (+16.9°, +64.4°)  batt= 75.7%
[ep=  24 step= 20 t= 6.67h]  lat=+23.174° lon=-123.202° alt=688.6km  →  International (+23.2°, -123.2°)  batt=100.0%
[ep=  24 step= 40 t=13.33h]  lat=+46.141° lon=-127.927° alt=694.2km  →  International (+46.1°, -127.9°)  batt=100.0%
[ep=  24 step= 60 t=20.00h]  lat=+68.481° lon=-140.224° alt=699.1km  →  International (+68.5°, -140.2°)  batt=100.0%
[ep=  24 step= 80 t=26.67h]  lat=+81.347° lon=+129.691° alt=699.5km  →  International (+81.3°, +129.7°)  batt=100.0%
[ep=  24 step=100 t=33.33h]  lat=+62.542° lon= +77.193° alt=694.6km  →  International (+62.5°, +77.2°)  batt=100.0%
[ep=  24 step=120 t=39.37h]  lat= +0.801° lon=-118.483° alt=686.9km  →  International (+0.8°, -118.5°)  batt=100.0%
[ep=  24 step=140 t=46.03h]  lat=+23.960° lon=-121.700° alt=689.1km  →  International (+24.0°, -121.7°)  batt=100.0%
[ep=  25 step= 20 t= 6.67h]  lat=+23.143° lon=-123.197° alt=688.2km  →  International (+23.1°, -123.2°)  batt=100.0%
[ep=  25 step= 40 t=13.33h]  lat=+46.112° lon=-127.916° alt=693.8km  →  International (+46.1°, -127.9°)  batt=100.0%
[ep=  25 step= 60 t=20.00h]  lat=+68.430° lon=-140.181° alt=698.8km  →  International (+68.4°, -140.2°)  batt=100.0%
[ep=  25 step= 80 t=26.67h]  lat=+81.376° lon=+130.168° alt=699.6km  →  International (+81.4°, +130.2°)  batt=100.0%
[ep=  25 step=100 t=28.57h]  lat=+29.054° lon= +65.692° alt=683.4km  →  International (+29.1°, +65.7°)  batt= 99.9%
[ep=  25 step=120 t=29.42h]  lat=-21.913° lon=-115.519° alt=689.0km  →  International (-21.9°, -115.5°)  batt=100.0%
[ep=  25 step=140 t=29.83h]  lat=+66.322° lon=-137.623° alt=698.5km  →  International (+66.3°, -137.6°)  batt=100.0%
[ep=  25 step=160 t=32.63h]  lat=-38.118° lon=-112.270° alt=693.4km  →  International (-38.1°, -112.3°)  batt=100.0%
[ep=  25 step=180 t=39.29h]  lat=-15.080° lon=-116.190° alt=687.7km  →  International (-15.1°, -116.2°)  batt=100.0%
[ep=  25 step=200 t=45.96h]  lat= +8.094° lon=-119.259° alt=686.9km  →  International (+8.1°, -119.3°)  batt=100.0%
[ep=  26 step= 20 t= 6.67h]  lat=+23.168° lon=-123.203° alt=688.5km  →  International (+23.2°, -123.2°)  batt= 96.5%
[ep=  26 step= 40 t=13.33h]  lat=+46.129° lon=-127.926° alt=694.2km  →  International (+46.1°, -127.9°)  batt= 93.2%
[ep=  26 step= 60 t=20.00h]  lat=+68.463° lon=-140.215° alt=699.1km  →  International (+68.5°, -140.2°)  batt= 89.8%
[ep=  26 step= 80 t=26.67h]  lat=+81.355° lon=+129.832° alt=699.5km  →  International (+81.4°, +129.8°)  batt= 86.3%
[ep=  26 step=100 t=33.33h]  lat=+62.563° lon= +77.205° alt=694.6km  →  International (+62.6°, +77.2°)  batt= 82.9%
[ep=  26 step=120 t=39.05h]  lat=-67.370° lon= -98.520° alt=700.6km  →  International (-67.4°, -98.5°)  batt= 80.0%
[ep=  26 step=140 t=39.26h]  lat=-23.472° lon=-114.854° alt=689.8km  →  International (-23.5°, -114.9°)  batt= 80.0%
[ep=  26 step=160 t=39.31h]  lat=-11.365° lon=-116.747° alt=687.7km  →  International (-11.4°, -116.7°)  batt= 79.9%
[ep=  26 step=180 t=42.01h]  lat=-40.971° lon= +54.665° alt=688.0km  →  International (-41.0°, +54.7°)  batt= 78.5%
[ep=  27 step= 20 t= 6.67h]  lat=+23.167° lon=-123.203° alt=688.1km  →  International (+23.2°, -123.2°)  batt=100.0%
[ep=  27 step= 40 t=13.33h]  lat=+46.148° lon=-127.934° alt=694.1km  →  International (+46.1°, -127.9°)  batt=100.0%
[ep=  27 step= 60 t=17.78h]  lat=-55.888° lon=-107.195° alt=697.9km  →  International (-55.9°, -107.2°)  batt=100.0%
[ep=  27 step= 80 t=17.94h]  lat=-21.753° lon=-116.023° alt=688.8km  →  International (-21.8°, -116.0°)  batt=100.0%
[ep=  27 step=100 t=18.00h]  lat= -9.639° lon=-117.883° alt=686.9km  →  International (-9.6°, -117.9°)  batt=100.0%
[ep=  27 step=120 t=19.15h]  lat=-61.864° lon= +45.417° alt=696.0km  →  International (-61.9°, +45.4°)  batt=100.0%
[ep=  27 step=140 t=22.59h]  lat=-78.943° lon= -72.608° alt=701.6km  →  International (-78.9°, -72.6°)  batt=100.0%
[ep=  27 step=160 t=26.72h]  lat=+73.291° lon= +89.256° alt=697.6km  →  International (+73.3°, +89.3°)  batt=100.0%
[ep=  27 step=180 t=32.77h]  lat= -7.199° lon=-117.630° alt=686.8km  →  International (-7.2°, -117.6°)  batt=100.0%
[ep=  27 step=200 t=39.44h]  lat=+15.974° lon=-120.708° alt=687.6km  →  International (+16.0°, -120.7°)  batt=100.0%
[ep=  27 step=220 t=46.10h]  lat=+39.048° lon=-124.709° alt=692.5km  →  International (+39.0°, -124.7°)  batt=100.0%
[ep=  28 step= 20 t= 6.67h]  lat=+23.165° lon=-123.200° alt=688.0km  →  International (+23.2°, -123.2°)  batt=100.0%
[ep=  28 step= 40 t=13.33h]  lat=+46.153° lon=-127.930° alt=694.1km  →  International (+46.2°, -127.9°)  batt=100.0%
[ep=  28 step= 60 t=17.78h]  lat=-55.889° lon=-107.193° alt=697.8km  →  International (-55.9°, -107.2°)  batt=100.0%
[ep=  28 step= 80 t=17.96h]  lat=-17.517° lon=-116.697° alt=687.9km  →  International (-17.5°, -116.7°)  batt=100.0%
[ep=  28 step=100 t=18.02h]  lat= -5.393° lon=-118.491° alt=686.4km  →  International (-5.4°, -118.5°)  batt=100.0%
[ep=  28 step=120 t=21.05h]  lat=-59.329° lon=-105.310° alt=698.8km  →  International (-59.3°, -105.3°)  batt=100.0%
[ep=  28 step=140 t=27.71h]  lat=-36.619° lon=-112.813° alt=692.5km  →  International (-36.6°, -112.8°)  batt=100.0%
[ep=  28 step=160 t=34.38h]  lat=-13.522° lon=-116.630° alt=687.6km  →  International (-13.5°, -116.6°)  batt=100.0%
[ep=  28 step=180 t=40.73h]  lat=-58.933° lon=-104.722° alt=698.9km  →  International (-58.9°, -104.7°)  batt=100.0%
[ep=  28 step=200 t=42.64h]  lat= -1.532° lon=-118.025° alt=686.7km  →  International (-1.5°, -118.0°)  batt=100.0%
[ep=  29 step= 20 t= 6.67h]  lat=+23.168° lon=-123.203° alt=688.1km  →  International (+23.2°, -123.2°)  batt=100.0%
[ep=  29 step= 40 t=13.33h]  lat=+46.149° lon=-127.933° alt=694.1km  →  International (+46.1°, -127.9°)  batt=100.0%
[ep=  29 step= 60 t=16.20h]  lat=-43.755° lon=-111.539° alt=694.5km  →  International (-43.8°, -111.5°)  batt=100.0%
[ep=  29 step= 80 t=17.94h]  lat=-21.751° lon=-116.022° alt=688.8km  →  International (-21.8°, -116.0°)  batt=100.0%
[ep=  29 step=100 t=18.37h]  lat=+70.947° lon=-143.470° alt=699.2km  →  International (+70.9°, -143.5°)  batt=100.0%
[ep=  29 step=120 t=18.54h]  lat=+69.359° lon= +82.859° alt=696.6km  →  International (+69.4°, +82.9°)  batt= 99.9%
[ep=  29 step=140 t=18.71h]  lat=+33.991° lon= +66.251° alt=684.8km  →  International (+34.0°, +66.3°)  batt= 99.9%
[ep=  29 step=160 t=18.87h]  lat= -2.399° lon= +60.435° alt=679.1km  →  International (-2.4°, +60.4°)   batt= 99.8%
[ep=  29 step=180 t=19.04h]  lat=-38.735° lon= +54.254° alt=687.5km  →  International (-38.7°, +54.3°)  batt= 99.7%
[ep=  29 step=200 t=19.21h]  lat=-73.626° lon= +31.952° alt=699.4km  →  International (-73.6°, +32.0°)  batt= 99.7%
[ep=  29 step=220 t=19.37h]  lat=-66.575° lon=-100.112° alt=700.3km  →  International (-66.6°, -100.1°)  batt=100.0%
[ep=  29 step=240 t=19.86h]  lat=+38.507° lon=-125.658° alt=692.0km  →  International (+38.5°, -125.7°)  batt=100.0%
[ep=  29 step=260 t=20.70h]  lat=-43.275° lon= +53.183° alt=689.2km  →  International (-43.3°, +53.2°)  batt= 99.7%
[ep=  29 step=280 t=20.87h]  lat=-77.403° lon= +21.506° alt=700.4km  →  International (-77.4°, +21.5°)  batt=100.0%
[ep=  29 step=300 t=22.04h]  lat=+21.827° lon= +64.157° alt=681.4km  →  International (+21.8°, +64.2°)  batt= 99.9%
[ep=  29 step=320 t=22.88h]  lat=-17.099° lon=-116.563° alt=688.1km  →  International (-17.1°, -116.6°)  batt=100.0%
[ep=  29 step=340 t=23.05h]  lat=+19.280° lon=-121.894° alt=687.9km  →  International (+19.3°, -121.9°)  batt=100.0%
[ep=  29 step=360 t=23.22h]  lat=+55.257° lon=-130.833° alt=696.4km  →  International (+55.3°, -130.8°)  batt=100.0%
[ep=  29 step=380 t=23.73h]  lat=+12.386° lon= +62.757° alt=679.8km  →  International (+12.4°, +62.8°)  batt= 99.8%
[ep=  29 step=400 t=23.89h]  lat=-24.058° lon= +57.356° alt=682.8km  →  International (-24.1°, +57.4°)  batt= 99.8%
[ep=  29 step=420 t=24.73h]  lat=+28.679° lon=-123.426° alt=689.6km  →  International (+28.7°, -123.4°)  batt=100.0%
[ep=  29 step=440 t=25.58h]  lat=-35.262° lon= +55.304° alt=686.5km  →  International (-35.3°, +55.3°)  batt= 99.7%
[ep=  29 step=460 t=26.43h]  lat=+39.841° lon=-125.700° alt=692.2km  →  International (+39.8°, -125.7°)  batt=100.0%
[ep=  29 step=480 t=26.59h]  lat=+74.567° lon=-149.778° alt=699.5km  →  International (+74.6°, -149.8°)  batt=100.0%
[ep=  29 step=500 t=27.77h]  lat=-23.360° lon=-115.349° alt=689.1km  →  International (-23.4°, -115.3°)  batt=100.0%
[ep=  29 step=520 t=27.94h]  lat=+13.014° lon=-120.727° alt=686.8km  →  International (+13.0°, -120.7°)  batt=100.0%

========================================================================
  RUN START  2026-07-01 12:17:51  stage=static-clouds  total_steps=24,192
========================================================================
[ep=  29 step= 20 t= 6.67h]  lat=+23.168° lon=-123.203° alt=688.1km  →  International (+23.2°, -123.2°)  batt= 96.5%
[ep=  29 step= 40 t=13.33h]  lat=+46.150° lon=-127.933° alt=694.1km  →  International (+46.2°, -127.9°)  batt= 93.2%
[ep=  29 step= 60 t=16.20h]  lat=-43.755° lon=-111.540° alt=694.5km  →  International (-43.8°, -111.5°)  batt= 91.7%
[ep=  29 step= 80 t=17.76h]  lat=-61.151° lon=-104.365° alt=699.1km  →  International (-61.2°, -104.4°)  batt= 90.9%
[ep=  29 step=100 t=17.94h]  lat=-22.960° lon=-115.822° alt=689.1km  →  International (-23.0°, -115.8°)  batt= 90.8%
[ep=  29 step=120 t=19.64h]  lat= -8.082° lon=-118.040° alt=686.8km  →  International (-8.1°, -118.0°)  batt= 89.9%
[ep=  29 step=140 t=26.31h]  lat=+15.103° lon=-121.109° alt=687.1km  →  International (+15.1°, -121.1°)  batt= 86.3%
[ep=  29 step=160 t=32.98h]  lat=+38.185° lon=-125.044° alt=692.0km  →  International (+38.2°, -125.0°)  batt= 82.7%
[ep=  29 step=180 t=39.64h]  lat=+60.852° lon=-133.089° alt=697.6km  →  International (+60.9°, -133.1°)  batt= 79.2%
[ep=  29 step=200 t=46.31h]  lat=+80.570° lon=-176.639° alt=699.8km  →  International (+80.6°, -176.6°)  batt= 75.6%
[ep=  30 step= 20 t= 6.67h]  lat=+23.153° lon=-123.198° alt=688.0km  →  International (+23.2°, -123.2°)  batt=100.0%
[ep=  30 step= 40 t= 9.31h]  lat=-63.377° lon= +43.965° alt=696.5km  →  International (-63.4°, +44.0°)  batt=100.0%
[ep=  30 step= 60 t=15.98h]  lat=-81.623° lon= -13.443° alt=701.2km  →  International (-81.6°, -13.4°)  batt=100.0%
[ep=  30 step= 80 t=17.90h]  lat=-31.448° lon=-114.296° alt=691.0km  →  International (-31.4°, -114.3°)  batt=100.0%
[ep=  30 step=100 t=18.01h]  lat= -6.035° lon=-118.403° alt=686.4km  →  International (-6.0°, -118.4°)  batt=100.0%
[ep=  30 step=120 t=24.68h]  lat=+17.152° lon=-121.492° alt=687.5km  →  International (+17.2°, -121.5°)  batt=100.0%
[ep=  30 step=140 t=31.04h]  lat=-26.970° lon=-114.590° alt=689.9km  →  International (-27.0°, -114.6°)  batt=100.0%
[ep=  30 step=160 t=37.71h]  lat= -3.825° lon=-117.910° alt=686.7km  →  International (-3.8°, -117.9°)  batt=100.0%
[ep=  30 step=180 t=44.37h]  lat=+19.338° lon=-121.028° alt=688.1km  →  International (+19.3°, -121.0°)  batt=100.0%
[ep=  31 step= 20 t= 6.67h]  lat=+23.144° lon=-123.194° alt=688.0km  →  International (+23.1°, -123.2°)  batt=100.0%
[ep=  31 step= 40 t=13.33h]  lat=+46.117° lon=-127.916° alt=694.0km  →  International (+46.1°, -127.9°)  batt=100.0%
[ep=  31 step= 60 t=20.00h]  lat=+68.425° lon=-140.165° alt=698.9km  →  International (+68.4°, -140.2°)  batt=100.0%
[ep=  31 step= 80 t=26.67h]  lat=+81.374° lon=+130.079° alt=699.6km  →  International (+81.4°, +130.1°)  batt=100.0%
[ep=  31 step=100 t=33.33h]  lat=+62.615° lon= +77.248° alt=694.8km  →  International (+62.6°, +77.2°)  batt= 99.9%
[ep=  31 step=120 t=40.00h]  lat=+39.996° lon= +68.475° alt=686.9km  →  International (+40.0°, +68.5°)  batt= 99.9%
[ep=  31 step=140 t=46.67h]  lat=+16.903° lon= +64.395° alt=680.1km  →  International (+16.9°, +64.4°)  batt= 99.8%
[ep=  32 step= 20 t= 6.67h]  lat=+23.158° lon=-123.197° alt=688.0km  →  International (+23.2°, -123.2°)  batt= 98.8%
[ep=  32 step= 40 t=13.33h]  lat=+46.142° lon=-127.924° alt=694.1km  →  International (+46.1°, -127.9°)  batt= 97.3%
[ep=  32 step= 60 t=17.78h]  lat=-55.909° lon=-107.184° alt=697.8km  →  International (-55.9°, -107.2°)  batt= 97.1%
[ep=  32 step= 80 t=17.98h]  lat=-12.690° lon=-117.430° alt=687.1km  →  International (-12.7°, -117.4°)  batt= 97.0%
[ep=  32 step=100 t=20.06h]  lat=+79.140° lon=-166.777° alt=699.8km  →  International (+79.1°, -166.8°)  batt= 98.1%
[ep=  32 step=120 t=26.73h]  lat=+72.241° lon= +87.346° alt=697.4km  →  International (+72.2°, +87.3°)  batt= 98.8%
[ep=  32 step=140 t=33.39h]  lat=+50.191° lon= +71.166° alt=690.5km  →  International (+50.2°, +71.2°)  batt= 98.0%
[ep=  32 step=160 t=40.06h]  lat=+27.246° lon= +65.836° alt=682.7km  →  International (+27.2°, +65.8°)  batt= 96.1%
[ep=  32 step=180 t=46.73h]  lat= +4.037° lon= +62.502° alt=678.7km  →  International (+4.0°, +62.5°)   batt= 93.4%
[ep=  33 step= 20 t= 2.78h]  lat=-69.513° lon= +37.830° alt=698.4km  →  International (-69.5°, +37.8°)  batt=100.0%
[ep=  33 step= 40 t= 3.31h]  lat= +7.346° lon=-120.908° alt=686.2km  →  International (+7.3°, -120.9°)  batt=100.0%
[ep=  33 step= 60 t= 3.78h]  lat=+68.242° lon= +80.952° alt=696.4km  →  International (+68.2°, +81.0°)  batt=100.0%
[ep=  33 step= 80 t=10.45h]  lat=+45.885° lon= +68.835° alt=689.3km  →  International (+45.9°, +68.8°)  batt=100.0%
[ep=  33 step=100 t=17.12h]  lat=+22.872° lon= +64.139° alt=682.0km  →  International (+22.9°, +64.1°)  batt= 99.9%
[ep=  33 step=120 t=23.78h]  lat= -0.314° lon= +60.944° alt=679.2km  →  International (-0.3°, +60.9°)   batt= 99.9%
[ep=  33 step=140 t=30.45h]  lat=-23.525° lon= +57.730° alt=682.5km  →  International (-23.5°, +57.7°)  batt= 99.8%
[ep=  33 step=160 t=37.12h]  lat=-46.510° lon= +52.956° alt=690.7km  →  International (-46.5°, +53.0°)  batt= 99.8%
[ep=  33 step=180 t=43.78h]  lat=-68.834° lon= +40.366° alt=698.4km  →  International (-68.8°, +40.4°)  batt= 99.9%
[ep=  34 step= 20 t= 6.67h]  lat=+23.172° lon=-123.200° alt=688.6km  →  International (+23.2°, -123.2°)  batt= 99.3%
[ep=  34 step= 40 t=13.33h]  lat=+46.155° lon=-127.929° alt=694.1km  →  International (+46.2°, -127.9°)  batt=100.0%
[ep=  34 step= 60 t=20.00h]  lat=+68.492° lon=-140.227° alt=698.9km  →  International (+68.5°, -140.2°)  batt= 99.1%
[ep=  34 step= 80 t=26.67h]  lat=+81.340° lon=+129.526° alt=699.4km  →  International (+81.3°, +129.5°)  batt=100.0%
[ep=  34 step=100 t=33.33h]  lat=+62.519° lon= +77.178° alt=694.4km  →  International (+62.5°, +77.2°)  batt=100.0%
[ep=  34 step=120 t=40.00h]  lat=+39.853° lon= +68.444° alt=686.2km  →  International (+39.9°, +68.4°)  batt= 99.9%
[ep=  34 step=140 t=46.36h]  lat=+80.308° lon=+117.926° alt=698.9km  →  International (+80.3°, +117.9°)  batt=100.0%
[ep=  35 step= 20 t= 6.67h]  lat=+23.167° lon=-123.203° alt=688.1km  →  International (+23.2°, -123.2°)  batt=100.0%
[ep=  35 step= 40 t=13.33h]  lat=+46.150° lon=-127.934° alt=694.1km  →  International (+46.2°, -127.9°)  batt=100.0%
[ep=  35 step= 60 t=16.20h]  lat=-43.755° lon=-111.540° alt=694.5km  →  International (-43.8°, -111.5°)  batt=100.0%
[ep=  35 step= 80 t=16.37h]  lat= -6.339° lon=-118.428° alt=686.5km  →  International (-6.3°, -118.4°)  batt=100.0%
[ep=  35 step=100 t=17.85h]  lat=-42.221° lon=-111.880° alt=694.1km  →  International (-42.2°, -111.9°)  batt=100.0%
[ep=  35 step=120 t=20.98h]  lat=-72.895° lon= -91.722° alt=701.3km  →  International (-72.9°, -91.7°)  batt=100.0%
[ep=  35 step=140 t=24.46h]  lat=-31.868° lon=-113.944° alt=691.4km  →  International (-31.9°, -113.9°)  batt=100.0%
[ep=  35 step=160 t=29.22h]  lat=-64.672° lon=-101.381° alt=699.9km  →  International (-64.7°, -101.4°)  batt=100.0%
[ep=  35 step=180 t=35.89h]  lat=-42.134° lon=-111.167° alt=694.4km  →  International (-42.1°, -111.2°)  batt=100.0%
[ep=  35 step=200 t=42.56h]  lat=-19.111° lon=-115.440° alt=688.8km  →  International (-19.1°, -115.4°)  batt=100.0%
[ep=  36 step= 20 t= 6.67h]  lat=+23.168° lon=-123.201° alt=688.1km  →  International (+23.2°, -123.2°)  batt=100.0%
[ep=  36 step= 40 t=13.33h]  lat=+46.148° lon=-127.928° alt=694.1km  →  International (+46.1°, -127.9°)  batt=100.0%
[ep=  36 step= 60 t=16.20h]  lat=-43.756° lon=-111.533° alt=694.5km  →  International (-43.8°, -111.5°)  batt=100.0%
[ep=  36 step= 80 t=17.73h]  lat=-66.897° lon= -99.865° alt=700.2km  →  International (-66.9°, -99.9°)  batt=100.0%
[ep=  36 step=100 t=17.93h]  lat=-24.774° lon=-115.508° alt=689.5km  →  International (-24.8°, -115.5°)  batt=100.0%
[ep=  36 step=120 t=21.33h]  lat= +1.965° lon=-119.396° alt=686.5km  →  International (+2.0°, -119.4°)  batt=100.0%
[ep=  36 step=140 t=28.00h]  lat=+25.117° lon=-122.647° alt=688.7km  →  International (+25.1°, -122.6°)  batt=100.0%
[ep=  36 step=160 t=34.66h]  lat=+48.080° lon=-127.640° alt=694.7km  →  International (+48.1°, -127.6°)  batt=100.0%
[ep=  36 step=180 t=41.33h]  lat=+70.276° lon=-141.565° alt=699.1km  →  International (+70.3°, -141.6°)  batt=100.0%
[ep=  36 step=200 t=48.00h]  lat=+80.459° lon=+119.402° alt=699.0km  →  International (+80.5°, +119.4°)  batt=100.0%
[ep=  37 step= 20 t= 6.67h]  lat=+23.181° lon=-123.202° alt=688.3km  →  International (+23.2°, -123.2°)  batt=100.0%
[ep=  37 step= 40 t=13.33h]  lat=+46.200° lon=-127.943° alt=694.0km  →  International (+46.2°, -127.9°)  batt=100.0%
[ep=  37 step= 60 t=20.00h]  lat=+68.550° lon=-140.302° alt=698.7km  →  International (+68.5°, -140.3°)  batt=100.0%
[ep=  37 step= 80 t=26.67h]  lat=+81.312° lon=+129.008° alt=699.4km  →  International (+81.3°, +129.0°)  batt=100.0%
[ep=  37 step=100 t=32.38h]  lat=-81.744° lon= -16.141° alt=701.4km  →  International (-81.7°, -16.1°)  batt=100.0%
[ep=  37 step=120 t=33.34h]  lat=+61.247° lon= +76.339° alt=693.7km  →  International (+61.2°, +76.3°)  batt= 99.9%
[ep=  37 step=140 t=34.31h]  lat=-29.735° lon=-113.940° alt=691.1km  →  International (-29.7°, -113.9°)  batt=100.0%
[ep=  37 step=160 t=40.97h]  lat= -6.583° lon=-117.368° alt=686.9km  →  International (-6.6°, -117.4°)  batt=100.0%
[ep=  37 step=180 t=47.64h]  lat=+16.631° lon=-120.455° alt=687.7km  →  International (+16.6°, -120.5°)  batt=100.0%
[ep=  38 step= 20 t= 6.67h]  lat=+23.155° lon=-123.198° alt=688.0km  →  International (+23.2°, -123.2°)  batt=100.0%
[ep=  38 step= 40 t=13.33h]  lat=+46.136° lon=-127.926° alt=694.0km  →  International (+46.1°, -127.9°)  batt=100.0%
[ep=  38 step= 60 t=17.78h]  lat=-55.919° lon=-107.184° alt=697.8km  →  International (-55.9°, -107.2°)  batt=100.0%
[ep=  38 step= 80 t=17.99h]  lat=-10.881° lon=-117.701° alt=686.9km  →  International (-10.9°, -117.7°)  batt=100.0%
[ep=  38 step=100 t=18.71h]  lat=+33.421° lon= +66.132° alt=684.8km  →  International (+33.4°, +66.1°)  batt=100.0%
[ep=  38 step=120 t=25.38h]  lat=+10.264° lon= +62.512° alt=679.7km  →  International (+10.3°, +62.5°)  batt=100.0%
[ep=  38 step=140 t=32.04h]  lat=-12.959° lon= +59.448° alt=680.4km  →  International (-13.0°, +59.4°)  batt=100.0%
[ep=  38 step=160 t=38.71h]  lat=-36.081° lon= +55.666° alt=686.5km  →  International (-36.1°, +55.7°)  batt=100.0%
[ep=  38 step=180 t=45.38h]  lat=-58.847° lon= +48.307° alt=695.0km  →  International (-58.8°, +48.3°)  batt=100.0%
[ep=  39 step= 20 t= 6.67h]  lat=+23.175° lon=-123.204° alt=688.3km  →  International (+23.2°, -123.2°)  batt= 96.6%
[ep=  39 step= 40 t=13.33h]  lat=+46.189° lon=-127.942° alt=694.0km  →  International (+46.2°, -127.9°)  batt= 93.0%
[ep=  39 step= 60 t=20.00h]  lat=+68.533° lon=-140.294° alt=698.8km  →  International (+68.5°, -140.3°)  batt= 89.3%
[ep=  39 step= 80 t=26.67h]  lat=+81.321° lon=+129.177° alt=699.5km  →  International (+81.3°, +129.2°)  batt= 85.7%
[ep=  39 step=100 t=33.33h]  lat=+62.435° lon= +77.117° alt=694.2km  →  International (+62.4°, +77.1°)  batt= 82.2%
[ep=  39 step=120 t=40.00h]  lat=+39.761° lon= +68.411° alt=686.5km  →  International (+39.8°, +68.4°)  batt= 78.8%
[ep=  39 step=140 t=46.67h]  lat=+16.634° lon= +64.343° alt=679.9km  →  International (+16.6°, +64.3°)  batt= 75.3%
[ep=  40 step= 20 t= 1.40h]  lat=-51.497° lon=-109.683° alt=696.5km  →  International (-51.5°, -109.7°)  batt=100.0%
[ep=  40 step= 40 t= 8.07h]  lat=-28.605° lon=-115.235° alt=690.3km  →  International (-28.6°, -115.2°)  batt=100.0%
[ep=  40 step= 60 t=14.74h]  lat= -5.485° lon=-118.610° alt=686.2km  →  International (-5.5°, -118.6°)  batt=100.0%
[ep=  40 step= 80 t=21.40h]  lat=+17.682° lon=-121.704° alt=687.7km  →  International (+17.7°, -121.7°)  batt=100.0%
[ep=  40 step=100 t=28.07h]  lat=+40.716° lon=-125.842° alt=692.6km  →  International (+40.7°, -125.8°)  batt=100.0%
[ep=  40 step=120 t=34.74h]  lat=+63.293° lon=-134.911° alt=697.9km  →  International (+63.3°, -134.9°)  batt=100.0%
[ep=  40 step=140 t=41.40h]  lat=+81.598° lon=+168.173° alt=699.7km  →  International (+81.6°, +168.2°)  batt=100.0%
[ep=  40 step=160 t=48.00h]  lat=+80.187° lon=+116.954° alt=699.0km  →  International (+80.2°, +117.0°)  batt=100.0%
[ep=  41 step= 20 t= 6.67h]  lat=+23.159° lon=-123.198° alt=688.2km  →  International (+23.2°, -123.2°)  batt=100.0%
[ep=  41 step= 40 t=13.33h]  lat=+46.150° lon=-127.923° alt=693.9km  →  International (+46.2°, -127.9°)  batt=100.0%
[ep=  41 step= 60 t=20.00h]  lat=+68.483° lon=-140.231° alt=698.8km  →  International (+68.5°, -140.2°)  batt=100.0%
[ep=  41 step= 80 t=26.67h]  lat=+81.349° lon=+129.685° alt=699.6km  →  International (+81.3°, +129.7°)  batt= 97.4%
[ep=  41 step=100 t=29.45h]  lat=-15.774° lon=-116.483° alt=687.9km  →  International (-15.8°, -116.5°)  batt=100.0%
[ep=  41 step=120 t=30.17h]  lat=+38.281° lon= +67.673° alt=686.1km  →  International (+38.3°, +67.7°)  batt=100.0%
[ep=  41 step=140 t=36.52h]  lat=+79.340° lon=+110.319° alt=698.9km  →  International (+79.3°, +110.3°)  batt= 99.9%
[ep=  41 step=160 t=43.19h]  lat=+58.836° lon= +75.343° alt=693.2km  →  International (+58.8°, +75.3°)  batt=100.0%
[ep=  42 step= 20 t= 6.67h]  lat=+23.142° lon=-123.195° alt=688.0km  →  International (+23.1°, -123.2°)  batt=100.0%
[ep=  42 step= 40 t=13.33h]  lat=+46.114° lon=-127.919° alt=694.0km  →  International (+46.1°, -127.9°)  batt=100.0%
[ep=  42 step= 60 t=20.00h]  lat=+68.421° lon=-140.168° alt=698.9km  →  International (+68.4°, -140.2°)  batt=100.0%
[ep=  42 step= 80 t=26.67h]  lat=+81.376° lon=+130.107° alt=699.6km  →  International (+81.4°, +130.1°)  batt=100.0%
[ep=  42 step=100 t=33.33h]  lat=+62.621° lon= +77.243° alt=694.8km  →  International (+62.6°, +77.2°)  batt= 99.9%
[ep=  42 step=120 t=40.00h]  lat=+40.004° lon= +68.465° alt=686.9km  →  International (+40.0°, +68.5°)  batt= 99.9%
[ep=  42 step=140 t=46.67h]  lat=+16.913° lon= +64.382° alt=680.1km  →  International (+16.9°, +64.4°)  batt= 99.8%
[ep=  43 step= 20 t= 6.67h]  lat=+23.171° lon=-123.202° alt=688.7km  →  International (+23.2°, -123.2°)  batt=100.0%
[ep=  43 step= 40 t=13.33h]  lat=+46.147° lon=-127.931° alt=694.1km  →  International (+46.1°, -127.9°)  batt=100.0%
[ep=  43 step= 60 t=20.00h]  lat=+68.482° lon=-140.222° alt=698.9km  →  International (+68.5°, -140.2°)  batt=100.0%
[ep=  43 step= 80 t=26.67h]  lat=+81.345° lon=+129.626° alt=699.4km  →  International (+81.3°, +129.6°)  batt=100.0%
[ep=  43 step=100 t=33.33h]  lat=+62.538° lon= +77.182° alt=694.5km  →  International (+62.5°, +77.2°)  batt= 99.9%
[ep=  43 step=120 t=40.00h]  lat=+39.876° lon= +68.440° alt=686.2km  →  International (+39.9°, +68.4°)  batt= 99.9%
[ep=  43 step=140 t=46.67h]  lat=+16.779° lon= +64.369° alt=680.0km  →  International (+16.8°, +64.4°)  batt= 99.8%
[ep=  44 step= 20 t= 6.67h]  lat=+23.181° lon=-123.202° alt=688.3km  →  International (+23.2°, -123.2°)  batt= 98.4%
[ep=  44 step= 40 t=13.33h]  lat=+46.200° lon=-127.943° alt=694.1km  →  International (+46.2°, -127.9°)  batt= 95.2%
[ep=  44 step= 60 t=20.00h]  lat=+68.551° lon=-140.303° alt=698.7km  →  International (+68.6°, -140.3°)  batt= 92.4%
[ep=  44 step= 80 t=26.67h]  lat=+81.311° lon=+128.998° alt=699.4km  →  International (+81.3°, +129.0°)  batt= 89.5%
[ep=  44 step=100 t=32.38h]  lat=-81.744° lon= -16.152° alt=701.4km  →  International (-81.7°, -16.2°)  batt= 86.9%
[ep=  44 step=120 t=32.68h]  lat=-26.460° lon=-114.606° alt=690.3km  →  International (-26.5°, -114.6°)  batt= 86.8%
[ep=  44 step=140 t=34.17h]  lat=-58.944° lon=-104.982° alt=699.0km  →  International (-58.9°, -105.0°)  batt= 86.4%
[ep=  44 step=160 t=34.68h]  lat=+51.170° lon=-128.701° alt=695.3km  →  International (+51.2°, -128.7°)  batt= 86.2%
[ep=  44 step=180 t=41.34h]  lat=+73.129° lon=-146.118° alt=699.2km  →  International (+73.1°, -146.1°)  batt= 83.5%
[ep=  44 step=200 t=48.00h]  lat=+80.018° lon=+115.563° alt=698.7km  →  International (+80.0°, +115.6°)  batt= 81.4%
[ep=  45 step= 20 t= 6.67h]  lat=+23.173° lon=-123.201° alt=688.2km  →  International (+23.2°, -123.2°)  batt=100.0%
[ep=  45 step= 40 t=13.33h]  lat=+46.185° lon=-127.937° alt=694.0km  →  International (+46.2°, -127.9°)  batt=100.0%
[ep=  45 step= 60 t=20.00h]  lat=+68.529° lon=-140.283° alt=698.8km  →  International (+68.5°, -140.3°)  batt=100.0%
[ep=  45 step= 80 t=26.67h]  lat=+81.324° lon=+129.234° alt=699.5km  →  International (+81.3°, +129.2°)  batt=100.0%
[ep=  45 step=100 t=29.53h]  lat= +2.498° lon=-119.133° alt=686.4km  →  International (+2.5°, -119.1°)  batt=100.0%
[ep=  45 step=120 t=29.60h]  lat=+16.444° lon=-121.173° alt=687.5km  →  International (+16.4°, -121.2°)  batt=100.0%
[ep=  45 step=140 t=34.93h]  lat=+70.630° lon= +85.203° alt=696.6km  →  International (+70.6°, +85.2°)  batt=100.0%
[ep=  45 step=160 t=41.60h]  lat=+48.414° lon= +70.906° alt=689.5km  →  International (+48.4°, +70.9°)  batt= 99.9%
[ep=  45 step=180 t=48.00h]  lat=+80.053° lon=+115.845° alt=698.8km  →  International (+80.1°, +115.8°)  batt=100.0%
[ep=  46 step= 20 t= 6.67h]  lat=+23.165° lon=-123.200° alt=688.2km  →  International (+23.2°, -123.2°)  batt= 96.9%
[ep=  46 step= 40 t=13.33h]  lat=+46.165° lon=-127.931° alt=693.9km  →  International (+46.2°, -127.9°)  batt= 93.7%
[ep=  46 step= 60 t=20.00h]  lat=+68.502° lon=-140.258° alt=698.8km  →  International (+68.5°, -140.3°)  batt= 90.7%
[ep=  46 step= 80 t=26.67h]  lat=+81.338° lon=+129.489° alt=699.6km  →  International (+81.3°, +129.5°)  batt= 87.3%
[ep=  46 step=100 t=29.47h]  lat=-11.499° lon=-117.132° alt=687.2km  →  International (-11.5°, -117.1°)  batt= 85.9%
[ep=  46 step=120 t=29.52h]  lat= +0.633° lon=-118.871° alt=686.4km  →  International (+0.6°, -118.9°)  batt= 85.9%
[ep=  46 step=140 t=34.56h]  lat=+25.289° lon=-122.411° alt=689.1km  →  International (+25.3°, -122.4°)  batt= 83.5%
[ep=  46 step=160 t=41.23h]  lat=+48.244° lon=-127.426° alt=694.4km  →  International (+48.2°, -127.4°)  batt= 81.2%
[ep=  46 step=180 t=47.89h]  lat=+70.450° lon=-141.527° alt=699.1km  →  International (+70.4°, -141.5°)  batt= 78.0%
[ep=  47 step= 20 t= 6.67h]  lat=+23.162° lon=-123.199° alt=688.2km  →  International (+23.2°, -123.2°)  batt= 99.1%
[ep=  47 step= 40 t=13.33h]  lat=+46.159° lon=-127.926° alt=693.9km  →  International (+46.2°, -127.9°)  batt= 99.8%
[ep=  47 step= 60 t=20.00h]  lat=+68.494° lon=-140.244° alt=698.8km  →  International (+68.5°, -140.2°)  batt=100.0%
[ep=  47 step= 80 t=26.67h]  lat=+81.343° lon=+129.578° alt=699.6km  →  International (+81.3°, +129.6°)  batt=100.0%
[ep=  47 step=100 t=29.46h]  lat=-12.726° lon=-116.944° alt=687.4km  →  International (-12.7°, -116.9°)  batt= 99.7%
[ep=  47 step=120 t=29.52h]  lat= -0.596° lon=-118.691° alt=686.4km  →  International (-0.6°, -118.7°)  batt= 99.7%
[ep=  47 step=140 t=35.86h]  lat=-49.282° lon=-109.040° alt=696.5km  →  International (-49.3°, -109.0°)  batt= 99.9%
[ep=  47 step=160 t=42.52h]  lat=-26.359° lon=-114.209° alt=690.1km  →  International (-26.4°, -114.2°)  batt= 98.8%
[ep=  48 step= 20 t= 6.67h]  lat=+23.174° lon=-123.201° alt=688.6km  →  International (+23.2°, -123.2°)  batt= 98.7%
[ep=  48 step= 40 t=13.33h]  lat=+46.167° lon=-127.934° alt=694.1km  →  International (+46.2°, -127.9°)  batt= 98.4%
[ep=  48 step= 60 t=20.00h]  lat=+68.507° lon=-140.249° alt=698.9km  →  International (+68.5°, -140.2°)  batt= 99.0%
[ep=  48 step= 80 t=25.12h]  lat=+64.095° lon= +77.993° alt=695.0km  →  International (+64.1°, +78.0°)  batt= 96.4%
[ep=  48 step=100 t=25.36h]  lat=+13.233° lon= +62.955° alt=679.6km  →  International (+13.2°, +63.0°)  batt=100.0%
[ep=  48 step=120 t=27.73h]  lat=-32.966° lon=-113.587° alt=692.0km  →  International (-33.0°, -113.6°)  batt= 99.9%
[ep=  48 step=140 t=34.40h]  lat= -9.861° lon=-117.171° alt=687.4km  →  International (-9.9°, -117.2°)  batt= 99.1%
[ep=  48 step=160 t=41.06h]  lat=+13.342° lon=-120.230° alt=687.5km  →  International (+13.3°, -120.2°)  batt= 98.8%
[ep=  48 step=180 t=47.11h]  lat=-78.309° lon= +18.752° alt=700.7km  →  International (-78.3°, +18.8°)  batt= 98.2%
[ep=  49 step= 20 t= 6.67h]  lat=+23.171° lon=-123.203° alt=688.6km  →  International (+23.2°, -123.2°)  batt=100.0%
[ep=  49 step= 40 t=13.33h]  lat=+46.133° lon=-127.929° alt=694.2km  →  International (+46.1°, -127.9°)  batt=100.0%
[ep=  49 step= 60 t=20.00h]  lat=+68.470° lon=-140.221° alt=699.1km  →  International (+68.5°, -140.2°)  batt=100.0%
[ep=  49 step= 80 t=26.67h]  lat=+81.352° lon=+129.778° alt=699.5km  →  International (+81.4°, +129.8°)  batt=100.0%
[ep=  49 step=100 t=33.33h]  lat=+62.557° lon= +77.197° alt=694.6km  →  International (+62.6°, +77.2°)  batt= 99.9%
[ep=  49 step=120 t=39.37h]  lat= +0.779° lon=-118.490° alt=686.9km  →  International (+0.8°, -118.5°)  batt=100.0%
[ep=  49 step=140 t=40.91h]  lat=-20.700° lon=-115.247° alt=689.4km  →  International (-20.7°, -115.2°)  batt=100.0%
[ep=  49 step=160 t=40.96h]  lat= -8.586° lon=-117.087° alt=687.5km  →  International (-8.6°, -117.1°)  batt=100.0%
[ep=  49 step=180 t=47.63h]  lat=+14.584° lon=-120.149° alt=687.6km  →  International (+14.6°, -120.1°)  batt=100.0%
[ep=  50 step= 20 t= 5.43h]  lat=+66.235° lon= +78.993° alt=696.1km  →  International (+66.2°, +79.0°)  batt=100.0%
[ep=  50 step= 40 t= 8.01h]  lat=-41.238° lon=-112.534° alt=693.4km  →  International (-41.2°, -112.5°)  batt= 99.8%
[ep=  50 step= 60 t=14.68h]  lat=-18.200° lon=-116.725° alt=688.0km  →  International (-18.2°, -116.7°)  batt=100.0%
[ep=  50 step= 80 t=17.86h]  lat=-39.243° lon=-112.617° alt=693.2km  →  International (-39.2°, -112.6°)  batt= 98.7%
[ep=  50 step=100 t=17.99h]  lat=-10.866° lon=-117.698° alt=686.9km  →  International (-10.9°, -117.7°)  batt=100.0%
[ep=  50 step=120 t=18.80h]  lat=+14.030° lon= +62.806° alt=680.1km  →  International (+14.0°, +62.8°)  batt=100.0%
[ep=  50 step=140 t=19.62h]  lat=-12.950° lon=-117.321° alt=687.2km  →  International (-13.0°, -117.3°)  batt=100.0%
[ep=  50 step=160 t=25.97h]  lat=-59.543° lon=-104.989° alt=698.9km  →  International (-59.5°, -105.0°)  batt=100.0%
[ep=  50 step=180 t=32.63h]  lat=-36.834° lon=-112.559° alt=692.6km  →  International (-36.8°, -112.6°)  batt=100.0%
[ep=  50 step=200 t=39.30h]  lat=-13.760° lon=-116.389° alt=687.7km  →  International (-13.8°, -116.4°)  batt= 99.8%
[ep=  50 step=220 t=45.97h]  lat= +9.429° lon=-119.447° alt=687.0km  →  International (+9.4°, -119.4°)  batt=100.0%
[ep=  51 step= 20 t= 6.67h]  lat=+23.175° lon=-123.200° alt=688.6km  →  International (+23.2°, -123.2°)  batt=100.0%
[ep=  51 step= 40 t=13.33h]  lat=+46.172° lon=-127.932° alt=694.1km  →  International (+46.2°, -127.9°)  batt=100.0%
[ep=  51 step= 60 t=20.00h]  lat=+68.513° lon=-140.249° alt=698.8km  →  International (+68.5°, -140.2°)  batt=100.0%
[ep=  51 step= 80 t=25.12h]  lat=+64.087° lon= +77.992° alt=695.0km  →  International (+64.1°, +78.0°)  batt=100.0%
[ep=  51 step=100 t=28.01h]  lat=+28.791° lon=-123.300° alt=690.0km  →  International (+28.8°, -123.3°)  batt=100.0%
[ep=  51 step=120 t=34.05h]  lat=-81.280° lon= -51.170° alt=701.8km  →  International (-81.3°, -51.2°)  batt=100.0%
[ep=  51 step=140 t=34.33h]  lat=-24.982° lon=-114.792° alt=690.1km  →  International (-25.0°, -114.8°)  batt=100.0%
[ep=  51 step=160 t=39.34h]  lat= -4.572° lon=-117.719° alt=687.2km  →  International (-4.6°, -117.7°)  batt=100.0%
[ep=  51 step=180 t=46.01h]  lat=+18.607° lon=-120.822° alt=688.0km  →  International (+18.6°, -120.8°)  batt= 99.7%
[ep=  52 step= 20 t= 6.67h]  lat=+23.173° lon=-123.201° alt=688.6km  →  International (+23.2°, -123.2°)  batt= 96.5%
[ep=  52 step= 40 t=13.33h]  lat=+46.147° lon=-127.928° alt=694.1km  →  International (+46.1°, -127.9°)  batt= 93.0%
[ep=  52 step= 60 t=20.00h]  lat=+68.484° lon=-140.221° alt=699.0km  →  International (+68.5°, -140.2°)  batt= 89.6%
[ep=  52 step= 80 t=26.67h]  lat=+81.345° lon=+129.627° alt=699.4km  →  International (+81.3°, +129.6°)  batt= 86.1%
[ep=  52 step=100 t=33.33h]  lat=+62.536° lon= +77.186° alt=694.5km  →  International (+62.5°, +77.2°)  batt= 82.6%
[ep=  52 step=120 t=39.05h]  lat=-67.320° lon= -98.571° alt=700.8km  →  International (-67.3°, -98.6°)  batt= 79.7%
[ep=  52 step=140 t=39.97h]  lat=+47.061° lon= +70.406° alt=688.7km  →  International (+47.1°, +70.4°)  batt= 79.2%
[ep=  52 step=160 t=46.63h]  lat=+24.053° lon= +65.553° alt=681.5km  →  International (+24.1°, +65.6°)  batt= 75.8%
[ep=  53 step= 20 t= 6.67h]  lat=+23.141° lon=-123.193° alt=688.0km  →  International (+23.1°, -123.2°)  batt=100.0%
[ep=  53 step= 40 t=13.33h]  lat=+46.112° lon=-127.914° alt=694.0km  →  International (+46.1°, -127.9°)  batt=100.0%
[ep=  53 step= 60 t=20.00h]  lat=+68.417° lon=-140.156° alt=698.9km  →  International (+68.4°, -140.2°)  batt=100.0%
[ep=  53 step= 80 t=26.67h]  lat=+81.378° lon=+130.143° alt=699.6km  →  International (+81.4°, +130.1°)  batt=100.0%
[ep=  53 step=100 t=33.33h]  lat=+62.628° lon= +77.256° alt=694.8km  →  International (+62.6°, +77.3°)  batt= 99.9%
[ep=  53 step=120 t=40.00h]  lat=+40.012° lon= +68.478° alt=686.9km  →  International (+40.0°, +68.5°)  batt= 99.9%
[ep=  53 step=140 t=46.67h]  lat=+16.923° lon= +64.398° alt=680.1km  →  International (+16.9°, +64.4°)  batt= 99.8%
[ep=  54 step= 20 t= 6.67h]  lat=+23.168° lon=-123.202° alt=688.1km  →  International (+23.2°, -123.2°)  batt=100.0%
[ep=  54 step= 40 t=13.33h]  lat=+46.150° lon=-127.931° alt=694.1km  →  International (+46.1°, -127.9°)  batt=100.0%
[ep=  54 step= 60 t=17.78h]  lat=-55.886° lon=-107.192° alt=697.9km  →  International (-55.9°, -107.2°)  batt=100.0%
[ep=  54 step= 80 t=17.94h]  lat=-21.751° lon=-116.019° alt=688.8km  →  International (-21.8°, -116.0°)  batt=100.0%
[ep=  54 step=100 t=18.99h]  lat=-27.884° lon= +56.482° alt=683.8km  →  International (-27.9°, +56.5°)  batt=100.0%
[ep=  54 step=120 t=25.02h]  lat=+81.876° lon=+143.865° alt=699.6km  →  International (+81.9°, +143.9°)  batt=100.0%
[ep=  54 step=140 t=31.06h]  lat=-22.680° lon=-115.324° alt=689.0km  →  International (-22.7°, -115.3°)  batt=100.0%
[ep=  54 step=160 t=37.73h]  lat= +0.484° lon=-118.514° alt=686.6km  →  International (+0.5°, -118.5°)  batt= 99.9%
[ep=  54 step=180 t=44.39h]  lat=+23.654° lon=-121.727° alt=688.9km  →  International (+23.7°, -121.7°)  batt=100.0%
[ep=  55 step= 20 t= 6.67h]  lat=+23.171° lon=-123.200° alt=688.7km  →  International (+23.2°, -123.2°)  batt= 99.3%
[ep=  55 step= 40 t=13.33h]  lat=+46.152° lon=-127.928° alt=694.1km  →  International (+46.2°, -127.9°)  batt=100.0%
[ep=  55 step= 60 t=20.00h]  lat=+68.488° lon=-140.223° alt=698.9km  →  International (+68.5°, -140.2°)  batt= 99.8%
[ep=  55 step= 80 t=26.67h]  lat=+81.342° lon=+129.573° alt=699.4km  →  International (+81.3°, +129.6°)  batt=100.0%
[ep=  55 step=100 t=33.33h]  lat=+62.528° lon= +77.183° alt=694.4km  →  International (+62.5°, +77.2°)  batt= 99.9%
[ep=  55 step=120 t=38.39h]  lat=+32.369° lon= +66.739° alt=683.6km  →  International (+32.4°, +66.7°)  batt= 99.5%
[ep=  55 step=140 t=45.06h]  lat= +9.205° lon= +63.181° alt=679.0km  →  International (+9.2°, +63.2°)   batt=100.0%
[ep=  56 step= 20 t= 6.67h]  lat=+23.167° lon=-123.203° alt=688.2km  →  International (+23.2°, -123.2°)  batt= 96.5%
[ep=  56 step= 40 t=13.33h]  lat=+46.140° lon=-127.930° alt=694.2km  →  International (+46.1°, -127.9°)  batt= 93.0%
[ep=  56 step= 60 t=20.00h]  lat=+68.475° lon=-140.231° alt=698.9km  →  International (+68.5°, -140.2°)  batt= 89.5%
[ep=  56 step= 80 t=26.67h]  lat=+81.349° lon=+129.711° alt=699.5km  →  International (+81.3°, +129.7°)  batt= 86.0%
[ep=  56 step=100 t=33.33h]  lat=+62.535° lon= +77.187° alt=694.5km  →  International (+62.5°, +77.2°)  batt= 82.6%
[ep=  56 step=120 t=40.00h]  lat=+39.899° lon= +68.449° alt=686.5km  →  International (+39.9°, +68.4°)  batt= 79.2%
[ep=  56 step=140 t=40.89h]  lat=-24.923° lon=-114.543° alt=690.0km  →  International (-24.9°, -114.5°)  batt= 78.8%
[ep=  56 step=160 t=40.94h]  lat=-12.820° lon=-116.468° alt=687.8km  →  International (-12.8°, -116.5°)  batt= 78.7%
[ep=  56 step=180 t=47.61h]  lat=+10.368° lon=-119.525° alt=687.2km  →  International (+10.4°, -119.5°)  batt= 75.2%
[ep=  57 step= 20 t= 6.67h]  lat=+23.169° lon=-123.202° alt=688.5km  →  International (+23.2°, -123.2°)  batt= 99.9%
[ep=  57 step= 40 t=13.33h]  lat=+46.131° lon=-127.926° alt=694.2km  →  International (+46.1°, -127.9°)  batt=100.0%
[ep=  57 step= 60 t=20.00h]  lat=+68.467° lon=-140.216° alt=699.1km  →  International (+68.5°, -140.2°)  batt=100.0%
[ep=  57 step= 80 t=26.67h]  lat=+81.354° lon=+129.807° alt=699.5km  →  International (+81.4°, +129.8°)  batt=100.0%
[ep=  57 step=100 t=29.58h]  lat=+12.111° lon=-120.520° alt=687.1km  →  International (+12.1°, -120.5°)  batt=100.0%
[ep=  57 step=120 t=34.02h]  lat=-81.467° lon=  -9.303° alt=701.3km  →  International (-81.5°, -9.3°)   batt=100.0%
[ep=  57 step=140 t=37.51h]  lat=-46.038° lon=-110.003° alt=695.7km  →  International (-46.0°, -110.0°)  batt=100.0%
[ep=  57 step=160 t=39.07h]  lat=-63.941° lon=-101.542° alt=700.1km  →  International (-63.9°, -101.5°)  batt=100.0%
[ep=  57 step=180 t=39.26h]  lat=-22.860° lon=-114.953° alt=689.7km  →  International (-22.9°, -115.0°)  batt=100.0%
[ep=  57 step=200 t=42.95h]  lat=+66.055° lon=-136.828° alt=698.7km  →  International (+66.1°, -136.8°)  batt=100.0%
[ep=  58 step= 20 t= 6.67h]  lat=+23.181° lon=-123.203° alt=688.4km  →  International (+23.2°, -123.2°)  batt=100.0%
[ep=  58 step= 40 t=13.33h]  lat=+46.199° lon=-127.945° alt=694.1km  →  International (+46.2°, -127.9°)  batt=100.0%
[ep=  58 step= 60 t=20.00h]  lat=+68.549° lon=-140.305° alt=698.7km  →  International (+68.5°, -140.3°)  batt=100.0%
[ep=  58 step= 80 t=26.67h]  lat=+81.312° lon=+129.007° alt=699.4km  →  International (+81.3°, +129.0°)  batt=100.0%
[ep=  58 step=100 t=31.11h]  lat=-11.075° lon=-117.131° alt=687.3km  →  International (-11.1°, -117.1°)  batt=100.0%
[ep=  58 step=120 t=34.28h]  lat=-34.554° lon=-112.990° alt=692.4km  →  International (-34.6°, -113.0°)  batt=100.0%
[ep=  58 step=140 t=40.31h]  lat=-28.178° lon= +57.311° alt=683.8km  →  International (-28.2°, +57.3°)  batt= 99.7%
[ep=  58 step=160 t=46.98h]  lat=-51.143° lon= +51.808° alt=692.0km  →  International (-51.1°, +51.8°)  batt=100.0%
[ep=  59 step= 20 t= 6.67h]  lat=+23.137° lon=-123.195° alt=688.2km  →  International (+23.1°, -123.2°)  batt=100.0%
[ep=  59 step= 40 t=13.33h]  lat=+46.096° lon=-127.910° alt=693.8km  →  International (+46.1°, -127.9°)  batt=100.0%
[ep=  59 step= 60 t=19.37h]  lat=-67.228° lon= -99.471° alt=700.3km  →  International (-67.2°, -99.5°)  batt=100.0%
[ep=  59 step= 80 t=26.04h]  lat=-44.860° lon=-110.822° alt=695.0km  →  International (-44.9°, -110.8°)  batt=100.0%
[ep=  59 step=100 t=28.25h]  lat=+78.119° lon=-161.169° alt=699.8km  →  International (+78.1°, -161.2°)  batt=100.0%
[ep=  59 step=120 t=29.41h]  lat=-25.573° lon=-114.897° alt=689.9km  →  International (-25.6°, -114.9°)  batt=100.0%
[ep=  59 step=140 t=30.12h]  lat=+47.983° lon= +70.294° alt=689.5km  →  International (+48.0°, +70.3°)  batt= 99.9%
[ep=  59 step=160 t=36.79h]  lat=+25.011° lon= +65.310° alt=682.3km  →  International (+25.0°, +65.3°)  batt= 99.9%
[ep=  59 step=180 t=43.46h]  lat= +1.832° lon= +62.056° alt=679.1km  →  International (+1.8°, +62.1°)   batt= 99.8%
[ep=  60 step= 20 t= 6.67h]  lat=+23.169° lon=-123.201° alt=688.1km  →  International (+23.2°, -123.2°)  batt= 99.8%
[ep=  60 step= 40 t=13.33h]  lat=+46.148° lon=-127.928° alt=694.1km  →  International (+46.1°, -127.9°)  batt= 99.8%
[ep=  60 step= 60 t=16.20h]  lat=-43.755° lon=-111.533° alt=694.5km  →  International (-43.8°, -111.5°)  batt= 99.9%
[ep=  60 step= 80 t=17.34h]  lat=-26.935° lon= +56.588° alt=683.6km  →  International (-26.9°, +56.6°)  batt=100.0%
[ep=  60 step=100 t=17.86h]  lat=-39.826° lon=-112.474° alt=693.5km  →  International (-39.8°, -112.5°)  batt= 99.9%
[ep=  60 step=120 t=18.60h]  lat=+57.271° lon= +73.507° alt=692.8km  →  International (+57.3°, +73.5°)  batt=100.0%
[ep=  60 step=140 t=25.26h]  lat=+34.457° lon= +66.625° alt=685.1km  →  International (+34.5°, +66.6°)  batt=100.0%
[ep=  60 step=160 t=31.93h]  lat=+11.303° lon= +62.946° alt=679.5km  →  International (+11.3°, +62.9°)  batt=100.0%
[ep=  60 step=180 t=38.60h]  lat=-11.924° lon= +59.884° alt=679.8km  →  International (-11.9°, +59.9°)  batt=100.0%
[ep=  60 step=200 t=45.26h]  lat=-35.084° lon= +56.164° alt=685.9km  →  International (-35.1°, +56.2°)  batt=100.0%
[ep=  61 step= 20 t= 6.67h]  lat=+23.171° lon=-123.202° alt=688.6km  →  International (+23.2°, -123.2°)  batt=100.0%
[ep=  61 step= 40 t=13.33h]  lat=+46.160° lon=-127.935° alt=694.1km  →  International (+46.2°, -127.9°)  batt=100.0%
[ep=  61 step= 60 t=20.00h]  lat=+68.497° lon=-140.240° alt=698.9km  →  International (+68.5°, -140.2°)  batt=100.0%
[ep=  61 step= 80 t=26.67h]  lat=+81.337° lon=+129.467° alt=699.4km  →  International (+81.3°, +129.5°)  batt=100.0%
[ep=  61 step=100 t=33.33h]  lat=+62.509° lon= +77.161° alt=694.3km  →  International (+62.5°, +77.2°)  batt= 99.9%
[ep=  61 step=120 t=37.46h]  lat=-56.625° lon=-106.044° alt=698.6km  →  International (-56.6°, -106.0°)  batt=100.0%
[ep=  61 step=140 t=40.31h]  lat=-28.065° lon= +57.325° alt=683.4km  →  International (-28.1°, +57.3°)  batt=100.0%
[ep=  61 step=160 t=46.98h]  lat=-51.004° lon= +51.856° alt=692.0km  →  International (-51.0°, +51.9°)  batt=100.0%
[ep=  62 step= 20 t= 6.67h]  lat=+23.130° lon=-123.195° alt=688.2km  →  International (+23.1°, -123.2°)  batt= 99.8%
[ep=  62 step= 40 t=13.33h]  lat=+46.080° lon=-127.907° alt=693.8km  →  International (+46.1°, -127.9°)  batt= 99.8%
[ep=  62 step= 60 t=17.10h]  lat=+26.570° lon= +64.769° alt=683.2km  →  International (+26.6°, +64.8°)  batt=100.0%

========================================================================
  RUN START  2026-07-01 13:23:22  stage=dynamic-sparse  total_steps=124,416
========================================================================
[ep=  62 step= 20 t= 5.25h]  lat=+70.701° lon=-143.643° alt=699.1km  →  International (+70.7°, -143.6°)  batt=100.0%
[ep=  62 step= 40 t= 8.79h]  lat=+49.781° lon= +70.010° alt=690.7km  →  International (+49.8°, +70.0°)  batt=100.0%
[ep=  62 step= 60 t=13.12h]  lat= -0.945° lon=-119.324° alt=686.2km  →  International (-0.9°, -119.3°)  batt=100.0%
[ep=  62 step= 80 t=17.88h]  lat=-34.433° lon=-113.687° alt=691.8km  →  International (-34.4°, -113.7°)  batt=100.0%
[ep=  62 step=100 t=19.34h]  lat=-72.678° lon= -92.181° alt=701.1km  →  International (-72.7°, -92.2°)  batt=100.0%
[ep=  62 step=120 t=19.57h]  lat=-25.049° lon=-115.394° alt=689.5km  →  International (-25.0°, -115.4°)  batt=100.0%
[ep=  62 step=140 t=19.74h]  lat=+11.925° lon=-120.898° alt=686.7km  →  International (+11.9°, -120.9°)  batt=100.0%
[ep=  62 step=160 t=21.91h]  lat=+51.298° lon= +71.089° alt=690.7km  →  International (+51.3°, +71.1°)  batt=100.0%
[ep=  62 step=180 t=25.61h]  lat=-41.864° lon= +53.770° alt=688.9km  →  International (-41.9°, +53.8°)  batt=100.0%
[ep=  62 step=200 t=32.28h]  lat=-64.425° lon= +44.116° alt=696.9km  →  International (-64.4°, +44.1°)  batt=100.0%
[ep=  62 step=220 t=33.84h]  lat=-47.119° lon= +52.625° alt=690.6km  →  International (-47.1°, +52.6°)  batt=100.0%
[ep=  62 step=240 t=38.56h]  lat= -4.620° lon= +60.939° alt=679.1km  →  International (-4.6°, +60.9°)   batt=100.0%
[ep=  62 step=260 t=43.66h]  lat=-41.938° lon= +54.492° alt=688.6km  →  International (-41.9°, +54.5°)  batt=100.0%
[ep=  62 step=280 t=45.77h]  lat=-32.942° lon=-112.840° alt=692.1km  →  International (-32.9°, -112.8°)  batt=100.0%
[ep=  63 step= 20 t= 2.53h]  lat=-16.018° lon= +57.772° alt=681.2km  →  International (-16.0°, +57.8°)  batt=100.0%
[ep=  63 step= 40 t= 2.70h]  lat=-52.122° lon= +49.614° alt=692.6km  →  International (-52.1°, +49.6°)  batt=100.0%
[ep=  63 step= 60 t= 4.13h]  lat= -5.422° lon= +59.397° alt=679.7km  →  International (-5.4°, +59.4°)   batt=100.0%
[ep=  63 step= 80 t= 4.29h]  lat=-41.717° lon= +52.917° alt=688.7km  →  International (-41.7°, +52.9°)  batt=100.0%
[ep=  63 step=100 t= 6.74h]  lat=+39.435° lon=-126.417° alt=692.3km  →  International (+39.4°, -126.4°)  batt=100.0%
[ep=  63 step=120 t=13.08h]  lat= -8.243° lon=-118.289° alt=686.8km  →  International (-8.2°, -118.3°)  batt=100.0%
[ep=  63 step=140 t=17.49h]  lat=-58.607° lon= +47.288° alt=694.7km  →  International (-58.6°, +47.3°)  batt=100.0%
[ep=  63 step=160 t=22.88h]  lat=-18.954° lon=-116.272° alt=688.5km  →  International (-19.0°, -116.3°)  batt=100.0%
[ep=  63 step=180 t=28.90h]  lat=-43.098° lon= +53.566° alt=689.0km  →  International (-43.1°, +53.6°)  batt=100.0%
[ep=  63 step=200 t=35.57h]  lat=-65.599° lon= +43.265° alt=697.0km  →  International (-65.6°, +43.3°)  batt= 99.0%
[ep=  63 step=220 t=39.07h]  lat=-63.953° lon=-101.544° alt=700.0km  →  International (-64.0°, -101.5°)  batt=100.0%
[ep=  63 step=240 t=39.26h]  lat=-22.873° lon=-114.963° alt=689.6km  →  International (-22.9°, -115.0°)  batt=100.0%
[ep=  63 step=260 t=40.31h]  lat=-26.764° lon= +57.555° alt=683.1km  →  International (-26.8°, +57.6°)  batt=100.0%
[ep=  63 step=280 t=45.06h]  lat= +8.663° lon= +63.086° alt=678.8km  →  International (+8.7°, +63.1°)   batt=100.0%
[ep=  64 step= 20 t= 4.09h]  lat= +1.893° lon= +60.439° alt=679.6km  →  International (+1.9°, +60.4°)   batt=100.0%
[ep=  64 step= 40 t= 8.52h]  lat=+67.943° lon=-140.115° alt=698.8km  →  International (+67.9°, -140.1°)  batt= 98.8%
[ep=  64 step= 60 t=13.91h]  lat= +7.212° lon= +61.607° alt=680.0km  →  International (+7.2°, +61.6°)   batt= 98.5%
[ep=  64 step= 80 t=18.91h]  lat=-10.189° lon= +59.327° alt=680.3km  →  International (-10.2°, +59.3°)  batt= 96.2%
[ep=  64 step=100 t=19.08h]  lat=-48.197° lon= +51.675° alt=691.4km  →  International (-48.2°, +51.7°)  batt= 96.1%
[ep=  64 step=120 t=23.50h]  lat=+61.107° lon= +75.847° alt=694.5km  →  International (+61.1°, +75.8°)  batt= 94.1%
[ep=  64 step=140 t=28.89h]  lat=-41.166° lon= +54.082° alt=688.7km  →  International (-41.2°, +54.1°)  batt= 95.1%
[ep=  64 step=160 t=34.92h]  lat=+74.107° lon= +91.285° alt=697.8km  →  International (+74.1°, +91.3°)  batt= 92.3%
[ep=  64 step=180 t=39.33h]  lat= -6.703° lon=-117.411° alt=686.7km  →  International (-6.7°, -117.4°)  batt= 92.4%
[ep=  64 step=200 t=44.42h]  lat=+28.821° lon=-122.626° alt=689.8km  →  International (+28.8°, -122.6°)  batt= 90.2%
[ep=  65 step= 20 t= 5.08h]  lat=+33.703° lon=-125.212° alt=690.8km  →  International (+33.7°, -125.2°)  batt= 99.5%
[ep=  65 step= 40 t=11.10h]  lat=-79.671° lon= -68.528° alt=701.6km  →  International (-79.7°, -68.5°)  batt= 97.1%
[ep=  65 step= 60 t=15.82h]  lat=-53.048° lon= +49.801° alt=693.0km  →  International (-53.0°, +49.8°)  batt=100.0%
[ep=  65 step= 80 t=18.14h]  lat=+21.952° lon=-122.525° alt=688.0km  →  International (+22.0°, -122.5°)  batt=100.0%
[ep=  65 step=100 t=24.18h]  lat=-81.217° lon=  -5.464° alt=701.1km  →  International (-81.2°, -5.5°)   batt= 99.2%
[ep=  65 step=120 t=29.57h]  lat=+11.630° lon=-120.456° alt=687.0km  →  International (+11.6°, -120.5°)  batt= 96.9%
[ep=  65 step=140 t=33.68h]  lat=-11.644° lon= +59.711° alt=679.6km  →  International (-11.6°, +59.7°)  batt= 96.1%
[ep=  65 step=160 t=34.93h]  lat=+72.231° lon= +87.667° alt=696.9km  →  International (+72.2°, +87.7°)  batt= 96.0%
[ep=  65 step=180 t=40.31h]  lat=-27.569° lon= +57.418° alt=683.6km  →  International (-27.6°, +57.4°)  batt= 97.2%
[ep=  65 step=200 t=46.34h]  lat=+81.714° lon=+138.489° alt=699.2km  →  International (+81.7°, +138.5°)  batt= 95.8%
[ep=  65 step=220 t=46.88h]  lat=-30.754° lon= +57.092° alt=684.4km  →  International (-30.8°, +57.1°)  batt= 95.6%
[ep=  66 step= 20 t= 0.91h]  lat=-19.327° lon= +57.189° alt=681.8km  →  International (-19.3°, +57.2°)  batt= 99.5%
[ep=  66 step= 40 t= 1.08h]  lat=-57.114° lon= +47.388° alt=694.4km  →  International (-57.1°, +47.4°)  batt= 99.4%
[ep=  66 step= 60 t= 6.14h]  lat=-81.733° lon= -16.864° alt=701.2km  →  International (-81.7°, -16.9°)  batt= 96.7%
[ep=  66 step= 80 t=10.20h]  lat=+76.289° lon=-155.067° alt=700.1km  →  International (+76.3°, -155.1°)  batt= 94.6%
[ep=  66 step=100 t=15.60h]  lat= -4.156° lon= +60.052° alt=678.9km  →  International (-4.2°, +60.1°)   batt= 94.3%
[ep=  66 step=120 t=20.98h]  lat=-72.370° lon= -92.671° alt=701.3km  →  International (-72.4°, -92.7°)  batt= 92.8%
[ep=  66 step=140 t=22.39h]  lat=-54.309° lon= +49.554° alt=693.4km  →  International (-54.3°, +49.6°)  batt= 92.3%
[ep=  66 step=160 t=25.49h]  lat=-15.291° lon= +58.832° alt=680.6km  →  International (-15.3°, +58.8°)  batt= 90.7%
[ep=  66 step=180 t=25.66h]  lat=-51.415° lon= +50.832° alt=692.2km  →  International (-51.4°, +50.8°)  batt= 90.6%
[ep=  66 step=200 t=28.77h]  lat=-15.975° lon= +58.863° alt=680.5km  →  International (-16.0°, +58.9°)  batt= 89.0%
[ep=  66 step=220 t=29.93h]  lat=+81.778° lon=+162.658° alt=699.8km  →  International (+81.8°, +162.7°)  batt= 88.3%
[ep=  66 step=240 t=35.32h]  lat=-11.848° lon= +59.753° alt=679.6km  →  International (-11.8°, +59.8°)  batt= 86.0%
[ep=  66 step=260 t=38.81h]  lat=-57.594° lon= +48.705° alt=694.3km  →  International (-57.6°, +48.7°)  batt= 90.6%
[ep=  66 step=280 t=41.95h]  lat=-28.366° lon= +57.344° alt=683.4km  →  International (-28.4°, +57.3°)  batt= 96.9%
[ep=  66 step=300 t=46.00h]  lat=+17.314° lon=-120.630° alt=687.9km  →  International (+17.3°, -120.6°)  batt= 99.1%
[ep=  67 step= 20 t= 4.44h]  lat=-73.057° lon= +32.462° alt=699.5km  →  International (-73.1°, +32.5°)  batt=100.0%
[ep=  67 step= 40 t= 9.53h]  lat=-67.946° lon= -99.137° alt=700.5km  →  International (-67.9°, -99.1°)  batt=100.0%
[ep=  67 step= 60 t=13.12h]  lat= +0.806° lon=-119.572° alt=686.0km  →  International (+0.8°, -119.6°)  batt=100.0%
[ep=  67 step= 80 t=15.71h]  lat=-27.722° lon= +56.378° alt=684.4km  →  International (-27.7°, +56.4°)  batt= 99.9%
[ep=  67 step=100 t=15.88h]  lat=-65.165° lon= +42.826° alt=697.4km  →  International (-65.2°, +42.8°)  batt=100.0%
[ep=  67 step=120 t=18.52h]  lat=+72.724° lon= +87.870° alt=697.7km  →  International (+72.7°, +87.9°)  batt=100.0%
[ep=  67 step=140 t=20.13h]  lat=+78.815° lon=+106.608° alt=699.0km  →  International (+78.8°, +106.6°)  batt=100.0%
[ep=  67 step=160 t=25.33h]  lat=+20.693° lon= +64.109° alt=681.5km  →  International (+20.7°, +64.1°)  batt=100.0%
[ep=  67 step=180 t=29.40h]  lat=-26.206° lon=-114.791° alt=690.0km  →  International (-26.2°, -114.8°)  batt=100.0%
[ep=  67 step=200 t=29.46h]  lat=-14.107° lon=-116.747° alt=687.6km  →  International (-14.1°, -116.7°)  batt=100.0%
[ep=  67 step=220 t=30.30h]  lat= +8.770° lon= +62.499° alt=679.4km  →  International (+8.8°, +62.5°)   batt= 99.8%
[ep=  67 step=240 t=36.00h]  lat=-17.633° lon=-115.937° alt=688.3km  →  International (-17.6°, -115.9°)  batt=100.0%
[ep=  67 step=260 t=38.79h]  lat=-52.664° lon= +50.892° alt=693.2km  →  International (-52.7°, +50.9°)  batt=100.0%
[ep=  67 step=280 t=43.51h]  lat=-10.282° lon= +60.317° alt=679.9km  →  International (-10.3°, +60.3°)  batt= 99.9%
[ep=  68 step= 20 t= 0.97h]  lat=-32.032° lon= +54.955° alt=685.4km  →  International (-32.0°, +55.0°)  batt= 99.5%
[ep=  68 step= 40 t= 1.47h]  lat=-37.762° lon=-113.640° alt=692.5km  →  International (-37.8°, -113.6°)  batt= 99.2%
[ep=  68 step= 60 t= 4.32h]  lat=-47.117° lon= +51.404° alt=690.6km  →  International (-47.1°, +51.4°)  batt= 97.7%
[ep=  68 step= 80 t= 9.39h]  lat=-78.346° lon= +17.032° alt=700.3km  →  International (-78.3°, +17.0°)  batt= 96.1%
[ep=  68 step=100 t=15.11h]  lat=+74.101° lon=-149.198° alt=699.6km  →  International (+74.1°, -149.2°)  batt= 98.4%
[ep=  68 step=120 t=19.85h]  lat=+36.706° lon=-125.237° alt=691.8km  →  International (+36.7°, -125.2°)  batt= 96.9%
[ep=  68 step=140 t=25.23h]  lat=+41.077° lon= +68.138° alt=687.1km  →  International (+41.1°, +68.1°)  batt= 94.0%
[ep=  68 step=160 t=28.91h]  lat=-44.943° lon= +53.072° alt=689.6km  →  International (-44.9°, +53.1°)  batt= 92.1%
[ep=  68 step=180 t=32.14h]  lat=-34.796° lon= +55.685° alt=685.8km  →  International (-34.8°, +55.7°)  batt= 90.5%
[ep=  68 step=200 t=35.91h]  lat=-37.955° lon=-112.170° alt=693.5km  →  International (-38.0°, -112.2°)  batt= 96.6%
[ep=  68 step=220 t=36.17h]  lat=+18.324° lon=-121.191° alt=688.1km  →  International (+18.3°, -121.2°)  batt= 96.5%
[ep=  68 step=240 t=39.00h]  lat=-77.370° lon= -79.175° alt=701.9km  →  International (-77.4°, -79.2°)  batt= 98.9%
[ep=  68 step=260 t=39.93h]  lat=+55.371° lon= +73.488° alt=691.6km  →  International (+55.4°, +73.5°)  batt= 98.4%
[ep=  68 step=280 t=43.94h]  lat=-74.063° lon= -88.453° alt=701.7km  →  International (-74.1°, -88.5°)  batt= 99.8%
[ep=  68 step=300 t=46.87h]  lat=-27.558° lon= +57.706° alt=683.5km  →  International (-27.6°, +57.7°)  batt= 98.3%
[ep=  68 step=320 t=47.73h]  lat=+35.765° lon=-123.875° alt=691.5km  →  International (+35.8°, -123.9°)  batt= 97.8%
[ep=  69 step= 20 t= 4.43h]  lat=-71.445° lon= +35.213° alt=699.0km  →  International (-71.4°, +35.2°)  batt=100.0%
[ep=  69 step= 40 t= 6.34h]  lat=-47.565° lon=-110.819° alt=695.5km  →  International (-47.6°, -110.8°)  batt= 99.2%
[ep=  69 step= 60 t= 9.51h]  lat=-71.268° lon= -94.908° alt=701.0km  →  International (-71.3°, -94.9°)  batt= 99.7%
[ep=  69 step= 80 t=15.22h]  lat=+77.313° lon= +99.633° alt=698.7km  →  International (+77.3°, +99.6°)  batt= 97.7%
[ep=  69 step=100 t=17.44h]  lat=-46.697° lon= +52.077° alt=691.0km  →  International (-46.7°, +52.1°)  batt= 97.5%
[ep=  69 step=120 t=18.69h]  lat=+38.290° lon= +67.199° alt=686.7km  →  International (+38.3°, +67.2°)  batt= 97.1%
[ep=  69 step=140 t=18.77h]  lat=+18.955° lon= +63.569° alt=681.4km  →  International (+19.0°, +63.6°)  batt=100.0%
[ep=  69 step=160 t=18.94h]  lat=-17.494° lon= +58.226° alt=681.6km  →  International (-17.5°, +58.2°)  batt=100.0%
[ep=  69 step=180 t=19.12h]  lat=-55.333° lon= +48.970° alt=694.0km  →  International (-55.3°, +49.0°)  batt=100.0%
[ep=  69 step=200 t=24.51h]  lat=-20.520° lon=-115.946° alt=688.7km  →  International (-20.5°, -115.9°)  batt= 99.6%
[ep=  69 step=220 t=27.67h]  lat=-46.932° lon=-110.136° alt=695.7km  →  International (-46.9°, -110.1°)  batt= 99.0%
[ep=  69 step=240 t=31.74h]  lat=+53.607° lon= +72.398° alt=691.4km  →  International (+53.6°, +72.4°)  batt= 97.7%
[ep=  69 step=260 t=36.49h]  lat=+81.937° lon=+150.327° alt=699.6km  →  International (+81.9°, +150.3°)  batt= 98.0%
[ep=  69 step=280 t=38.74h]  lat=-43.756° lon= +53.812° alt=689.8km  →  International (-43.8°, +53.8°)  batt= 97.0%
[ep=  69 step=300 t=40.25h]  lat=-15.111° lon= +59.477° alt=680.9km  →  International (-15.1°, +59.5°)  batt= 96.3%
[ep=  69 step=320 t=40.43h]  lat=-53.013° lon= +50.835° alt=693.2km  →  International (-53.0°, +50.8°)  batt= 96.2%
[ep=  69 step=340 t=45.82h]  lat=-22.891° lon=-114.671° alt=689.6km  →  International (-22.9°, -114.7°)  batt= 95.4%
[ep=  70 step= 20 t= 4.42h]  lat=-68.130° lon= +39.511° alt=698.0km  →  International (-68.1°, +39.5°)  batt=100.0%
[ep=  70 step= 40 t= 9.80h]  lat= -8.910° lon=-118.323° alt=686.7km  →  International (-8.9°, -118.3°)  batt= 99.5%
[ep=  70 step= 60 t=14.09h]  lat=-32.884° lon= +55.327° alt=685.9km  →  International (-32.9°, +55.3°)  batt= 99.3%
[ep=  70 step= 80 t=18.83h]  lat= +6.147° lon= +61.651° alt=679.6km  →  International (+6.1°, +61.7°)   batt= 99.4%
[ep=  70 step=100 t=24.86h]  lat=+55.540° lon=-130.888° alt=696.5km  →  International (+55.5°, -130.9°)  batt= 97.8%
[ep=  70 step=120 t=28.95h]  lat=-53.803° lon= +50.028° alt=693.2km  →  International (-53.8°, +50.0°)  batt=100.0%
[ep=  70 step=140 t=29.44h]  lat=-17.025° lon=-116.301° alt=688.1km  →  International (-17.0°, -116.3°)  batt= 99.9%
[ep=  70 step=160 t=29.52h]  lat= -1.261° lon=-118.606° alt=686.4km  →  International (-1.3°, -118.6°)  batt= 99.8%
[ep=  70 step=180 t=32.31h]  lat=-71.142° lon= +36.818° alt=699.0km  →  International (-71.1°, +36.8°)  batt= 99.8%
[ep=  70 step=200 t=37.70h]  lat= -5.647° lon=-117.643° alt=686.7km  →  International (-5.6°, -117.6°)  batt= 99.1%
[ep=  70 step=220 t=42.43h]  lat=-46.262° lon=-109.737° alt=695.5km  →  International (-46.3°, -109.7°)  batt= 98.0%
[ep=  70 step=240 t=47.33h]  lat=-50.618° lon=-108.114° alt=697.0km  →  International (-50.6°, -108.1°)  batt= 99.9%
[ep=  71 step= 20 t= 3.11h]  lat=-37.425° lon=-113.649° alt=692.5km  →  International (-37.4°, -113.6°)  batt=100.0%
[ep=  71 step= 40 t= 8.18h]  lat= -3.769° lon=-119.130° alt=686.6km  →  International (-3.8°, -119.1°)  batt=100.0%
[ep=  71 step= 60 t=13.26h]  lat=+29.939° lon=-124.135° alt=690.1km  →  International (+29.9°, -124.1°)  batt=100.0%
[ep=  71 step= 80 t=14.74h]  lat= -4.245° lon=-118.790° alt=686.7km  →  International (-4.2°, -118.8°)  batt=100.0%
[ep=  71 step=100 t=20.13h]  lat=+77.876° lon=+102.075° alt=698.7km  →  International (+77.9°, +102.1°)  batt=100.0%
[ep=  71 step=120 t=26.80h]  lat=+56.817° lon= +73.617° alt=692.7km  →  International (+56.8°, +73.6°)  batt=100.0%
[ep=  71 step=140 t=28.85h]  lat=-32.319° lon= +56.048° alt=685.0km  →  International (-32.3°, +56.0°)  batt=100.0%
[ep=  71 step=160 t=32.29h]  lat=-66.723° lon= +42.115° alt=697.4km  →  International (-66.7°, +42.1°)  batt=100.0%
[ep=  71 step=180 t=35.75h]  lat=-71.288° lon= -93.807° alt=701.2km  →  International (-71.3°, -93.8°)  batt=100.0%
[ep=  71 step=200 t=36.05h]  lat= -7.756° lon=-117.409° alt=687.3km  →  International (-7.8°, -117.4°)  batt=100.0%
[ep=  71 step=220 t=37.58h]  lat=-31.609° lon=-113.449° alt=691.8km  →  International (-31.6°, -113.4°)  batt=100.0%
[ep=  71 step=240 t=39.05h]  lat=-67.888° lon= -97.982° alt=700.9km  →  International (-67.9°, -98.0°)  batt=100.0%
[ep=  71 step=260 t=40.25h]  lat=-14.698° lon= +59.530° alt=679.9km  →  International (-14.7°, +59.5°)  batt=100.0%
[ep=  71 step=280 t=45.63h]  lat=-62.624° lon=-102.245° alt=700.0km  →  International (-62.6°, -102.2°)  batt=100.0%
[ep=  72 step= 20 t= 5.34h]  lat=+81.588° lon=+133.608° alt=699.6km  →  International (+81.6°, +133.6°)  batt=100.0%
[ep=  72 step= 40 t=11.38h]  lat=-23.123° lon=-116.059° alt=689.0km  →  International (-23.1°, -116.1°)  batt=100.0%
[ep=  72 step= 60 t=14.11h]  lat=-36.482° lon= +54.575° alt=687.3km  →  International (-36.5°, +54.6°)  batt= 99.7%
[ep=  72 step= 80 t=17.23h]  lat= -2.617° lon= +60.346° alt=679.6km  →  International (-2.6°, +60.3°)   batt= 99.9%
[ep=  72 step=100 t=17.42h]  lat=-42.544° lon= +53.253° alt=689.4km  →  International (-42.5°, +53.3°)  batt= 99.8%
[ep=  72 step=120 t=19.22h]  lat=-75.630° lon= +27.221° alt=700.0km  →  International (-75.6°, +27.2°)  batt= 99.7%
[ep=  72 step=140 t=20.64h]  lat=-30.580° lon= +56.055° alt=685.0km  →  International (-30.6°, +56.1°)  batt= 99.8%
[ep=  72 step=160 t=26.02h]  lat=-48.987° lon=-109.548° alt=696.1km  →  International (-49.0°, -109.5°)  batt=100.0%
[ep=  72 step=180 t=29.42h]  lat=-21.899° lon=-115.513° alt=689.0km  →  International (-21.9°, -115.5°)  batt=100.0%
[ep=  72 step=200 t=29.48h]  lat= -9.787° lon=-117.376° alt=687.0km  →  International (-9.8°, -117.4°)  batt=100.0%
[ep=  72 step=220 t=33.56h]  lat=+14.092° lon= +63.431° alt=679.8km  →  International (+14.1°, +63.4°)  batt= 99.9%
[ep=  72 step=240 t=37.98h]  lat=+56.331° lon=-130.696° alt=696.4km  →  International (+56.3°, -130.7°)  batt=100.0%
[ep=  72 step=260 t=40.08h]  lat=+23.683° lon= +65.228° alt=682.0km  →  International (+23.7°, +65.2°)  batt= 99.9%
[ep=  72 step=280 t=44.81h]  lat=+63.847° lon= +78.631° alt=694.8km  →  International (+63.8°, +78.6°)  batt=100.0%
[ep=  73 step= 20 t= 4.62h]  lat=-63.754° lon=-103.118° alt=699.4km  →  International (-63.8°, -103.1°)  batt= 98.0%
[ep=  73 step= 40 t=10.65h]  lat= +2.378° lon= +60.775° alt=679.6km  →  International (+2.4°, +60.8°)   batt= 95.2%
[ep=  73 step= 60 t=16.03h]  lat=-77.795° lon= -78.455° alt=701.4km  →  International (-77.8°, -78.5°)  batt= 92.5%
[ep=  73 step= 80 t=19.50h]  lat=-39.569° lon=-112.477° alt=693.3km  →  International (-39.6°, -112.5°)  batt= 99.8%
[ep=  73 step=100 t=19.70h]  lat= +3.971° lon=-119.754° alt=686.2km  →  International (+4.0°, -119.8°)  batt= 99.7%
[ep=  73 step=120 t=23.18h]  lat=+48.060° lon=-128.116° alt=694.5km  →  International (+48.1°, -128.1°)  batt= 99.5%
[ep=  73 step=140 t=27.53h]  lat=-74.451° lon= -88.277° alt=701.5km  →  International (-74.5°, -88.3°)  batt= 98.2%
[ep=  73 step=160 t=29.57h]  lat= +9.604° lon=-120.155° alt=686.5km  →  International (+9.6°, -120.2°)  batt= 97.2%
[ep=  73 step=180 t=35.34h]  lat=-17.198° lon= +58.941° alt=681.1km  →  International (-17.2°, +58.9°)  batt= 94.3%
[ep=  73 step=200 t=37.15h]  lat=-53.604° lon= +50.452° alt=693.2km  →  International (-53.6°, +50.5°)  batt= 93.6%
[ep=  73 step=220 t=41.92h]  lat=-20.334° lon= +58.715° alt=681.7km  →  International (-20.3°, +58.7°)  batt= 95.3%
[ep=  73 step=240 t=47.31h]  lat=-55.442° lon=-106.186° alt=698.3km  →  International (-55.4°, -106.2°)  batt= 98.1%
[ep=  74 step= 20 t= 6.03h]  lat=-63.347° lon= +43.860° alt=696.3km  →  International (-63.3°, +43.9°)  batt=100.0%
[ep=  74 step= 40 t= 8.19h]  lat= -3.148° lon=-119.218° alt=686.3km  →  International (-3.1°, -119.2°)  batt=100.0%
[ep=  74 step= 60 t= 9.70h]  lat=-30.042° lon=-114.902° alt=690.8km  →  International (-30.0°, -114.9°)  batt=100.0%
[ep=  74 step= 80 t=12.85h]  lat=-58.575° lon=-106.069° alt=698.7km  →  International (-58.6°, -106.1°)  batt=100.0%
[ep=  74 step=100 t=16.95h]  lat=+58.716° lon= +74.173° alt=693.3km  →  International (+58.7°, +74.2°)  batt= 99.9%
[ep=  74 step=120 t=18.50h]  lat=+76.687° lon= +97.521° alt=698.3km  →  International (+76.7°, +97.5°)  batt=100.0%
[ep=  74 step=140 t=22.67h]  lat=-63.579° lon=-102.504° alt=699.6km  →  International (-63.6°, -102.5°)  batt=100.0%
[ep=  74 step=160 t=27.24h]  lat=-39.305° lon= +54.463° alt=687.5km  →  International (-39.3°, +54.5°)  batt= 99.7%
[ep=  74 step=180 t=30.99h]  lat=-37.050° lon=-112.591° alt=693.0km  →  International (-37.1°, -112.6°)  batt=100.0%
[ep=  74 step=200 t=32.15h]  lat=-36.711° lon= +55.257° alt=686.5km  →  International (-36.7°, +55.3°)  batt= 99.7%
[ep=  74 step=220 t=34.04h]  lat=-81.878° lon= -35.572° alt=701.7km  →  International (-81.9°, -35.6°)  batt=100.0%
[ep=  74 step=240 t=35.30h]  lat= -8.345° lon= +60.259° alt=679.0km  →  International (-8.3°, +60.3°)   batt= 99.8%
[ep=  74 step=260 t=38.15h]  lat=+81.320° lon=+129.655° alt=699.2km  →  International (+81.3°, +129.7°)  batt=100.0%
[ep=  74 step=280 t=43.52h]  lat=-13.097° lon= +59.900° alt=680.0km  →  International (-13.1°, +59.9°)  batt= 99.8%
[ep=  74 step=300 t=43.71h]  lat=-52.831° lon= +51.030° alt=692.8km  →  International (-52.8°, +51.0°)  batt=100.0%
[ep=  75 step= 20 t= 4.31h]  lat=-45.297° lon= +51.952° alt=690.5km  →  International (-45.3°, +52.0°)  batt= 99.8%
[ep=  75 step= 40 t= 5.63h]  lat=+23.401° lon= +63.749° alt=682.6km  →  International (+23.4°, +63.7°)  batt=100.0%
[ep=  75 step= 60 t= 5.86h]  lat=-25.770° lon= +56.323° alt=683.8km  →  International (-25.8°, +56.3°)  batt= 99.9%
[ep=  75 step= 80 t= 7.03h]  lat=+75.710° lon= +94.083° alt=698.5km  →  International (+75.7°, +94.1°)  batt=100.0%
[ep=  75 step=100 t= 9.63h]  lat=-45.694° lon=-111.255° alt=694.7km  →  International (-45.7°, -111.3°)  batt=100.0%
[ep=  75 step=120 t=13.76h]  lat=+40.434° lon= +67.500° alt=687.4km  →  International (+40.4°, +67.5°)  batt=100.0%
[ep=  75 step=140 t=17.89h]  lat=-33.251° lon=-113.931° alt=691.5km  →  International (-33.3°, -113.9°)  batt=100.0%
[ep=  75 step=160 t=19.36h]  lat=-68.865° lon= -97.699° alt=700.5km  →  International (-68.9°, -97.7°)  batt=100.0%
[ep=  75 step=180 t=24.13h]  lat=-73.950° lon= +31.507° alt=699.5km  →  International (-74.0°, +31.5°)  batt=100.0%
[ep=  75 step=200 t=29.52h]  lat= -0.647° lon=-118.685° alt=686.1km  →  International (-0.6°, -118.7°)  batt=100.0%
[ep=  75 step=220 t=33.29h]  lat=+72.139° lon= +87.459° alt=697.4km  →  International (+72.1°, +87.5°)  batt=100.0%
[ep=  75 step=240 t=33.83h]  lat=-44.689° lon= +53.345° alt=689.8km  →  International (-44.7°, +53.3°)  batt= 99.8%
[ep=  75 step=260 t=36.94h]  lat= -7.288° lon= +60.492° alt=679.5km  →  International (-7.3°, +60.5°)   batt= 99.9%
[ep=  75 step=280 t=40.43h]  lat=-53.141° lon= +50.785° alt=692.9km  →  International (-53.1°, +50.8°)  batt= 99.8%
[ep=  75 step=300 t=44.87h]  lat=+50.886° lon= +71.891° alt=690.3km  →  International (+50.9°, +71.9°)  batt=100.0%
[ep=  76 step= 20 t= 5.39h]  lat=+74.482° lon= +90.913° alt=698.1km  →  International (+74.5°, +90.9°)  batt= 98.8%
[ep=  76 step= 40 t= 9.48h]  lat=-75.989° lon= -85.014° alt=701.5km  →  International (-76.0°, -85.0°)  batt= 99.8%
[ep=  76 step= 60 t=14.03h]  lat=-20.121° lon= +57.606° alt=682.4km  →  International (-20.1°, +57.6°)  batt= 97.9%
[ep=  76 step= 80 t=14.22h]  lat=-59.635° lon= +46.595° alt=695.8km  →  International (-59.6°, +46.6°)  batt= 97.9%
[ep=  76 step=100 t=15.69h]  lat=-24.083° lon= +57.018° alt=683.4km  →  International (-24.1°, +57.0°)  batt= 97.2%
[ep=  76 step=120 t=15.87h]  lat=-61.697° lon= +45.401° alt=696.4km  →  International (-61.7°, +45.4°)  batt= 97.1%
[ep=  76 step=140 t=20.64h]  lat=-30.516° lon= +56.063° alt=685.1km  →  International (-30.5°, +56.1°)  batt= 95.5%
[ep=  76 step=160 t=25.40h]  lat= +4.923° lon= +61.748° alt=679.4km  →  International (+4.9°, +61.7°)   batt= 99.2%
[ep=  76 step=180 t=28.54h]  lat=+35.168° lon= +66.908° alt=685.3km  →  International (+35.2°, +66.9°)  batt= 99.5%
[ep=  76 step=200 t=34.89h]  lat=+78.465° lon=+105.395° alt=698.8km  →  International (+78.5°, +105.4°)  batt= 96.5%
[ep=  76 step=220 t=37.09h]  lat=-40.983° lon= +54.464° alt=688.8km  →  International (-41.0°, +54.5°)  batt= 95.6%
[ep=  76 step=240 t=40.19h]  lat= -1.687° lon= +61.421° alt=679.3km  →  International (-1.7°, +61.4°)   batt= 94.4%
[ep=  76 step=260 t=40.36h]  lat=-38.028° lon= +55.305° alt=687.7km  →  International (-38.0°, +55.3°)  batt= 94.4%
[ep=  76 step=280 t=42.48h]  lat=-35.070° lon=-112.537° alt=692.4km  →  International (-35.1°, -112.5°)  batt= 93.8%
[ep=  77 step= 20 t= 4.75h]  lat=-37.129° lon=-113.643° alt=692.5km  →  International (-37.1°, -113.6°)  batt=100.0%
[ep=  77 step= 40 t= 4.92h]  lat= -0.842° lon=-119.676° alt=686.0km  →  International (-0.8°, -119.7°)  batt=100.0%
[ep=  77 step= 60 t= 8.37h]  lat=+36.123° lon=-125.588° alt=691.3km  →  International (+36.1°, -125.6°)  batt=100.0%
[ep=  77 step= 80 t=13.97h]  lat= -5.553° lon= +59.792° alt=680.0km  →  International (-5.6°, +59.8°)   batt=100.0%
[ep=  77 step=100 t=14.13h]  lat=-41.842° lon= +53.301° alt=689.3km  →  International (-41.8°, +53.3°)  batt=100.0%
[ep=  77 step=120 t=17.91h]  lat=-29.106° lon=-114.731° alt=690.3km  →  International (-29.1°, -114.7°)  batt=100.0%
[ep=  77 step=140 t=22.32h]  lat=-39.876° lon= +54.131° alt=688.3km  →  International (-39.9°, +54.1°)  batt=100.0%
[ep=  77 step=160 t=28.03h]  lat=+32.790° lon=-124.074° alt=690.6km  →  International (+32.8°, -124.1°)  batt=100.0%
[ep=  77 step=180 t=33.45h]  lat=+37.792° lon= +67.694° alt=686.1km  →  International (+37.8°, +67.7°)  batt=100.0%
[ep=  77 step=200 t=38.52h]  lat= +5.931° lon= +62.442° alt=679.4km  →  International (+5.9°, +62.4°)   batt=100.0%
[ep=  77 step=220 t=43.91h]  lat=-79.024° lon= -71.248° alt=702.0km  →  International (-79.0°, -71.2°)  batt=100.0%
[ep=  78 step= 20 t= 4.08h]  lat= +5.516° lon= +60.951° alt=679.4km  →  International (+5.5°, +61.0°)   batt=100.0%
[ep=  78 step= 40 t=10.10h]  lat=+56.189° lon=-131.796° alt=696.4km  →  International (+56.2°, -131.8°)  batt= 97.7%
[ep=  78 step= 60 t=16.13h]  lat=-57.938° lon=-106.266° alt=698.3km  →  International (-57.9°, -106.3°)  batt= 97.4%
[ep=  78 step= 80 t=21.52h]  lat=+44.288° lon=-127.056° alt=693.4km  →  International (+44.3°, -127.1°)  batt= 94.7%
[ep=  78 step=100 t=25.01h]  lat=+81.906° lon=+156.307° alt=699.7km  →  International (+81.9°, +156.3°)  batt= 93.3%
[ep=  78 step=120 t=30.07h]  lat=+57.849° lon= +74.262° alt=692.9km  →  International (+57.8°, +74.3°)  batt= 95.0%
[ep=  78 step=140 t=35.16h]  lat=+22.667° lon= +64.839° alt=681.2km  →  International (+22.7°, +64.8°)  batt= 98.6%
[ep=  78 step=160 t=40.23h]  lat= -9.341° lon= +60.324° alt=679.6km  →  International (-9.3°, +60.3°)   batt= 98.3%
[ep=  78 step=180 t=44.34h]  lat=+12.871° lon=-120.027° alt=687.0km  →  International (+12.9°, -120.0°)  batt= 96.3%
[ep=  78 step=200 t=45.21h]  lat=-23.115° lon= +58.396° alt=682.2km  →  International (-23.1°, +58.4°)  batt= 95.9%
[ep=  78 step=220 t=45.71h]  lat=-46.592° lon=-109.503° alt=695.7km  →  International (-46.6°, -109.5°)  batt= 95.6%
[ep=  79 step= 20 t= 4.10h]  lat= +0.049° lon= +60.178° alt=679.7km  →  International (+0.0°, +60.2°)   batt=100.0%
[ep=  79 step= 40 t= 4.27h]  lat=-36.307° lon= +54.203° alt=687.1km  →  International (-36.3°, +54.2°)  batt=100.0%
[ep=  79 step= 60 t= 5.79h]  lat=-11.230° lon= +58.628° alt=680.5km  →  International (-11.2°, +58.6°)  batt=100.0%
[ep=  79 step= 80 t= 5.96h]  lat=-47.430° lon= +51.374° alt=691.1km  →  International (-47.4°, +51.4°)  batt=100.0%
[ep=  79 step=100 t= 7.41h]  lat= -6.102° lon= +59.438° alt=679.9km  →  International (-6.1°, +59.4°)   batt=100.0%
[ep=  79 step=120 t= 7.58h]  lat=-42.386° lon= +52.883° alt=689.1km  →  International (-42.4°, +52.9°)  batt=100.0%
[ep=  79 step=140 t= 9.39h]  lat=-78.342° lon= +17.017° alt=700.4km  →  International (-78.3°, +17.0°)  batt=100.0%
[ep=  79 step=160 t=14.17h]  lat=-49.095° lon= +51.177° alt=691.4km  →  International (-49.1°, +51.2°)  batt=100.0%
[ep=  79 step=180 t=17.94h]  lat=-22.357° lon=-115.919° alt=688.9km  →  International (-22.4°, -115.9°)  batt=100.0%
[ep=  79 step=200 t=17.99h]  lat=-10.245° lon=-117.790° alt=686.9km  →  International (-10.2°, -117.8°)  batt=100.0%
[ep=  79 step=220 t=18.79h]  lat=+15.228° lon= +62.986° alt=680.2km  →  International (+15.2°, +63.0°)  batt= 99.8%
[ep=  79 step=240 t=23.22h]  lat=+55.260° lon=-130.829° alt=696.3km  →  International (+55.3°, -130.8°)  batt=100.0%
[ep=  79 step=260 t=27.98h]  lat=+20.286° lon=-121.844° alt=687.8km  →  International (+20.3°, -121.8°)  batt=100.0%
[ep=  79 step=280 t=34.64h]  lat=+43.317° lon=-126.245° alt=693.3km  →  International (+43.3°, -126.2°)  batt=100.0%
[ep=  79 step=300 t=39.08h]  lat=-60.423° lon=-103.938° alt=699.2km  →  International (-60.4°, -103.9°)  batt=100.0%
[ep=  79 step=320 t=44.48h]  lat=+43.515° lon=-125.893° alt=693.4km  →  International (+43.5°, -125.9°)  batt=100.0%
[ep=  80 step= 20 t= 5.39h]  lat=+74.480° lon= +90.906° alt=698.1km  →  International (+74.5°, +90.9°)  batt= 99.9%
[ep=  80 step= 40 t= 8.84h]  lat=+39.055° lon= +66.964° alt=686.9km  →  International (+39.1°, +67.0°)  batt=100.0%
[ep=  80 step= 60 t=12.47h]  lat=-37.919° lon= +54.179° alt=687.9km  →  International (-37.9°, +54.2°)  batt=100.0%
[ep=  80 step= 80 t=14.05h]  lat=-23.759° lon= +57.003° alt=683.3km  →  International (-23.8°, +57.0°)  batt=100.0%
[ep=  80 step=100 t=15.54h]  lat= +8.706° lon= +61.883° alt=680.0km  →  International (+8.7°, +61.9°)   batt= 99.8%
[ep=  80 step=120 t=15.71h]  lat=-27.717° lon= +56.377° alt=684.4km  →  International (-27.7°, +56.4°)  batt= 99.8%
[ep=  80 step=140 t=16.54h]  lat=+30.521° lon=-124.111° alt=689.7km  →  International (+30.5°, -124.1°)  batt=100.0%
[ep=  80 step=160 t=23.21h]  lat=+53.348° lon=-130.021° alt=696.0km  →  International (+53.3°, -130.0°)  batt= 99.8%
[ep=  80 step=180 t=27.97h]  lat=+18.295° lon=-121.537° alt=687.7km  →  International (+18.3°, -121.5°)  batt=100.0%
[ep=  80 step=200 t=31.08h]  lat=-17.422° lon=-116.174° alt=688.3km  →  International (-17.4°, -116.2°)  batt=100.0%
[ep=  80 step=220 t=34.84h]  lat=+81.522° lon=+169.558° alt=699.8km  →  International (+81.5°, +169.6°)  batt= 99.9%
[ep=  80 step=240 t=39.90h]  lat=+61.454° lon= +76.738° alt=694.2km  →  International (+61.5°, +76.7°)  batt=100.0%
[ep=  80 step=260 t=40.39h]  lat=-45.230° lon= +53.447° alt=690.3km  →  International (-45.2°, +53.4°)  batt=100.0%
[ep=  80 step=280 t=44.16h]  lat=-27.502° lon=-113.956° alt=690.6km  →  International (-27.5°, -114.0°)  batt=100.0%
[ep=  81 step= 20 t= 4.76h]  lat=-35.319° lon=-114.044° alt=691.7km  →  International (-35.3°, -114.0°)  batt=100.0%
[ep=  81 step= 40 t= 9.08h]  lat=-11.877° lon= +58.666° alt=680.7km  →  International (-11.9°, +58.7°)  batt=100.0%
[ep=  81 step= 60 t= 9.24h]  lat=-48.066° lon= +51.307° alt=691.3km  →  International (-48.1°, +51.3°)  batt=100.0%
[ep=  81 step= 80 t=12.42h]  lat=-25.285° lon= +56.675° alt=683.4km  →  International (-25.3°, +56.7°)  batt=100.0%
[ep=  81 step=100 t=16.53h]  lat=+28.751° lon=-123.778° alt=689.6km  →  International (+28.8°, -123.8°)  batt=100.0%
[ep=  81 step=120 t=20.00h]  lat=+68.424° lon=-140.170° alt=698.9km  →  International (+68.4°, -140.2°)  batt=100.0%
[ep=  81 step=140 t=25.72h]  lat=-63.655° lon= +44.440° alt=696.7km  →  International (-63.7°, +44.4°)  batt=100.0%
[ep=  81 step=160 t=31.10h]  lat=-13.706° lon=-116.742° alt=687.3km  →  International (-13.7°, -116.7°)  batt=100.0%
[ep=  81 step=180 t=33.23h]  lat=+81.533° lon=+133.479° alt=699.6km  →  International (+81.5°, +133.5°)  batt=100.0%
[ep=  81 step=200 t=38.40h]  lat=+31.289° lon= +66.514° alt=684.1km  →  International (+31.3°, +66.5°)  batt=100.0%
[ep=  81 step=220 t=42.50h]  lat=-31.335° lon=-113.308° alt=691.4km  →  International (-31.3°, -113.3°)  batt=100.0%
[ep=  81 step=240 t=45.61h]  lat=-67.889° lon= -97.719° alt=700.8km  →  International (-67.9°, -97.7°)  batt=100.0%
[ep=  82 step= 20 t= 3.45h]  lat=+36.976° lon=-125.980° alt=691.7km  →  International (+37.0°, -126.0°)  batt=100.0%
[ep=  82 step= 40 t= 7.34h]  lat= +8.485° lon= +61.511° alt=679.4km  →  International (+8.5°, +61.5°)   batt= 99.8%
[ep=  82 step= 60 t=12.09h]  lat=+45.529° lon= +68.792° alt=688.6km  →  International (+45.5°, +68.8°)  batt= 99.9%
[ep=  82 step= 80 t=18.76h]  lat=+22.489° lon= +64.131° alt=681.6km  →  International (+22.5°, +64.1°)  batt= 99.8%
[ep=  82 step=100 t=24.78h]  lat=+39.529° lon=-125.696° alt=692.3km  →  International (+39.5°, -125.7°)  batt=100.0%
[ep=  82 step=120 t=28.02h]  lat=+29.375° lon=-123.423° alt=690.1km  →  International (+29.4°, -123.4°)  batt=100.0%
[ep=  82 step=140 t=33.72h]  lat=-20.652° lon= +58.322° alt=681.4km  →  International (-20.7°, +58.3°)  batt= 99.7%
[ep=  82 step=160 t=37.52h]  lat=-42.967° lon=-110.879° alt=695.0km  →  International (-43.0°, -110.9°)  batt=100.0%
[ep=  82 step=180 t=39.41h]  lat= +9.352° lon=-119.721° alt=687.3km  →  International (+9.4°, -119.7°)  batt=100.0%
[ep=  82 step=200 t=44.70h]  lat=+81.896° lon=+145.846° alt=699.4km  →  International (+81.9°, +145.8°)  batt=100.0%
[ep=  82 step=220 t=46.62h]  lat=+27.634° lon= +66.165° alt=682.4km  →  International (+27.6°, +66.2°)  batt= 99.9%
[ep=  82 step=240 t=46.78h]  lat= -8.804° lon= +60.663° alt=679.2km  →  International (-8.8°, +60.7°)   batt= 99.8%
[ep=  82 step=260 t=46.96h]  lat=-46.249° lon= +53.419° alt=690.2km  →  International (-46.2°, +53.4°)  batt=100.0%
[ep=  82 step=280 t=47.92h]  lat=+76.223° lon=-153.323° alt=699.6km  →  International (+76.2°, -153.3°)  batt=100.0%
[ep=  83 step= 20 t= 6.03h]  lat=-61.568° lon= +45.087° alt=696.2km  →  International (-61.6°, +45.1°)  batt=100.0%
[ep=  83 step= 40 t= 9.24h]  lat=-46.873° lon= +51.682° alt=690.9km  →  International (-46.9°, +51.7°)  batt=100.0%
[ep=  83 step= 60 t=12.69h]  lat=-80.314° lon=  +4.436° alt=700.9km  →  International (-80.3°, +4.4°)   batt=100.0%
[ep=  83 step= 80 t=17.11h]  lat=+24.119° lon= +64.338° alt=682.5km  →  International (+24.1°, +64.3°)  batt=100.0%
[ep=  83 step=100 t=21.21h]  lat=-24.170° lon=-115.483° alt=689.3km  →  International (-24.2°, -115.5°)  batt=100.0%
[ep=  83 step=120 t=22.04h]  lat=+21.297° lon= +64.071° alt=681.5km  →  International (+21.3°, +64.1°)  batt=100.0%
[ep=  83 step=140 t=27.09h]  lat= -5.222° lon= +60.372° alt=679.4km  →  International (-5.2°, +60.4°)   batt=100.0%
[ep=  83 step=160 t=33.75h]  lat=-28.383° lon= +56.999° alt=684.2km  →  International (-28.4°, +57.0°)  batt= 99.7%
[ep=  83 step=180 t=35.39h]  lat=-26.906° lon= +57.333° alt=683.6km  →  International (-26.9°, +57.3°)  batt= 99.9%
[ep=  83 step=200 t=37.50h]  lat=-47.892° lon=-109.443° alt=696.0km  →  International (-47.9°, -109.4°)  batt= 99.9%
[ep=  83 step=220 t=44.17h]  lat=-24.972° lon=-114.402° alt=689.9km  →  International (-25.0°, -114.4°)  batt= 99.5%
[ep=  83 step=240 t=46.99h]  lat=-52.610° lon= +51.250° alt=692.7km  →  International (-52.6°, +51.3°)  batt= 99.9%
[ep=  84 step= 20 t= 6.67h]  lat=+23.161° lon=-123.200° alt=688.4km  →  International (+23.2°, -123.2°)  batt= 96.5%
[ep=  84 step= 40 t=12.38h]  lat=-16.202° lon= +58.152° alt=681.4km  →  International (-16.2°, +58.2°)  batt= 93.5%
[ep=  84 step= 60 t=12.88h]  lat=-53.367° lon=-108.486° alt=697.1km  →  International (-53.4°, -108.5°)  batt= 93.2%
[ep=  84 step= 80 t=18.90h]  lat= -8.438° lon= +59.574° alt=679.8km  →  International (-8.4°, +59.6°)   batt= 90.0%
[ep=  84 step=100 t=23.96h]  lat=-38.468° lon= +54.523° alt=687.5km  →  International (-38.5°, +54.5°)  batt= 87.2%
[ep=  84 step=120 t=29.98h]  lat=+76.360° lon= +96.950° alt=698.2km  →  International (+76.4°, +97.0°)  batt= 84.7%
[ep=  84 step=140 t=35.11h]  lat=+33.741° lon= +66.873° alt=684.8km  →  International (+33.7°, +66.9°)  batt= 83.1%
[ep=  84 step=160 t=36.98h]  lat=-15.742° lon= +59.232° alt=680.9km  →  International (-15.7°, +59.2°)  batt= 82.1%
[ep=  84 step=180 t=37.14h]  lat=-51.853° lon= +51.136° alt=692.7km  →  International (-51.9°, +51.1°)  batt= 82.0%
[ep=  84 step=200 t=40.89h]  lat=-24.399° lon=-114.635° alt=689.7km  →  International (-24.4°, -114.6°)  batt= 80.0%
[ep=  84 step=220 t=43.05h]  lat=+81.893° lon=+157.815° alt=699.6km  →  International (+81.9°, +157.8°)  batt= 78.8%
[ep=  84 step=240 t=47.15h]  lat=-81.899° lon= -22.292° alt=701.7km  →  International (-81.9°, -22.3°)  batt= 76.7%
[ep=  85 step= 20 t= 0.98h]  lat=-35.642° lon= +54.209° alt=686.7km  →  International (-35.6°, +54.2°)  batt=100.0%
[ep=  85 step= 40 t= 4.75h]  lat=-37.098° lon=-113.655° alt=692.3km  →  International (-37.1°, -113.7°)  batt= 99.9%
[ep=  85 step= 60 t=10.45h]  lat=+45.889° lon= +68.828° alt=689.3km  →  International (+45.9°, +68.8°)  batt=100.0%
[ep=  85 step= 80 t=14.55h]  lat=-45.893° lon=-110.999° alt=695.2km  →  International (-45.9°, -111.0°)  batt=100.0%
[ep=  85 step=100 t=14.72h]  lat= -9.726° lon=-118.006° alt=687.0km  →  International (-9.7°, -118.0°)  batt=100.0%
[ep=  85 step=120 t=17.83h]  lat=-47.013° lon=-110.525° alt=695.7km  →  International (-47.0°, -110.5°)  batt= 99.6%
[ep=  85 step=140 t=22.90h]  lat=-13.503° lon=-117.110° alt=687.6km  →  International (-13.5°, -117.1°)  batt= 99.9%
[ep=  85 step=160 t=28.93h]  lat=-50.260° lon= +51.374° alt=691.7km  →  International (-50.3°, +51.4°)  batt= 99.7%
[ep=  85 step=180 t=34.00h]  lat=-79.300° lon= +12.845° alt=700.7km  →  International (-79.3°, +12.8°)  batt= 99.8%
[ep=  85 step=200 t=38.75h]  lat=-45.082° lon= +53.420° alt=689.6km  →  International (-45.1°, +53.4°)  batt= 98.5%
[ep=  85 step=220 t=39.26h]  lat=-22.872° lon=-114.962° alt=689.6km  →  International (-22.9°, -115.0°)  batt= 98.7%
[ep=  85 step=240 t=39.33h]  lat= -8.338° lon=-117.196° alt=687.3km  →  International (-8.3°, -117.2°)  batt= 98.6%
[ep=  85 step=260 t=40.16h]  lat= +4.203° lon= +62.245° alt=678.5km  →  International (+4.2°, +62.2°)   batt= 98.9%
[ep=  85 step=280 t=45.56h]  lat=-77.772° lon= -77.317° alt=701.9km  →  International (-77.8°, -77.3°)  batt= 99.7%
[ep=  86 step= 20 t= 3.38h]  lat=+20.689° lon=-122.927° alt=687.9km  →  International (+20.7°, -122.9°)  batt=100.0%
[ep=  86 step= 40 t= 6.48h]  lat=-16.831° lon=-117.277° alt=687.7km  →  International (-16.8°, -117.3°)  batt=100.0%
[ep=  86 step= 60 t=10.25h]  lat=+81.935° lon=+151.679° alt=699.6km  →  International (+81.9°, +151.7°)  batt=100.0%
[ep=  86 step= 80 t=16.09h]  lat=-66.592° lon=-100.239° alt=700.2km  →  International (-66.6°, -100.2°)  batt=100.0%
[ep=  86 step=100 t=22.76h]  lat=-44.127° lon=-111.160° alt=694.6km  →  International (-44.1°, -111.2°)  batt=100.0%
[ep=  86 step=120 t=27.52h]  lat=-75.802° lon= -84.833° alt=701.5km  →  International (-75.8°, -84.8°)  batt=100.0%
[ep=  86 step=140 t=30.96h]  lat=-44.234° lon=-110.793° alt=695.0km  →  International (-44.2°, -110.8°)  batt=100.0%
[ep=  86 step=160 t=31.17h]  lat= +1.058° lon=-118.860° alt=686.5km  →  International (+1.1°, -118.9°)  batt=100.0%
[ep=  86 step=180 t=34.98h]  lat=+61.494° lon= +76.565° alt=693.7km  →  International (+61.5°, +76.6°)  batt=100.0%
[ep=  86 step=200 t=40.37h]  lat=-40.830° lon= +54.645° alt=688.3km  →  International (-40.8°, +54.6°)  batt= 99.7%
[ep=  86 step=220 t=46.40h]  lat=+72.781° lon= +89.120° alt=697.1km  →  International (+72.8°, +89.1°)  batt=100.0%
[ep=  87 step= 20 t= 0.93h]  lat=-22.963° lon= +56.596° alt=682.7km  →  International (-23.0°, +56.6°)  batt= 99.7%
[ep=  87 step= 40 t= 2.40h]  lat=+13.142° lon= +61.993° alt=680.2km  →  International (+13.1°, +62.0°)  batt= 99.8%
[ep=  87 step= 60 t= 7.47h]  lat=-20.680° lon= +57.242° alt=681.9km  →  International (-20.7°, +57.2°)  batt= 99.7%
[ep=  87 step= 80 t=12.23h]  lat=+14.767° lon= +62.641° alt=680.0km  →  International (+14.8°, +62.6°)  batt= 99.8%
[ep=  87 step=100 t=17.63h]  lat=-81.922° lon= -32.996° alt=701.5km  →  International (-81.9°, -33.0°)  batt=100.0%
[ep=  87 step=120 t=23.67h]  lat=+25.136° lon= +64.784° alt=682.2km  →  International (+25.1°, +64.8°)  batt= 99.8%
[ep=  87 step=140 t=25.47h]  lat= -9.823° lon= +59.641° alt=679.7km  →  International (-9.8°, +59.6°)   batt= 99.8%
[ep=  87 step=160 t=25.63h]  lat=-46.054° lon= +52.602° alt=690.2km  →  International (-46.1°, +52.6°)  batt=100.0%
[ep=  87 step=180 t=28.11h]  lat=+49.128° lon=-128.267° alt=694.9km  →  International (+49.1°, -128.3°)  batt=100.0%
[ep=  87 step=200 t=32.53h]  lat=-59.984° lon=-104.478° alt=699.2km  →  International (-60.0°, -104.5°)  batt=100.0%
[ep=  87 step=220 t=36.32h]  lat=+51.950° lon=-128.935° alt=695.7km  →  International (+52.0°, -128.9°)  batt=100.0%
[ep=  87 step=240 t=39.19h]  lat=-37.886° lon=-112.061° alt=693.6km  →  International (-37.9°, -112.1°)  batt=100.0%
[ep=  87 step=260 t=39.31h]  lat=-12.532° lon=-116.580° alt=688.0km  →  International (-12.5°, -116.6°)  batt=100.0%
[ep=  87 step=280 t=42.72h]  lat=+17.251° lon=-120.764° alt=688.1km  →  International (+17.3°, -120.8°)  batt=100.0%
[ep=  87 step=300 t=47.82h]  lat=+56.022° lon=-130.165° alt=696.5km  →  International (+56.0°, -130.2°)  batt=100.0%
[ep=  88 step= 20 t= 4.21h]  lat=-23.647° lon= +56.617° alt=682.6km  →  International (-23.6°, +56.6°)  batt=100.0%
[ep=  88 step= 40 t= 6.39h]  lat=-36.753° lon=-113.667° alt=692.6km  →  International (-36.8°, -113.7°)  batt=100.0%
[ep=  88 step= 60 t=11.16h]  lat=-69.274° lon= -97.558° alt=700.6km  →  International (-69.3°, -97.6°)  batt=100.0%
[ep=  88 step= 80 t=17.19h]  lat= +6.451° lon= +61.626° alt=679.0km  →  International (+6.5°, +61.6°)   batt=100.0%
[ep=  88 step=100 t=22.24h]  lat=-21.893° lon= +57.657° alt=682.2km  →  International (-21.9°, +57.7°)  batt=100.0%
[ep=  88 step=120 t=23.72h]  lat=+14.219° lon= +63.036° alt=680.0km  →  International (+14.2°, +63.0°)  batt=100.0%
[ep=  88 step=140 t=23.89h]  lat=-24.048° lon= +57.363° alt=682.7km  →  International (-24.0°, +57.4°)  batt=100.0%
[ep=  88 step=160 t=24.72h]  lat=+25.047° lon=-122.774° alt=688.9km  →  International (+25.0°, -122.8°)  batt= 99.9%
[ep=  88 step=180 t=29.78h]  lat=+56.558° lon=-131.151° alt=696.8km  →  International (+56.6°, -131.2°)  batt= 99.7%
[ep=  88 step=200 t=34.54h]  lat=+21.614° lon=-121.791° alt=688.6km  →  International (+21.6°, -121.8°)  batt= 99.8%
[ep=  88 step=220 t=37.67h]  lat=-12.262° lon=-116.680° alt=687.9km  →  International (-12.3°, -116.7°)  batt=100.0%
[ep=  88 step=240 t=39.20h]  lat=-35.478° lon=-112.587° alt=693.0km  →  International (-35.5°, -112.6°)  batt=100.0%
[ep=  88 step=260 t=42.01h]  lat=-41.017° lon= +54.660° alt=688.0km  →  International (-41.0°, +54.7°)  batt=100.0%
[ep=  88 step=280 t=46.40h]  lat=+72.946° lon= +89.410° alt=697.2km  →  International (+72.9°, +89.4°)  batt=100.0%
[ep=  88 step=300 t=47.74h]  lat=+39.363° lon=-124.699° alt=692.4km  →  International (+39.4°, -124.7°)  batt= 99.9%
[ep=  89 step= 20 t= 5.71h]  lat= +7.030° lon= +61.236° alt=679.7km  →  International (+7.0°, +61.2°)   batt= 97.3%
[ep=  89 step= 40 t=10.45h]  lat=+45.917° lon= +68.841° alt=689.3km  →  International (+45.9°, +68.8°)  batt=100.0%
[ep=  89 step= 60 t=14.55h]  lat=-45.956° lon=-110.978° alt=695.1km  →  International (-46.0°, -111.0°)  batt= 98.7%
[ep=  89 step= 80 t=15.72h]  lat=-29.537° lon= +56.042° alt=685.0km  →  International (-29.5°, +56.0°)  batt= 98.1%
[ep=  89 step=100 t=16.56h]  lat=+34.144° lon=-124.833° alt=690.6km  →  International (+34.1°, -124.8°)  batt= 97.7%
[ep=  89 step=120 t=20.54h]  lat= -8.713° lon= +59.600° alt=680.0km  →  International (-8.7°, +59.6°)   batt= 97.6%
[ep=  89 step=140 t=21.37h]  lat= +9.741° lon=-120.516° alt=686.6km  →  International (+9.7°, -120.5°)  batt= 97.1%
[ep=  89 step=160 t=27.40h]  lat=-72.311° lon= +34.748° alt=699.3km  →  International (-72.3°, +34.7°)  batt= 94.6%
[ep=  89 step=180 t=29.32h]  lat=-43.634° lon=-111.031° alt=694.8km  →  International (-43.6°, -111.0°)  batt= 96.8%
[ep=  89 step=200 t=29.44h]  lat=-18.946° lon=-116.003° alt=688.5km  →  International (-18.9°, -116.0°)  batt= 96.7%
[ep=  89 step=220 t=33.13h]  lat=+69.695° lon=-141.156° alt=699.1km  →  International (+69.7°, -141.2°)  batt= 95.3%
[ep=  89 step=240 t=38.66h]  lat=-25.671° lon= +57.684° alt=683.6km  →  International (-25.7°, +57.7°)  batt= 92.6%
[ep=  89 step=260 t=39.81h]  lat=+78.605° lon=+106.302° alt=698.7km  →  International (+78.6°, +106.3°)  batt= 92.0%
[ep=  89 step=280 t=40.33h]  lat=-31.438° lon= +56.688° alt=685.3km  →  International (-31.4°, +56.7°)  batt= 91.7%
[ep=  89 step=300 t=41.15h]  lat=+32.415° lon=-123.472° alt=690.4km  →  International (+32.4°, -123.5°)  batt= 91.3%
[ep=  89 step=320 t=41.89h]  lat=-15.422° lon= +59.480° alt=680.9km  →  International (-15.4°, +59.5°)  batt= 90.9%
[ep=  89 step=340 t=42.06h]  lat=-51.539° lon= +51.451° alt=692.6km  →  International (-51.5°, +51.5°)  batt= 90.9%
[ep=  89 step=360 t=47.60h]  lat= +8.326° lon=-119.234° alt=687.0km  →  International (+8.3°, -119.2°)  batt= 88.1%
[ep=  90 step= 20 t= 4.44h]  lat=-72.017° lon= +34.303° alt=699.1km  →  International (-72.0°, +34.3°)  batt=100.0%
[ep=  90 step= 40 t= 9.84h]  lat= -1.026° lon=-119.446° alt=686.1km  →  International (-1.0°, -119.4°)  batt= 99.9%
[ep=  90 step= 60 t=10.89h]  lat=-50.793° lon= +50.454° alt=692.4km  →  International (-50.8°, +50.5°)  batt=100.0%
[ep=  90 step= 80 t=16.92h]  lat=+65.173° lon= +78.532° alt=695.6km  →  International (+65.2°, +78.5°)  batt=100.0%
[ep=  90 step=100 t=17.42h]  lat=-43.169° lon= +53.084° alt=689.3km  →  International (-43.2°, +53.1°)  batt=100.0%
[ep=  90 step=120 t=21.83h]  lat=+67.659° lon= +81.059° alt=696.4km  →  International (+67.7°, +81.1°)  batt= 99.6%
[ep=  90 step=140 t=25.29h]  lat=+27.875° lon= +65.341° alt=683.0km  →  International (+27.9°, +65.3°)  batt=100.0%
[ep=  90 step=160 t=31.64h]  lat=+74.048° lon= +91.011° alt=697.8km  →  International (+74.0°, +91.0°)  batt= 99.4%
[ep=  90 step=180 t=36.92h]  lat= -3.607° lon= +61.014° alt=679.3km  →  International (-3.6°, +61.0°)   batt=100.0%
[ep=  90 step=200 t=37.09h]  lat=-39.927° lon= +54.724° alt=688.2km  →  International (-39.9°, +54.7°)  batt= 99.9%
[ep=  90 step=220 t=39.89h]  lat=+64.203° lon= +78.692° alt=695.0km  →  International (+64.2°, +78.7°)  batt= 99.7%
[ep=  90 step=240 t=40.38h]  lat=-42.393° lon= +54.237° alt=688.9km  →  International (-42.4°, +54.2°)  batt=100.0%
[ep=  90 step=260 t=41.96h]  lat=-30.093° lon= +57.025° alt=684.5km  →  International (-30.1°, +57.0°)  batt=100.0%
[ep=  90 step=280 t=44.94h]  lat=+34.754° lon= +67.494° alt=684.9km  →  International (+34.8°, +67.5°)  batt=100.0%
[ep=  91 step= 20 t= 1.80h]  lat=+34.834° lon=-125.584° alt=691.0km  →  International (+34.8°, -125.6°)  batt= 99.8%
[ep=  91 step= 40 t= 7.52h]  lat=-29.752° lon= +55.666° alt=684.4km  →  International (-29.8°, +55.7°)  batt=100.0%
[ep=  91 step= 60 t=11.28h]  lat=-42.956° lon=-111.959° alt=694.4km  →  International (-43.0°, -112.0°)  batt=100.0%
[ep=  91 step= 80 t=11.51h]  lat= +5.998° lon=-120.381° alt=686.5km  →  International (+6.0°, -120.4°)  batt= 99.9%
[ep=  91 step=100 t=16.91h]  lat=+67.426° lon= +80.612° alt=696.1km  →  International (+67.4°, +80.6°)  batt=100.0%
[ep=  91 step=120 t=20.56h]  lat=-12.458° lon= +59.053° alt=680.2km  →  International (-12.5°, +59.1°)  batt=100.0%
[ep=  91 step=140 t=22.36h]  lat=-47.182° lon= +52.127° alt=690.7km  →  International (-47.2°, +52.1°)  batt=100.0%
[ep=  91 step=160 t=23.77h]  lat= +3.278° lon= +61.442° alt=679.0km  →  International (+3.3°, +61.4°)   batt=100.0%
[ep=  91 step=180 t=23.93h]  lat=-33.115° lon= +55.683° alt=685.5km  →  International (-33.1°, +55.7°)  batt=100.0%
[ep=  91 step=200 t=25.37h]  lat=+12.055° lon= +62.776° alt=679.6km  →  International (+12.1°, +62.8°)  batt= 99.9%
[ep=  91 step=220 t=25.53h]  lat=-24.390° lon= +57.367° alt=682.7km  →  International (-24.4°, +57.4°)  batt= 99.8%
[ep=  91 step=240 t=27.66h]  lat=-48.572° lon=-109.627° alt=696.2km  →  International (-48.6°, -109.6°)  batt=100.0%
[ep=  91 step=260 t=33.05h]  lat=+53.668° lon=-129.744° alt=696.2km  →  International (+53.7°, -129.7°)  batt= 99.8%
[ep=  91 step=280 t=37.48h]  lat=-51.936° lon=-108.036° alt=697.4km  →  International (-51.9°, -108.0°)  batt=100.0%
[ep=  91 step=300 t=37.65h]  lat=-15.892° lon=-116.140° alt=688.4km  →  International (-15.9°, -116.1°)  batt= 99.9%
[ep=  91 step=320 t=39.16h]  lat=-44.462° lon=-110.400° alt=695.5km  →  International (-44.5°, -110.4°)  batt=100.0%
[ep=  91 step=340 t=44.54h]  lat=+55.967° lon=-130.269° alt=696.5km  →  International (+56.0°, -130.3°)  batt= 99.6%
[ep=  91 step=360 t=46.80h]  lat=-11.794° lon= +60.230° alt=679.7km  →  International (-11.8°, +60.2°)  batt=100.0%
[ep=  91 step=380 t=46.97h]  lat=-48.587° lon= +52.691° alt=691.1km  →  International (-48.6°, +52.7°)  batt=100.0%
[ep=  92 step= 20 t= 5.72h]  lat= +5.166° lon= +60.969° alt=679.2km  →  International (+5.2°, +61.0°)   batt=100.0%
[ep=  92 step= 40 t=10.78h]  lat=-26.845° lon= +56.334° alt=683.4km  →  International (-26.8°, +56.3°)  batt=100.0%
[ep=  92 step= 60 t=16.18h]  lat=-47.272° lon=-110.512° alt=695.6km  →  International (-47.3°, -110.5°)  batt=100.0%
[ep=  92 step= 80 t=18.96h]  lat=-21.289° lon= +57.621° alt=682.1km  →  International (-21.3°, +57.6°)  batt= 99.9%
[ep=  92 step=100 t=19.12h]  lat=-57.254° lon= +48.069° alt=694.5km  →  International (-57.3°, +48.1°)  batt=100.0%
[ep=  92 step=120 t=23.88h]  lat=-22.330° lon= +57.652° alt=682.1km  →  International (-22.3°, +57.7°)  batt=100.0%
[ep=  92 step=140 t=24.73h]  lat=+26.959° lon=-123.109° alt=689.3km  →  International (+27.0°, -123.1°)  batt= 99.9%
[ep=  92 step=160 t=29.77h]  lat=+54.893° lon=-130.391° alt=696.3km  →  International (+54.9°, -130.4°)  batt=100.0%
[ep=  92 step=180 t=35.49h]  lat=-49.387° lon= +51.958° alt=691.3km  →  International (-49.4°, +52.0°)  batt=100.0%
[ep=  92 step=200 t=38.94h]  lat=-81.464° lon=  -9.024° alt=701.4km  →  International (-81.5°, -9.0°)   batt=100.0%
[ep=  92 step=220 t=42.03h]  lat=-45.361° lon= +53.493° alt=690.0km  →  International (-45.4°, +53.5°)  batt=100.0%
[ep=  92 step=240 t=43.53h]  lat=-14.929° lon= +59.636° alt=680.3km  →  International (-14.9°, +59.6°)  batt=100.0%
[ep=  92 step=260 t=43.70h]  lat=-51.062° lon= +51.712° alt=692.1km  →  International (-51.1°, +51.7°)  batt=100.0%
[ep=  92 step=280 t=47.47h]  lat=-19.742° lon=-115.125° alt=688.9km  →  International (-19.7°, -115.1°)  batt=100.0%
[ep=  93 step= 20 t= 0.94h]  lat=-26.594° lon= +55.971° alt=683.7km  →  International (-26.6°, +56.0°)  batt=100.0%
[ep=  93 step= 40 t= 1.13h]  lat=-65.819° lon= +41.655° alt=697.2km  →  International (-65.8°, +41.7°)  batt=100.0%
[ep=  93 step= 60 t= 5.25h]  lat=+70.709° lon=-143.654° alt=699.4km  →  International (+70.7°, -143.7°)  batt=100.0%
[ep=  93 step= 80 t= 9.66h]  lat=-39.696° lon=-112.853° alt=693.4km  →  International (-39.7°, -112.9°)  batt=100.0%
[ep=  93 step=100 t=13.11h]  lat= -2.765° lon=-119.069° alt=686.5km  →  International (-2.8°, -119.1°)  batt=100.0%
[ep=  93 step=120 t=14.62h]  lat=-31.474° lon=-114.423° alt=691.4km  →  International (-31.5°, -114.4°)  batt=100.0%
[ep=  93 step=140 t=14.78h]  lat= +4.857° lon=-120.081° alt=686.6km  →  International (+4.9°, -120.1°)  batt= 99.9%
[ep=  93 step=160 t=18.90h]  lat= -8.478° lon= +59.569° alt=679.4km  →  International (-8.5°, +59.6°)   batt= 99.9%
[ep=  93 step=180 t=23.32h]  lat=+75.520° lon=-152.300° alt=699.7km  →  International (+75.5°, -152.3°)  batt=100.0%
[ep=  93 step=200 t=23.88h]  lat=-20.412° lon= +57.963° alt=681.8km  →  International (-20.4°, +58.0°)  batt=100.0%
[ep=  93 step=220 t=24.38h]  lat=-49.248° lon=-109.534° alt=696.2km  →  International (-49.2°, -109.5°)  batt=100.0%
[ep=  93 step=240 t=31.04h]  lat=-26.310° lon=-114.707° alt=690.4km  →  International (-26.3°, -114.7°)  batt=100.0%
[ep=  93 step=260 t=35.46h]  lat=-42.666° lon= +53.959° alt=688.7km  →  International (-42.7°, +54.0°)  batt=100.0%
[ep=  93 step=280 t=37.37h]  lat=-75.213° lon= -86.002° alt=701.7km  →  International (-75.2°, -86.0°)  batt=100.0%
[ep=  93 step=300 t=41.47h]  lat=+75.371° lon= +94.568° alt=697.9km  →  International (+75.4°, +94.6°)  batt=100.0%
[ep=  93 step=320 t=45.31h]  lat=-45.267° lon= +53.650° alt=689.9km  →  International (-45.3°, +53.7°)  batt=100.0%
[ep=  93 step=340 t=47.93h]  lat=+77.141° lon=-156.372° alt=699.6km  →  International (+77.1°, -156.4°)  batt=100.0%
[ep=  94 step= 20 t= 4.97h]  lat=+10.090° lon=-121.240° alt=686.3km  →  International (+10.1°, -121.2°)  batt=100.0%
[ep=  94 step= 40 t=10.68h]  lat= -3.111° lon= +59.999° alt=679.4km  →  International (-3.1°, +60.0°)   batt= 99.8%
[ep=  94 step= 60 t=14.04h]  lat=-21.989° lon= +57.302° alt=682.7km  →  International (-22.0°, +57.3°)  batt=100.0%
[ep=  94 step= 80 t=15.52h]  lat=+14.125° lon= +62.684° alt=680.5km  →  International (+14.1°, +62.7°)  batt= 99.8%
[ep=  94 step=100 t=15.80h]  lat=-47.596° lon= +51.729° alt=691.3km  →  International (-47.6°, +51.7°)  batt=100.0%
[ep=  94 step=120 t=17.32h]  lat=-20.835° lon= +57.624° alt=682.4km  →  International (-20.8°, +57.6°)  batt=100.0%
[ep=  94 step=140 t=17.49h]  lat=-58.571° lon= +47.315° alt=695.2km  →  International (-58.6°, +47.3°)  batt=100.0%
[ep=  94 step=160 t=18.90h]  lat= -8.425° lon= +59.577° alt=680.0km  →  International (-8.4°, +59.6°)   batt=100.0%
[ep=  94 step=180 t=19.07h]  lat=-44.674° lon= +52.733° alt=690.0km  →  International (-44.7°, +52.7°)  batt=100.0%
[ep=  94 step=200 t=24.45h]  lat=-33.141° lon=-113.686° alt=691.7km  →  International (-33.1°, -113.7°)  batt=100.0%
[ep=  94 step=220 t=28.90h]  lat=-43.057° lon= +53.583° alt=689.2km  →  International (-43.1°, +53.6°)  batt=100.0%
[ep=  94 step=240 t=29.43h]  lat=-20.081° lon=-115.818° alt=688.7km  →  International (-20.1°, -115.8°)  batt=100.0%
[ep=  94 step=260 t=29.49h]  lat= -7.963° lon=-117.649° alt=686.9km  →  International (-8.0°, -117.6°)  batt=100.0%
[ep=  94 step=280 t=33.26h]  lat=+77.731° lon=+102.022° alt=698.5km  →  International (+77.7°, +102.0°)  batt=100.0%
[ep=  94 step=300 t=38.61h]  lat=-15.472° lon= +59.346° alt=680.9km  →  International (-15.5°, +59.3°)  batt=100.0%
[ep=  94 step=320 t=38.81h]  lat=-58.665° lon= +48.148° alt=695.3km  →  International (-58.7°, +48.1°)  batt=100.0%
[ep=  94 step=340 t=43.88h]  lat=-81.787° lon= -39.169° alt=701.8km  →  International (-81.8°, -39.2°)  batt=100.0%
[ep=  95 step= 20 t= 4.75h]  lat=-37.087° lon=-113.662° alt=692.4km  →  International (-37.1°, -113.7°)  batt= 99.9%
[ep=  95 step= 40 t= 8.87h]  lat=+33.569° lon= +65.758° alt=684.6km  →  International (+33.6°, +65.8°)  batt= 99.9%
[ep=  95 step= 60 t=14.57h]  lat=-40.439° lon=-112.469° alt=693.6km  →  International (-40.4°, -112.5°)  batt= 99.0%
[ep=  95 step= 80 t=19.97h]  lat=+61.686° lon=-134.423° alt=697.5km  →  International (+61.7°, -134.4°)  batt= 99.8%
[ep=  95 step=100 t=26.63h]  lat=+80.998° lon=+177.731° alt=699.9km  →  International (+81.0°, +177.7°)  batt= 98.0%
[ep=  95 step=120 t=31.29h]  lat=+28.305° lon=-123.092° alt=689.7km  →  International (+28.3°, -123.1°)  batt= 99.8%
[ep=  95 step=140 t=36.69h]  lat=+45.802° lon= +69.880° alt=688.4km  →  International (+45.8°, +69.9°)  batt= 99.7%
[ep=  95 step=160 t=42.73h]  lat=+18.007° lon=-120.884° alt=687.7km  →  International (+18.0°, -120.9°)  batt= 99.2%
[ep=  95 step=180 t=43.62h]  lat=-35.487° lon= +55.995° alt=686.2km  →  International (-35.5°, +56.0°)  batt= 99.5%
[ep=  95 step=200 t=45.01h]  lat=+20.589° lon= +64.898° alt=680.8km  →  International (+20.6°, +64.9°)  batt=100.0%
[ep=  95 step=220 t=45.17h]  lat=-15.868° lon= +59.546° alt=680.5km  →  International (-15.9°, +59.5°)  batt=100.0%
[ep=  95 step=240 t=45.34h]  lat=-51.980° lon= +51.422° alt=692.4km  →  International (-52.0°, +51.4°)  batt=100.0%
[ep=  96 step= 20 t= 5.40h]  lat=+72.881° lon= +87.601° alt=697.7km  →  International (+72.9°, +87.6°)  batt= 97.4%
[ep=  96 step= 40 t= 9.82h]  lat= -5.236° lon=-118.852° alt=686.4km  →  International (-5.2°, -118.9°)  batt= 95.6%
[ep=  96 step= 60 t=13.90h]  lat= +8.920° lon= +61.846° alt=679.5km  →  International (+8.9°, +61.8°)   batt= 97.3%
[ep=  96 step= 80 t=18.01h]  lat= -7.174° lon=-118.237° alt=686.3km  →  International (-7.2°, -118.2°)  batt= 97.8%
[ep=  96 step=100 t=18.95h]  lat=-19.443° lon= +57.914° alt=681.8km  →  International (-19.4°, +57.9°)  batt= 97.3%
[ep=  96 step=120 t=19.12h]  lat=-55.462° lon= +48.909° alt=693.9km  →  International (-55.5°, +48.9°)  batt= 97.3%
[ep=  96 step=140 t=22.22h]  lat=-16.495° lon= +58.509° alt=680.9km  →  International (-16.5°, +58.5°)  batt= 95.6%
[ep=  96 step=160 t=24.02h]  lat=-51.150° lon= +50.860° alt=692.1km  →  International (-51.1°, +50.9°)  batt= 94.7%
[ep=  96 step=180 t=29.24h]  lat=-60.568° lon=-104.259° alt=699.1km  →  International (-60.6°, -104.3°)  batt= 92.0%
[ep=  96 step=200 t=29.56h]  lat= +9.169° lon=-120.095° alt=686.7km  →  International (+9.2°, -120.1°)  batt= 91.9%
[ep=  96 step=220 t=31.59h]  lat=+80.600° lon=+120.140° alt=699.0km  →  International (+80.6°, +120.1°)  batt= 90.8%
[ep=  96 step=240 t=37.31h]  lat=-81.937° lon= -27.128° alt=701.6km  →  International (-81.9°, -27.1°)  batt= 91.1%
[ep=  96 step=260 t=42.70h]  lat=+13.117° lon=-120.134° alt=687.0km  →  International (+13.1°, -120.1°)  batt= 90.8%
[ep=  97 step= 20 t= 4.27h]  lat=-36.300° lon= +54.205° alt=687.2km  →  International (-36.3°, +54.2°)  batt=100.0%
[ep=  97 step= 40 t= 7.41h]  lat= -6.088° lon= +59.440° alt=680.0km  →  International (-6.1°, +59.4°)   batt=100.0%
[ep=  97 step= 60 t= 7.58h]  lat=-42.371° lon= +52.887° alt=689.2km  →  International (-42.4°, +52.9°)  batt= 99.9%
[ep=  97 step= 80 t= 9.09h]  lat=-15.539° lon= +58.117° alt=681.2km  →  International (-15.5°, +58.1°)  batt= 99.9%
[ep=  97 step=100 t= 9.27h]  lat=-53.430° lon= +49.372° alt=693.2km  →  International (-53.4°, +49.4°)  batt=100.0%
[ep=  97 step=120 t=10.83h]  lat=-37.644° lon= +54.174° alt=687.4km  →  International (-37.6°, +54.2°)  batt=100.0%
[ep=  97 step=140 t=15.89h]  lat=-66.933° lon= +41.230° alt=697.6km  →  International (-66.9°, +41.2°)  batt= 99.9%
[ep=  97 step=160 t=17.79h]  lat=-54.150° lon=-107.962° alt=697.3km  →  International (-54.1°, -108.0°)  batt= 99.8%
[ep=  97 step=180 t=17.99h]  lat=-10.880° lon=-117.699° alt=686.9km  →  International (-10.9°, -117.7°)  batt=100.0%
[ep=  97 step=200 t=18.38h]  lat=+72.010° lon=-145.110° alt=699.4km  →  International (+72.0°, -145.1°)  batt=100.0%
[ep=  97 step=220 t=20.85h]  lat=-74.926° lon= +29.120° alt=699.8km  →  International (-74.9°, +29.1°)  batt=100.0%
[ep=  97 step=240 t=26.89h]  lat=+38.371° lon= +67.546° alt=686.5km  →  International (+38.4°, +67.5°)  batt=100.0%
[ep=  97 step=260 t=29.27h]  lat=-54.812° lon=-107.205° alt=697.6km  →  International (-54.8°, -107.2°)  batt=100.0%
[ep=  97 step=280 t=34.66h]  lat=+47.443° lon=-127.448° alt=694.3km  →  International (+47.4°, -127.4°)  batt=100.0%
[ep=  97 step=300 t=38.41h]  lat=+28.805° lon= +66.047° alt=683.3km  →  International (+28.8°, +66.0°)  batt=100.0%
[ep=  97 step=320 t=41.89h]  lat=-15.582° lon= +59.461° alt=680.6km  →  International (-15.6°, +59.5°)  batt=100.0%
[ep=  97 step=340 t=46.64h]  lat=+21.672° lon= +65.147° alt=681.0km  →  International (+21.7°, +65.1°)  batt=100.0%
[ep=  98 step= 20 t= 2.33h]  lat=+29.509° lon= +64.695° alt=684.1km  →  International (+29.5°, +64.7°)  batt= 99.4%
[ep=  98 step= 40 t= 8.36h]  lat=+34.364° lon=-125.215° alt=690.9km  →  International (+34.4°, -125.2°)  batt= 96.5%
[ep=  98 step= 60 t=13.48h]  lat=+76.821° lon=-156.669° alt=700.1km  →  International (+76.8°, -156.7°)  batt= 94.2%
[ep=  98 step= 80 t=17.89h]  lat=-32.622° lon=-114.056° alt=691.5km  →  International (-32.6°, -114.1°)  batt= 92.2%
[ep=  98 step=100 t=18.06h]  lat= +3.702° lon=-119.778° alt=686.4km  →  International (+3.7°, -119.8°)  batt= 92.1%
[ep=  98 step=120 t=22.16h]  lat= -3.672° lon= +60.395° alt=679.1km  →  International (-3.7°, +60.4°)   batt= 93.8%
[ep=  98 step=140 t=26.71h]  lat=+75.376° lon= +93.990° alt=698.2km  →  International (+75.4°, +94.0°)  batt= 98.1%
[ep=  98 step=160 t=27.23h]  lat=-37.381° lon= +54.914° alt=687.2km  →  International (-37.4°, +54.9°)  batt= 97.9%
[ep=  98 step=180 t=29.38h]  lat=-32.090° lon=-113.686° alt=691.3km  →  International (-32.1°, -113.7°)  batt= 97.0%
[ep=  98 step=200 t=32.09h]  lat=-23.910° lon= +57.727° alt=682.5km  →  International (-23.9°, +57.7°)  batt= 96.5%
[ep=  98 step=220 t=34.55h]  lat=+23.428° lon=-122.089° alt=688.9km  →  International (+23.4°, -122.1°)  batt= 95.7%
[ep=  98 step=240 t=39.00h]  lat=-76.925° lon= -80.799° alt=701.7km  →  International (-76.9°, -80.8°)  batt= 94.0%
[ep=  98 step=260 t=39.96h]  lat=+49.469° lon= +71.192° alt=689.9km  →  International (+49.5°, +71.2°)  batt= 93.8%
[ep=  98 step=280 t=40.88h]  lat=-27.940° lon=-113.998° alt=690.7km  →  International (-27.9°, -114.0°)  batt= 93.4%
[ep=  98 step=300 t=40.93h]  lat=-15.848° lon=-116.000° alt=688.2km  →  International (-15.8°, -116.0°)  batt= 93.4%
[ep=  98 step=320 t=46.96h]  lat=-47.976° lon= +52.903° alt=690.9km  →  International (-48.0°, +52.9°)  batt= 94.2%
[ep=  99 step= 20 t= 3.43h]  lat=+33.345° lon=-125.207° alt=690.5km  →  International (+33.3°, -125.2°)  batt=100.0%
[ep=  99 step= 40 t= 8.83h]  lat=+42.623° lon= +67.859° alt=687.9km  →  International (+42.6°, +67.9°)  batt= 99.9%
[ep=  99 step= 60 t=14.53h]  lat=-49.478° lon=-109.856° alt=696.1km  →  International (-49.5°, -109.9°)  batt=100.0%
[ep=  99 step= 80 t=15.74h]  lat=-35.019° lon= +54.958° alt=686.7km  →  International (-35.0°, +55.0°)  batt=100.0%
[ep=  99 step=100 t=17.23h]  lat= -2.633° lon= +60.343° alt=679.6km  →  International (-2.6°, +60.3°)   batt= 99.8%
[ep=  99 step=120 t=17.41h]  lat=-40.762° lon= +53.709° alt=688.7km  →  International (-40.8°, +53.7°)  batt=100.0%
[ep=  99 step=140 t=18.90h]  lat= -8.440° lon= +59.581° alt=680.0km  →  International (-8.4°, +59.6°)   batt= 99.7%
[ep=  99 step=160 t=19.07h]  lat=-44.689° lon= +52.735° alt=690.0km  →  International (-44.7°, +52.7°)  batt=100.0%
[ep=  99 step=180 t=21.21h]  lat=-24.738° lon=-115.376° alt=689.4km  →  International (-24.7°, -115.4°)  batt=100.0%
[ep=  99 step=200 t=27.23h]  lat=-37.345° lon= +54.926° alt=687.1km  →  International (-37.3°, +54.9°)  batt=100.0%
[ep=  99 step=220 t=29.42h]  lat=-21.871° lon=-115.519° alt=689.0km  →  International (-21.9°, -115.5°)  batt=100.0%
[ep=  99 step=240 t=29.48h]  lat= -9.758° lon=-117.380° alt=687.0km  →  International (-9.8°, -117.4°)  batt=100.0%
[ep=  99 step=260 t=30.98h]  lat=-40.807° lon=-111.687° alt=694.0km  →  International (-40.8°, -111.7°)  batt=100.0%
[ep=  99 step=280 t=31.14h]  lat= -4.567° lon=-118.058° alt=686.6km  →  International (-4.6°, -118.1°)  batt=100.0%
[ep=  99 step=300 t=32.96h]  lat=+33.909° lon=-124.096° alt=690.9km  →  International (+33.9°, -124.1°)  batt=100.0%
[ep=  99 step=320 t=36.12h]  lat= +7.365° lon=-119.549° alt=686.7km  →  International (+7.4°, -119.5°)  batt=100.0%
[ep=  99 step=340 t=41.42h]  lat=+81.565° lon=+134.517° alt=699.3km  →  International (+81.6°, +134.5°)  batt=100.0%
[ep=  99 step=360 t=43.51h]  lat= -9.831° lon= +60.399° alt=679.8km  →  International (-9.8°, +60.4°)   batt= 99.8%
[ep=  99 step=380 t=43.68h]  lat=-47.851° lon= +52.808° alt=691.0km  →  International (-47.9°, +52.8°)  batt=100.0%
[ep=  99 step=400 t=47.12h]  lat=-78.643° lon= +17.115° alt=700.9km  →  International (-78.6°, +17.1°)  batt=100.0%
[ep= 100 step= 20 t= 6.67h]  lat=+23.153° lon=-123.195° alt=688.0km  →  International (+23.2°, -123.2°)  batt=100.0%
[ep= 100 step= 40 t= 9.03h]  lat= -1.562° lon= +60.153° alt=679.6km  →  International (-1.6°, +60.2°)   batt=100.0%
[ep= 100 step= 60 t= 9.19h]  lat=-37.902° lon= +54.049° alt=687.5km  →  International (-37.9°, +54.0°)  batt=100.0%
[ep= 100 step= 80 t=10.71h]  lat=-11.019° lon= +58.864° alt=680.3km  →  International (-11.0°, +58.9°)  batt=100.0%
[ep= 100 step=100 t=11.54h]  lat=+13.871° lon=-121.526° alt=686.8km  →  International (+13.9°, -121.5°)  batt=100.0%
[ep= 100 step=120 t=15.44h]  lat=+29.870° lon= +65.305° alt=684.0km  →  International (+29.9°, +65.3°)  batt=100.0%
[ep= 100 step=140 t=17.98h]  lat=-14.523° lon=-117.153° alt=687.4km  →  International (-14.5°, -117.2°)  batt=100.0%
[ep= 100 step=160 t=18.03h]  lat= -1.787° lon=-119.000° alt=686.2km  →  International (-1.8°, -119.0°)  batt=100.0%
[ep= 100 step=180 t=20.13h]  lat=+78.343° lon=+104.202° alt=698.8km  →  International (+78.3°, +104.2°)  batt=100.0%
[ep= 100 step=200 t=21.27h]  lat=-10.815° lon=-117.567° alt=687.0km  →  International (-10.8°, -117.6°)  batt=100.0%
[ep= 100 step=220 t=24.07h]  lat=-62.798° lon= +45.003° alt=696.3km  →  International (-62.8°, +45.0°)  batt=100.0%
[ep= 100 step=240 t=29.47h]  lat=-10.965° lon=-117.205° alt=686.9km  →  International (-11.0°, -117.2°)  batt=100.0%
[ep= 100 step=260 t=35.33h]  lat=-14.845° lon= +59.313° alt=680.6km  →  International (-14.8°, +59.3°)  batt=100.0%
[ep= 100 step=280 t=36.82h]  lat=+17.635° lon= +64.106° alt=680.6km  →  International (+17.6°, +64.1°)  batt=100.0%
[ep= 100 step=300 t=42.11h]  lat=-61.096° lon= +46.880° alt=695.7km  →  International (-61.1°, +46.9°)  batt=100.0%
[ep= 100 step=320 t=44.24h]  lat= -9.766° lon=-116.770° alt=687.3km  →  International (-9.8°, -116.8°)  batt=100.0%
[ep= 100 step=340 t=45.40h]  lat=-63.486° lon= +45.385° alt=696.6km  →  International (-63.5°, +45.4°)  batt=100.0%
[ep= 101 step= 20 t= 4.10h]  lat= +0.034° lon= +60.172° alt=679.1km  →  International (+0.0°, +60.2°)   batt= 99.9%
[ep= 101 step= 40 t= 7.92h]  lat=-59.602° lon=-105.711° alt=698.7km  →  International (-59.6°, -105.7°)  batt=100.0%
[ep= 101 step= 60 t=12.06h]  lat=+52.688° lon= +71.205° alt=691.3km  →  International (+52.7°, +71.2°)  batt=100.0%
[ep= 101 step= 80 t=15.52h]  lat=+14.079° lon= +62.670° alt=679.8km  →  International (+14.1°, +62.7°)  batt= 99.9%
[ep= 101 step=100 t=20.59h]  lat=-19.739° lon= +57.932° alt=681.7km  →  International (-19.7°, +57.9°)  batt= 99.8%
[ep= 101 step=120 t=22.38h]  lat=-52.532° lon= +50.269° alt=692.7km  →  International (-52.5°, +50.3°)  batt=100.0%
[ep= 101 step=140 t=25.52h]  lat=-22.571° lon= +57.671° alt=682.2km  →  International (-22.6°, +57.7°)  batt= 99.9%
[ep= 101 step=160 t=26.02h]  lat=-47.125° lon=-110.157° alt=695.6km  →  International (-47.1°, -110.2°)  batt=100.0%
[ep= 101 step=180 t=27.25h]  lat=-41.010° lon= +54.042° alt=688.2km  →  International (-41.0°, +54.0°)  batt= 99.8%
[ep= 101 step=200 t=31.01h]  lat=-33.545° lon=-113.343° alt=692.2km  →  International (-33.5°, -113.3°)  batt=100.0%
[ep= 101 step=220 t=34.18h]  lat=-56.146° lon=-106.410° alt=698.3km  →  International (-56.1°, -106.4°)  batt=100.0%
[ep= 101 step=240 t=36.09h]  lat= +1.347° lon=-118.711° alt=686.8km  →  International (+1.3°, -118.7°)  batt=100.0%
[ep= 101 step=260 t=40.54h]  lat=-75.808° lon= +27.606° alt=700.0km  →  International (-75.8°, +27.6°)  batt=100.0%
[ep= 101 step=280 t=44.96h]  lat=+32.249° lon= +66.971° alt=683.8km  →  International (+32.2°, +67.0°)  batt=100.0%
[ep= 101 step=300 t=45.31h]  lat=-44.072° lon= +53.979° alt=689.5km  →  International (-44.1°, +54.0°)  batt= 99.8%
[ep= 101 step=320 t=46.65h]  lat=+21.023° lon= +65.034° alt=680.8km  →  International (+21.0°, +65.0°)  batt=100.0%
[ep= 101 step=340 t=46.85h]  lat=-22.712° lon= +58.523° alt=682.1km  →  International (-22.7°, +58.5°)  batt= 99.9%
[ep= 101 step=360 t=47.02h]  lat=-60.387° lon= +47.499° alt=695.5km  →  International (-60.4°, +47.5°)  batt=100.0%
[ep= 102 step= 20 t= 4.76h]  lat=-35.297° lon=-114.047° alt=691.8km  →  International (-35.3°, -114.0°)  batt=100.0%
[ep= 102 step= 40 t= 5.85h]  lat=-23.968° lon= +56.629° alt=682.9km  →  International (-24.0°, +56.6°)  batt= 99.9%
[ep= 102 step= 60 t= 7.67h]  lat=-61.919° lon= +44.915° alt=695.9km  →  International (-61.9°, +44.9°)  batt= 99.9%
[ep= 102 step= 80 t=12.42h]  lat=-25.301° lon= +56.673° alt=683.1km  →  International (-25.3°, +56.7°)  batt=100.0%
[ep= 102 step=100 t=16.21h]  lat=-41.971° lon=-112.006° alt=694.1km  →  International (-42.0°, -112.0°)  batt=100.0%
[ep= 102 step=120 t=16.38h]  lat= -5.745° lon=-118.505° alt=686.7km  →  International (-5.7°, -118.5°)  batt= 99.9%
[ep= 102 step=140 t=18.83h]  lat= +6.130° lon= +61.651° alt=679.0km  →  International (+6.1°, +61.7°)   batt=100.0%
[ep= 102 step=160 t=23.57h]  lat=+45.028° lon= +69.128° alt=688.7km  →  International (+45.0°, +69.1°)  batt=100.0%
[ep= 102 step=180 t=29.61h]  lat=+18.774° lon=-121.534° alt=687.8km  →  International (+18.8°, -121.5°)  batt=100.0%
[ep= 102 step=200 t=33.56h]  lat=+14.042° lon= +63.421° alt=679.8km  →  International (+14.0°, +63.4°)  batt=100.0%
[ep= 102 step=220 t=37.63h]  lat=-19.569° lon=-115.555° alt=688.9km  →  International (-19.6°, -115.6°)  batt=100.0%
[ep= 102 step=240 t=39.23h]  lat=-30.106° lon=-113.663° alt=691.3km  →  International (-30.1°, -113.7°)  batt= 99.9%
[ep= 102 step=260 t=40.78h]  lat=-48.945° lon=-108.947° alt=696.5km  →  International (-48.9°, -108.9°)  batt= 99.9%
[ep= 102 step=280 t=40.91h]  lat=-20.708° lon=-115.234° alt=689.2km  →  International (-20.7°, -115.2°)  batt=100.0%
[ep= 102 step=300 t=41.04h]  lat= +7.178° lon=-119.321° alt=687.0km  →  International (+7.2°, -119.3°)  batt=100.0%
[ep= 102 step=320 t=45.16h]  lat=-12.630° lon= +60.053° alt=679.7km  →  International (-12.6°, +60.1°)  batt=100.0%
[ep= 103 step= 20 t= 5.78h]  lat= -7.584° lon= +59.157° alt=679.8km  →  International (-7.6°, +59.2°)   batt=100.0%
[ep= 103 step= 40 t= 5.94h]  lat=-43.848° lon= +52.422° alt=689.5km  →  International (-43.8°, +52.4°)  batt=100.0%
[ep= 103 step= 60 t= 7.43h]  lat=-11.572° lon= +58.644° alt=680.2km  →  International (-11.6°, +58.6°)  batt=100.0%
[ep= 103 step= 80 t= 9.27h]  lat=-53.447° lon= +49.368° alt=693.0km  →  International (-53.4°, +49.4°)  batt=100.0%
[ep= 103 step=100 t=15.29h]  lat=+62.611° lon= +76.504° alt=694.8km  →  International (+62.6°, +76.5°)  batt= 99.6%
[ep= 103 step=120 t=19.71h]  lat= +5.857° lon=-120.016° alt=686.6km  →  International (+5.9°, -120.0°)  batt= 99.9%
[ep= 103 step=140 t=26.38h]  lat=+28.983° lon=-123.406° alt=689.7km  →  International (+29.0°, -123.4°)  batt= 99.8%
[ep= 103 step=160 t=30.23h]  lat=+25.625° lon= +65.151° alt=682.3km  →  International (+25.6°, +65.2°)  batt=100.0%
[ep= 103 step=180 t=32.88h]  lat=+17.029° lon=-121.123° alt=687.8km  →  International (+17.0°, -121.1°)  batt= 99.8%
[ep= 103 step=200 t=37.00h]  lat=-20.649° lon= +58.474° alt=681.6km  →  International (-20.6°, +58.5°)  batt=100.0%
[ep= 103 step=220 t=39.23h]  lat=-28.896° lon=-113.888° alt=691.0km  →  International (-28.9°, -113.9°)  batt= 99.8%
[ep= 103 step=240 t=40.75h]  lat=-54.863° lon=-106.695° alt=698.0km  →  International (-54.9°, -106.7°)  batt= 99.9%
[ep= 103 step=260 t=40.90h]  lat=-22.519° lon=-114.935° alt=689.6km  →  International (-22.5°, -114.9°)  batt= 99.9%
[ep= 103 step=280 t=44.32h]  lat= +7.254° lon=-119.195° alt=687.1km  →  International (+7.3°, -119.2°)  batt= 99.9%
[ep= 104 step= 20 t= 4.76h]  lat=-35.287° lon=-114.053° alt=691.9km  →  International (-35.3°, -114.1°)  batt=100.0%
[ep= 104 step= 40 t= 9.83h]  lat= -1.587° lon=-119.368° alt=686.2km  →  International (-1.6°, -119.4°)  batt=100.0%
[ep= 104 step= 60 t=15.22h]  lat=+75.771° lon= +94.577° alt=698.2km  →  International (+75.8°, +94.6°)  batt=100.0%
[ep= 104 step= 80 t=17.34h]  lat=-26.386° lon= +56.689° alt=683.6km  →  International (-26.4°, +56.7°)  batt=100.0%
[ep= 104 step=100 t=18.19h]  lat=+32.814° lon=-124.486° alt=690.3km  →  International (+32.8°, -124.5°)  batt=100.0%
[ep= 104 step=120 t=22.95h]  lat= -2.478° lon=-118.700° alt=686.3km  →  International (-2.5°, -118.7°)  batt=100.0%
[ep= 104 step=140 t=28.67h]  lat= +7.644° lon= +62.274° alt=679.1km  →  International (+7.6°, +62.3°)   batt=100.0%
[ep= 104 step=160 t=33.73h]  lat=-22.560° lon= +58.020° alt=682.0km  →  International (-22.6°, +58.0°)  batt=100.0%
[ep= 104 step=180 t=38.48h]  lat=+12.860° lon= +63.444° alt=679.4km  →  International (+12.9°, +63.4°)  batt=100.0%
[ep= 104 step=200 t=41.87h]  lat= -9.707° lon= +60.344° alt=679.6km  →  International (-9.7°, +60.3°)   batt=100.0%
[ep= 104 step=220 t=42.03h]  lat=-45.940° lon= +53.324° alt=690.2km  →  International (-45.9°, +53.3°)  batt=100.0%
[ep= 104 step=240 t=46.43h]  lat=+66.704° lon= +81.127° alt=695.5km  →  International (+66.7°, +81.1°)  batt=100.0%
[ep= 105 step= 20 t= 6.35h]  lat=-45.775° lon=-111.368° alt=694.7km  →  International (-45.8°, -111.4°)  batt=100.0%
[ep= 105 step= 40 t= 9.15h]  lat=-28.242° lon= +56.016° alt=684.5km  →  International (-28.2°, +56.0°)  batt= 99.7%
[ep= 105 step= 60 t= 9.32h]  lat=-65.660° lon= +42.137° alt=697.3km  →  International (-65.7°, +42.1°)  batt=100.0%
[ep= 105 step= 80 t=15.03h]  lat=+57.102° lon=-132.022° alt=696.9km  →  International (+57.1°, -132.0°)  batt=100.0%
[ep= 105 step=100 t=20.73h]  lat=-48.576° lon= +51.620° alt=691.3km  →  International (-48.6°, +51.6°)  batt=100.0%
[ep= 105 step=120 t=26.75h]  lat=+67.306° lon= +80.900° alt=696.2km  →  International (+67.3°, +80.9°)  batt= 99.9%
[ep= 105 step=140 t=28.84h]  lat=-30.414° lon= +56.428° alt=685.1km  →  International (-30.4°, +56.4°)  batt= 99.7%
[ep= 105 step=160 t=30.38h]  lat= -8.927° lon= +59.985° alt=680.0km  →  International (-8.9°, +60.0°)   batt= 99.8%
[ep= 105 step=180 t=30.56h]  lat=-46.960° lon= +52.543° alt=690.9km  →  International (-47.0°, +52.5°)  batt=100.0%
[ep= 105 step=200 t=33.99h]  lat=-77.985° lon= +19.685° alt=700.5km  →  International (-78.0°, +19.7°)  batt=100.0%
[ep= 105 step=220 t=39.06h]  lat=-65.732° lon=-100.082° alt=700.3km  →  International (-65.7°, -100.1°)  batt=100.0%
[ep= 105 step=240 t=43.80h]  lat=-72.100° lon= +35.804° alt=699.1km  →  International (-72.1°, +35.8°)  batt=100.0%
[ep= 105 step=260 t=44.29h]  lat= +1.699° lon=-118.406° alt=686.6km  →  International (+1.7°, -118.4°)  batt=100.0%
[ep= 105 step=280 t=47.74h]  lat=+38.644° lon=-124.524° alt=692.3km  →  International (+38.6°, -124.5°)  batt=100.0%
[ep= 106 step= 20 t= 3.12h]  lat=-35.643° lon=-114.039° alt=692.1km  →  International (-35.6°, -114.0°)  batt= 98.8%
[ep= 106 step= 40 t= 3.28h]  lat= +0.659° lon=-119.957° alt=686.0km  →  International (+0.7°, -120.0°)  batt= 98.7%
[ep= 106 step= 60 t= 7.07h]  lat=+67.634° lon= +80.432° alt=696.3km  →  International (+67.6°, +80.4°)  batt= 99.3%
[ep= 106 step= 80 t=12.15h]  lat=+32.968° lon= +65.773° alt=685.0km  →  International (+33.0°, +65.8°)  batt= 98.4%
[ep= 106 step=100 t=12.55h]  lat=-54.054° lon= +49.252° alt=693.8km  →  International (-54.1°, +49.3°)  batt= 98.2%
[ep= 106 step=120 t=16.98h]  lat=+53.533° lon= +71.754° alt=691.9km  →  International (+53.5°, +71.8°)  batt= 96.0%
[ep= 106 step=140 t=22.27h]  lat=-27.252° lon= +56.733° alt=683.9km  →  International (-27.3°, +56.7°)  batt= 94.8%
[ep= 106 step=160 t=26.04h]  lat=-43.663° lon=-111.158° alt=694.7km  →  International (-43.7°, -111.2°)  batt= 94.9%
[ep= 106 step=180 t=26.93h]  lat=+28.203° lon= +65.465° alt=683.1km  →  International (+28.2°, +65.5°)  batt= 94.4%
[ep= 106 step=200 t=32.33h]  lat=-74.788° lon= +29.931° alt=699.9km  →  International (-74.8°, +29.9°)  batt= 99.9%
[ep= 106 step=220 t=39.00h]  lat=-77.041° lon= -80.391° alt=701.9km  →  International (-77.0°, -80.4°)  batt= 96.6%
[ep= 106 step=240 t=40.48h]  lat=-62.992° lon= +45.524° alt=696.6km  →  International (-63.0°, +45.5°)  batt= 95.8%
[ep= 106 step=260 t=44.98h]  lat=+26.385° lon= +65.880° alt=682.4km  →  International (+26.4°, +65.9°)  batt= 94.4%
[ep= 107 step= 20 t= 0.95h]  lat=-28.413° lon= +55.644° alt=684.1km  →  International (-28.4°, +55.6°)  batt= 99.5%
[ep= 107 step= 40 t= 2.96h]  lat=-69.138° lon= -98.062° alt=700.5km  →  International (-69.1°, -98.1°)  batt= 98.4%
[ep= 107 step= 60 t= 7.70h]  lat=-68.785° lon= +38.923° alt=698.0km  →  International (-68.8°, +38.9°)  batt= 99.8%
[ep= 107 step= 80 t=13.10h]  lat= -4.554° lon=-118.811° alt=686.7km  →  International (-4.6°, -118.8°)  batt= 98.6%
[ep= 107 step=100 t=18.11h]  lat=+14.662° lon=-121.372° alt=687.2km  →  International (+14.7°, -121.4°)  batt= 99.4%
[ep= 107 step=120 t=20.64h]  lat=-30.672° lon= +56.037° alt=684.8km  →  International (-30.7°, +56.0°)  batt= 98.1%
[ep= 107 step=140 t=22.77h]  lat=-40.579° lon=-112.090° alt=693.7km  →  International (-40.6°, -112.1°)  batt= 97.0%
[ep= 107 step=160 t=26.03h]  lat=-45.280° lon=-110.701° alt=695.3km  →  International (-45.3°, -110.7°)  batt= 97.8%
[ep= 107 step=180 t=30.77h]  lat=-80.478° lon= -61.159° alt=701.7km  →  International (-80.5°, -61.2°)  batt= 97.0%
[ep= 107 step=200 t=35.52h]  lat=-55.245° lon= +49.690° alt=693.5km  →  International (-55.2°, +49.7°)  batt= 99.0%
[ep= 107 step=220 t=35.98h]  lat=-21.605° lon=-115.296° alt=689.4km  →  International (-21.6°, -115.3°)  batt= 99.8%
[ep= 107 step=240 t=40.34h]  lat=-33.548° lon= +56.282° alt=685.3km  →  International (-33.5°, +56.3°)  batt= 97.5%
[ep= 107 step=260 t=46.69h]  lat=+10.604° lon= +63.451° alt=679.0km  →  International (+10.6°, +63.5°)  batt= 94.1%
[ep= 107 step=280 t=46.86h]  lat=-25.838° lon= +58.007° alt=682.9km  →  International (-25.8°, +58.0°)  batt= 94.0%
[ep= 107 step=300 t=47.04h]  lat=-65.108° lon= +44.176° alt=697.0km  →  International (-65.1°, +44.2°)  batt= 93.9%
[ep= 108 step= 20 t= 6.03h]  lat=-63.313° lon= +43.875° alt=696.7km  →  International (-63.3°, +43.9°)  batt=100.0%
[ep= 108 step= 40 t=11.43h]  lat=-10.432° lon=-118.030° alt=686.8km  →  International (-10.4°, -118.0°)  batt=100.0%
[ep= 108 step= 60 t=14.10h]  lat=-34.649° lon= +54.966° alt=686.7km  →  International (-34.6°, +55.0°)  batt=100.0%
[ep= 108 step= 80 t=14.62h]  lat=-31.551° lon=-114.402° alt=690.9km  →  International (-31.6°, -114.4°)  batt=100.0%
[ep= 108 step=100 t=15.68h]  lat=-20.472° lon= +57.618° alt=682.4km  →  International (-20.5°, +57.6°)  batt=100.0%
[ep= 108 step=120 t=15.84h]  lat=-56.458° lon= +48.316° alt=694.5km  →  International (-56.5°, +48.3°)  batt=100.0%
[ep= 108 step=140 t=19.60h]  lat=-17.869° lon=-116.570° alt=688.1km  →  International (-17.9°, -116.6°)  batt=100.0%
[ep= 108 step=160 t=24.36h]  lat=-52.920° lon=-108.191° alt=697.3km  →  International (-52.9°, -108.2°)  batt=100.0%
[ep= 108 step=180 t=29.74h]  lat=+47.538° lon=-127.676° alt=694.3km  →  International (+47.5°, -127.7°)  batt=100.0%
[ep= 108 step=200 t=33.86h]  lat=-51.138° lon= +51.278° alt=692.4km  →  International (-51.1°, +51.3°)  batt=100.0%
[ep= 108 step=220 t=37.02h]  lat=-26.570° lon= +57.471° alt=683.8km  →  International (-26.6°, +57.5°)  batt=100.0%
[ep= 108 step=240 t=37.52h]  lat=-43.194° lon=-110.802° alt=694.7km  →  International (-43.2°, -110.8°)  batt=100.0%
[ep= 108 step=260 t=41.92h]  lat=-22.114° lon= +58.435° alt=682.3km  →  International (-22.1°, +58.4°)  batt=100.0%
[ep= 108 step=280 t=44.38h]  lat=+19.808° lon=-121.088° alt=688.2km  →  International (+19.8°, -121.1°)  batt=100.0%
[ep= 109 step= 20 t= 1.33h]  lat=-66.073° lon=-101.329° alt=699.9km  →  International (-66.1°, -101.3°)  batt=100.0%
[ep= 109 step= 40 t= 4.08h]  lat= +3.679° lon= +60.690° alt=679.2km  →  International (+3.7°, +60.7°)   batt= 99.8%
[ep= 109 step= 60 t= 9.14h]  lat=-26.493° lon= +56.328° alt=683.3km  →  International (-26.5°, +56.3°)  batt= 99.7%
[ep= 109 step= 80 t= 9.72h]  lat=-26.422° lon=-115.562° alt=689.9km  →  International (-26.4°, -115.6°)  batt=100.0%
[ep= 109 step=100 t= 9.88h]  lat= +7.514° lon=-120.662° alt=686.5km  →  International (+7.5°, -120.7°)  batt=100.0%
[ep= 109 step=120 t=15.91h]  lat=-70.379° lon= +37.256° alt=698.6km  →  International (-70.4°, +37.3°)  batt=100.0%
[ep= 109 step=140 t=20.39h]  lat=+23.917° lon= +64.445° alt=681.9km  →  International (+23.9°, +64.4°)  batt= 99.9%
[ep= 109 step=160 t=21.90h]  lat=+53.001° lon= +71.740° alt=691.3km  →  International (+53.0°, +71.7°)  batt=100.0%
[ep= 109 step=180 t=22.17h]  lat= -6.799° lon= +59.949° alt=679.3km  →  International (-6.8°, +59.9°)   batt= 99.8%
[ep= 109 step=200 t=22.34h]  lat=-43.078° lon= +53.312° alt=689.0km  →  International (-43.1°, +53.3°)  batt= 99.7%
[ep= 109 step=220 t=26.11h]  lat=-29.633° lon=-114.301° alt=691.0km  →  International (-29.6°, -114.3°)  batt=100.0%
[ep= 109 step=240 t=30.56h]  lat=-46.562° lon= +52.661° alt=690.2km  →  International (-46.6°, +52.7°)  batt= 99.7%
[ep= 109 step=260 t=32.71h]  lat=-19.820° lon=-115.723° alt=688.9km  →  International (-19.8°, -115.7°)  batt=100.0%
[ep= 109 step=280 t=33.54h]  lat=+16.927° lon= +63.856° alt=679.8km  →  International (+16.9°, +63.9°)  batt= 99.9%
[ep= 109 step=300 t=36.71h]  lat=+41.607° lon= +68.741° alt=686.7km  →  International (+41.6°, +68.7°)  batt= 99.9%
[ep= 109 step=320 t=42.00h]  lat=-39.362° lon= +55.067° alt=687.7km  →  International (-39.4°, +55.1°)  batt= 99.7%
[ep= 109 step=340 t=44.46h]  lat=+38.860° lon=-124.714° alt=692.1km  →  International (+38.9°, -124.7°)  batt=100.0%
[ep= 109 step=360 t=45.19h]  lat=-18.299° lon= +59.183° alt=680.9km  →  International (-18.3°, +59.2°)  batt= 99.8%
[ep= 109 step=380 t=45.36h]  lat=-56.121° lon= +49.697° alt=693.9km  →  International (-56.1°, +49.7°)  batt=100.0%
[ep= 110 step= 20 t= 3.85h]  lat=+54.918° lon= +71.798° alt=692.3km  →  International (+54.9°, +71.8°)  batt=100.0%
[ep= 110 step= 40 t= 8.58h]  lat=+79.585° lon=-170.052° alt=700.0km  →  International (+79.6°, -170.1°)  batt=100.0%
[ep= 110 step= 60 t=11.51h]  lat= +7.190° lon=-120.546° alt=686.1km  →  International (+7.2°, -120.5°)  batt= 99.9%
[ep= 110 step= 80 t=17.55h]  lat=-70.047° lon= +37.754° alt=698.6km  →  International (-70.0°, +37.8°)  batt=100.0%
[ep= 110 step=100 t=22.61h]  lat=-75.767° lon= -85.127° alt=701.5km  →  International (-75.8°, -85.1°)  batt= 99.9%
[ep= 110 step=120 t=26.73h]  lat=+71.193° lon= +85.688° alt=697.0km  →  International (+71.2°, +85.7°)  batt=100.0%
[ep= 110 step=140 t=31.81h]  lat=+38.606° lon= +67.807° alt=686.2km  →  International (+38.6°, +67.8°)  batt=100.0%
[ep= 110 step=160 t=36.77h]  lat=+28.571° lon= +65.943° alt=683.2km  →  International (+28.6°, +65.9°)  batt= 99.9%
[ep= 110 step=180 t=37.11h]  lat=-44.116° lon= +53.638° alt=689.8km  →  International (-44.1°, +53.6°)  batt= 99.8%
[ep= 110 step=200 t=38.58h]  lat= -8.191° lon= +60.425° alt=679.6km  →  International (-8.2°, +60.4°)   batt=100.0%
[ep= 110 step=220 t=38.75h]  lat=-44.446° lon= +53.612° alt=689.8km  →  International (-44.4°, +53.6°)  batt=100.0%
[ep= 110 step=240 t=42.00h]  lat=-37.919° lon= +55.398° alt=687.2km  →  International (-37.9°, +55.4°)  batt=100.0%
[ep= 110 step=260 t=46.74h]  lat= +1.087° lon= +62.083° alt=678.8km  →  International (+1.1°, +62.1°)   batt=100.0%
[ep= 111 step= 20 t= 6.03h]  lat=-61.607° lon= +45.058° alt=695.8km  →  International (-61.6°, +45.1°)  batt=100.0%
[ep= 111 step= 40 t= 8.14h]  lat=-12.852° lon=-117.812° alt=687.1km  →  International (-12.9°, -117.8°)  batt=100.0%
[ep= 111 step= 60 t= 8.98h]  lat= +8.119° lon= +61.529° alt=679.3km  →  International (+8.1°, +61.5°)   batt= 99.8%
[ep= 111 step= 80 t=14.36h]  lat=-81.762° lon= -41.403° alt=701.5km  →  International (-81.8°, -41.4°)  batt=100.0%
[ep= 111 step=100 t=18.88h]  lat= -3.066° lon= +60.347° alt=679.3km  →  International (-3.1°, +60.3°)   batt= 99.8%
[ep= 111 step=120 t=19.04h]  lat=-39.392° lon= +54.109° alt=687.9km  →  International (-39.4°, +54.1°)  batt=100.0%
[ep= 111 step=140 t=22.80h]  lat=-35.139° lon=-113.336° alt=692.1km  →  International (-35.1°, -113.3°)  batt=100.0%
[ep= 111 step=160 t=25.34h]  lat=+17.427° lon= +63.595° alt=680.4km  →  International (+17.4°, +63.6°)  batt= 99.8%
[ep= 111 step=180 t=29.45h]  lat=-15.666° lon=-116.508° alt=687.9km  →  International (-15.7°, -116.5°)  batt=100.0%
[ep= 111 step=200 t=32.56h]  lat=-52.820° lon=-107.890° alt=697.4km  →  International (-52.8°, -107.9°)  batt=100.0%
[ep= 111 step=220 t=37.96h]  lat=+51.244° lon=-128.591° alt=695.4km  →  International (+51.2°, -128.6°)  batt=100.0%
[ep= 111 step=240 t=40.43h]  lat=-54.525° lon= +50.212° alt=693.5km  →  International (-54.5°, +50.2°)  batt=100.0%
[ep= 111 step=260 t=41.99h]  lat=-36.950° lon= +55.622° alt=686.8km  →  International (-37.0°, +55.6°)  batt= 99.7%
[ep= 111 step=280 t=44.12h]  lat=-34.326° lon=-112.625° alt=692.2km  →  International (-34.3°, -112.6°)  batt=100.0%
[ep= 111 step=300 t=45.20h]  lat=-21.327° lon= +58.699° alt=681.7km  →  International (-21.3°, +58.7°)  batt= 99.7%
[ep= 111 step=320 t=45.70h]  lat=-48.350° lon=-108.947° alt=696.2km  →  International (-48.3°, -108.9°)  batt=100.0%
[ep= 112 step= 20 t= 6.03h]  lat=-63.348° lon= +43.861° alt=696.3km  →  International (-63.3°, +43.9°)  batt=100.0%
[ep= 112 step= 40 t= 8.19h]  lat= -1.326° lon=-119.474° alt=686.2km  →  International (-1.3°, -119.5°)  batt=100.0%
[ep= 112 step= 60 t=12.31h]  lat= -2.310° lon= +60.181° alt=678.9km  →  International (-2.3°, +60.2°)   batt= 99.8%
[ep= 112 step= 80 t=16.43h]  lat= +5.860° lon=-120.152° alt=686.4km  →  International (+5.9°, -120.2°)  batt=100.0%
[ep= 112 step=100 t=18.96h]  lat=-21.895° lon= +57.523° alt=682.2km  →  International (-21.9°, +57.5°)  batt= 99.8%
[ep= 112 step=120 t=20.48h]  lat= +5.095° lon= +61.571° alt=679.1km  →  International (+5.1°, +61.6°)   batt= 99.8%
[ep= 112 step=140 t=20.64h]  lat=-31.311° lon= +55.912° alt=685.0km  →  International (-31.3°, +55.9°)  batt= 99.7%
[ep= 112 step=160 t=20.82h]  lat=-68.539° lon= +39.743° alt=698.1km  →  International (-68.5°, +39.7°)  batt=100.0%
[ep= 112 step=180 t=24.04h]  lat=-56.502° lon= +48.637° alt=694.0km  →  International (-56.5°, +48.6°)  batt=100.0%
[ep= 112 step=200 t=28.77h]  lat=-16.074° lon= +58.852° alt=680.5km  →  International (-16.1°, +58.9°)  batt= 99.8%
[ep= 112 step=220 t=32.20h]  lat=-46.909° lon= +52.623° alt=690.3km  →  International (-46.9°, +52.6°)  batt= 99.8%
[ep= 112 step=240 t=34.11h]  lat=-70.372° lon= -95.187° alt=701.1km  →  International (-70.4°, -95.2°)  batt=100.0%
[ep= 112 step=260 t=36.97h]  lat=-14.774° lon= +59.388° alt=680.0km  →  International (-14.8°, +59.4°)  batt= 99.8%
[ep= 112 step=280 t=42.03h]  lat=-44.763° lon= +53.667° alt=689.7km  →  International (-44.8°, +53.7°)  batt= 99.7%
[ep= 112 step=300 t=45.49h]  lat=-80.140° lon=  +7.304° alt=701.1km  →  International (-80.1°, +7.3°)   batt=100.0%
[ep= 113 step= 20 t= 6.03h]  lat=-61.612° lon= +45.059° alt=695.7km  →  International (-61.6°, +45.1°)  batt= 96.9%
[ep= 113 step= 40 t= 8.21h]  lat= +1.708° lon=-119.903° alt=686.2km  →  International (+1.7°, -119.9°)  batt= 95.8%
[ep= 113 step= 60 t= 9.72h]  lat=-27.024° lon=-115.454° alt=690.0km  →  International (-27.0°, -115.5°)  batt= 99.6%
[ep= 113 step= 80 t=11.26h]  lat=-47.685° lon=-110.582° alt=695.8km  →  International (-47.7°, -110.6°)  batt= 98.8%
[ep= 113 step=100 t=11.80h]  lat=+68.085° lon=-140.126° alt=698.7km  →  International (+68.1°, -140.1°)  batt= 98.6%
[ep= 113 step=120 t=17.51h]  lat=-63.337° lon= +44.347° alt=696.6km  →  International (-63.3°, +44.3°)  batt= 97.3%
[ep= 113 step=140 t=20.74h]  lat=-51.686° lon= +50.533° alt=692.4km  →  International (-51.7°, +50.5°)  batt= 99.4%
[ep= 113 step=160 t=21.94h]  lat=+44.659° lon= +68.954° alt=688.4km  →  International (+44.7°, +69.0°)  batt=100.0%
[ep= 113 step=180 t=22.23h]  lat=-19.554° lon= +58.036° alt=681.5km  →  International (-19.6°, +58.0°)  batt= 99.9%
[ep= 113 step=200 t=22.40h]  lat=-55.572° lon= +49.001° alt=693.7km  →  International (-55.6°, +49.0°)  batt= 99.8%
[ep= 113 step=220 t=26.49h]  lat=+53.643° lon=-129.994° alt=696.0km  →  International (+53.6°, -130.0°)  batt= 97.6%
[ep= 113 step=240 t=30.26h]  lat=+17.008° lon= +63.734° alt=680.1km  →  International (+17.0°, +63.7°)  batt= 99.3%
[ep= 113 step=260 t=31.54h]  lat=+78.770° lon=-164.195° alt=699.7km  →  International (+78.8°, -164.2°)  batt= 99.4%
[ep= 113 step=280 t=35.01h]  lat=+53.866° lon= +72.634° alt=691.1km  →  International (+53.9°, +72.6°)  batt=100.0%
[ep= 113 step=300 t=40.29h]  lat=-23.341° lon= +58.165° alt=682.3km  →  International (-23.3°, +58.2°)  batt= 98.6%
[ep= 113 step=320 t=43.51h]  lat=-11.283° lon= +60.182° alt=679.7km  →  International (-11.3°, +60.2°)  batt= 97.5%
[ep= 113 step=340 t=43.68h]  lat=-47.490° lon= +52.921° alt=690.7km  →  International (-47.5°, +52.9°)  batt= 97.4%
[ep= 113 step=360 t=45.16h]  lat=-13.451° lon= +59.928° alt=680.0km  →  International (-13.5°, +59.9°)  batt= 96.6%
[ep= 113 step=380 t=45.33h]  lat=-49.616° lon= +52.291° alt=691.5km  →  International (-49.6°, +52.3°)  batt= 96.6%
[ep= 114 step= 20 t= 4.43h]  lat=-71.465° lon= +35.181° alt=699.0km  →  International (-71.5°, +35.2°)  batt= 99.9%
[ep= 114 step= 40 t= 7.22h]  lat=+35.749° lon= +66.151° alt=685.7km  →  International (+35.7°, +66.2°)  batt=100.0%
[ep= 114 step= 60 t=12.33h]  lat= -7.084° lon= +59.502° alt=680.0km  →  International (-7.1°, +59.5°)   batt= 98.6%
[ep= 114 step= 80 t=12.51h]  lat=-45.147° lon= +52.332° alt=690.4km  →  International (-45.1°, +52.3°)  batt= 98.5%
[ep= 114 step=100 t=15.61h]  lat= -5.928° lon= +59.802° alt=679.8km  →  International (-5.9°, +59.8°)   batt= 98.9%
[ep= 114 step=120 t=20.15h]  lat=+75.017° lon= +92.788° alt=698.1km  →  International (+75.0°, +92.8°)  batt= 98.1%
[ep= 114 step=140 t=23.95h]  lat=-36.648° lon= +54.939° alt=686.9km  →  International (-36.6°, +54.9°)  batt=100.0%
[ep= 114 step=160 t=29.67h]  lat=+31.395° lon=-123.736° alt=690.3km  →  International (+31.4°, -123.7°)  batt= 99.6%
[ep= 114 step=180 t=35.70h]  lat=-80.008° lon= -65.010° alt=702.0km  →  International (-80.0°, -65.0°)  batt= 99.4%
[ep= 114 step=200 t=38.58h]  lat= -8.764° lon= +60.341° alt=679.8km  →  International (-8.8°, +60.3°)   batt= 98.0%
[ep= 114 step=220 t=38.75h]  lat=-45.010° lon= +53.452° alt=690.1km  →  International (-45.0°, +53.5°)  batt= 97.9%
[ep= 114 step=240 t=41.22h]  lat=+46.291° lon=-126.823° alt=694.0km  →  International (+46.3°, -126.8°)  batt= 97.2%
[ep= 114 step=260 t=44.68h]  lat=+81.600° lon=+168.269° alt=699.7km  →  International (+81.6°, +168.3°)  batt= 99.8%
[ep= 115 step= 20 t= 2.62h]  lat=-34.168° lon= +54.592° alt=686.4km  →  International (-34.2°, +54.6°)  batt= 99.8%
[ep= 115 step= 40 t= 7.37h]  lat= +3.015° lon= +60.731° alt=679.5km  →  International (+3.0°, +60.7°)   batt= 99.9%
[ep= 115 step= 60 t= 9.17h]  lat=-31.904° lon= +55.317° alt=685.3km  →  International (-31.9°, +55.3°)  batt= 99.8%
[ep= 115 step= 80 t=10.74h]  lat=-17.722° lon= +57.848° alt=681.4km  →  International (-17.7°, +57.8°)  batt= 99.8%
[ep= 115 step=100 t=15.87h]  lat=-61.791° lon= +45.340° alt=696.0km  →  International (-61.8°, +45.3°)  batt=100.0%
[ep= 115 step=120 t=17.78h]  lat=-55.886° lon=-107.194° alt=697.8km  →  International (-55.9°, -107.2°)  batt=100.0%
[ep= 115 step=140 t=17.96h]  lat=-18.724° lon=-116.507° alt=688.2km  →  International (-18.7°, -116.5°)  batt=100.0%
[ep= 115 step=160 t=20.67h]  lat=-36.674° lon= +54.794° alt=686.8km  →  International (-36.7°, +54.8°)  batt= 99.5%
[ep= 115 step=180 t=25.12h]  lat=+65.263° lon= +78.939° alt=695.5km  →  International (+65.3°, +78.9°)  batt=100.0%
[ep= 115 step=200 t=27.65h]  lat=-49.766° lon=-109.221° alt=696.3km  →  International (-49.8°, -109.2°)  batt=100.0%
[ep= 115 step=220 t=33.37h]  lat=+54.891° lon= +73.002° alt=692.0km  →  International (+54.9°, +73.0°)  batt=100.0%
[ep= 115 step=240 t=36.18h]  lat=+20.773° lon=-121.589° alt=688.3km  →  International (+20.8°, -121.6°)  batt=100.0%
[ep= 115 step=260 t=41.58h]  lat=+53.254° lon= +72.652° alt=691.2km  →  International (+53.3°, +72.7°)  batt=100.0%
[ep= 115 step=280 t=48.00h]  lat=+80.108° lon=+116.304° alt=698.9km  →  International (+80.1°, +116.3°)  batt=100.0%
[ep= 116 step= 20 t= 5.39h]  lat=+74.464° lon= +90.866° alt=698.0km  →  International (+74.5°, +90.9°)  batt=100.0%
[ep= 116 step= 40 t=11.43h]  lat=-12.234° lon=-117.766° alt=686.9km  →  International (-12.2°, -117.8°)  batt=100.0%
[ep= 116 step= 60 t=15.60h]  lat= -4.104° lon= +60.062° alt=679.7km  →  International (-4.1°, +60.1°)   batt= 99.8%
[ep= 116 step= 80 t=15.77h]  lat=-40.414° lon= +53.721° alt=688.5km  →  International (-40.4°, +53.7°)  batt=100.0%
[ep= 116 step=100 t=17.89h]  lat=-32.666° lon=-114.050° alt=691.4km  →  International (-32.7°, -114.0°)  batt=100.0%
[ep= 116 step=120 t=22.97h]  lat= +1.008° lon=-119.197° alt=686.4km  →  International (+1.0°, -119.2°)  batt=100.0%
[ep= 116 step=140 t=29.00h]  lat=-64.286° lon= +44.083° alt=697.0km  →  International (-64.3°, +44.1°)  batt=100.0%
[ep= 116 step=160 t=34.39h]  lat=-11.226° lon=-116.970° alt=687.3km  →  International (-11.2°, -117.0°)  batt=100.0%
[ep= 116 step=180 t=40.10h]  lat=+18.249° lon= +64.331° alt=680.7km  →  International (+18.2°, +64.3°)  batt= 99.8%
[ep= 116 step=200 t=40.29h]  lat=-24.265° lon= +57.999° alt=682.9km  →  International (-24.3°, +58.0°)  batt= 99.7%
[ep= 116 step=220 t=40.47h]  lat=-61.875° lon= +46.296° alt=696.2km  →  International (-61.9°, +46.3°)  batt=100.0%
[ep= 116 step=240 t=43.39h]  lat=+15.151° lon= +63.987° alt=679.9km  →  International (+15.2°, +64.0°)  batt= 99.8%
[ep= 116 step=260 t=46.72h]  lat= +5.384° lon= +62.690° alt=678.9km  →  International (+5.4°, +62.7°)   batt= 99.8%
[ep= 117 step= 20 t= 0.08h]  lat=+16.981° lon=-122.476° alt=687.2km  →  International (+17.0°, -122.5°)  batt= 99.9%
[ep= 117 step= 40 t= 5.79h]  lat=-11.845° lon= +58.536° alt=680.3km  →  International (-11.8°, +58.5°)  batt= 99.0%
[ep= 117 step= 60 t=10.84h]  lat=-38.239° lon= +54.041° alt=687.8km  →  International (-38.2°, +54.0°)  batt= 97.3%
[ep= 117 step= 80 t=14.61h]  lat=-32.710° lon=-114.175° alt=691.2km  →  International (-32.7°, -114.2°)  batt= 95.4%
[ep= 117 step=100 t=18.73h]  lat=+29.192° lon= +65.312° alt=683.5km  →  International (+29.2°, +65.3°)  batt= 93.2%
[ep= 117 step=120 t=23.38h]  lat=+81.847° lon=+142.317° alt=699.7km  →  International (+81.8°, +142.3°)  batt= 91.9%
[ep= 117 step=140 t=28.14h]  lat=+56.765° lon=-131.324° alt=696.6km  →  International (+56.8°, -131.3°)  batt= 99.3%
[ep= 117 step=160 t=32.89h]  lat=+20.015° lon=-121.597° alt=688.1km  →  International (+20.0°, -121.6°)  batt= 98.8%
[ep= 117 step=180 t=35.43h]  lat=-35.991° lon= +55.559° alt=686.8km  →  International (-36.0°, +55.6°)  batt= 97.5%
[ep= 117 step=200 t=38.55h]  lat= -2.122° lon= +61.291° alt=679.1km  →  International (-2.1°, +61.3°)   batt= 96.0%
[ep= 117 step=220 t=42.04h]  lat=-46.322° lon= +53.205° alt=690.4km  →  International (-46.3°, +53.2°)  batt= 94.2%
[ep= 117 step=240 t=47.01h]  lat=-57.951° lon= +48.866° alt=694.7km  →  International (-58.0°, +48.9°)  batt= 97.6%
[ep= 118 step= 20 t= 3.10h]  lat=-39.251° lon=-113.222° alt=693.1km  →  International (-39.3°, -113.2°)  batt= 98.5%
[ep= 118 step= 40 t= 3.95h]  lat=+32.808° lon= +65.406° alt=684.9km  →  International (+32.8°, +65.4°)  batt= 98.1%
[ep= 118 step= 60 t= 9.34h]  lat=-69.047° lon= +38.675° alt=698.4km  →  International (-69.0°, +38.7°)  batt= 97.9%
[ep= 118 step= 80 t=14.02h]  lat=-16.497° lon= +58.178° alt=681.6km  →  International (-16.5°, +58.2°)  batt= 95.5%
[ep= 118 step=100 t=14.18h]  lat=-52.586° lon= +49.916° alt=693.2km  →  International (-52.6°, +49.9°)  batt= 95.4%
[ep= 118 step=120 t=18.91h]  lat=-10.208° lon= +59.323° alt=680.2km  →  International (-10.2°, +59.3°)  batt= 93.0%
[ep= 118 step=140 t=19.07h]  lat=-46.427° lon= +52.226° alt=690.7km  →  International (-46.4°, +52.2°)  batt= 92.9%
[ep= 118 step=160 t=23.80h]  lat= -3.893° lon= +60.434° alt=679.5km  →  International (-3.9°, +60.4°)   batt= 90.5%
[ep= 118 step=180 t=29.20h]  lat=-69.339° lon= -96.717° alt=701.0km  →  International (-69.3°, -96.7°)  batt= 89.5%
[ep= 118 step=200 t=34.92h]  lat=+74.086° lon= +91.232° alt=697.8km  →  International (+74.1°, +91.2°)  batt= 92.3%
[ep= 118 step=220 t=40.77h]  lat=-51.492° lon=-108.053° alt=697.0km  →  International (-51.5°, -108.1°)  batt= 90.6%
[ep= 118 step=240 t=46.80h]  lat=-12.161° lon= +60.191° alt=680.1km  →  International (-12.2°, +60.2°)  batt= 87.5%
[ep= 119 step= 20 t= 5.85h]  lat=-23.984° lon= +56.629° alt=682.7km  →  International (-24.0°, +56.6°)  batt= 97.2%
[ep= 119 step= 40 t= 9.94h]  lat=+22.043° lon=-122.878° alt=688.3km  →  International (+22.0°, -122.9°)  batt= 97.0%
[ep= 119 step= 60 t=15.33h]  lat=+53.763° lon= +71.773° alt=691.6km  →  International (+53.8°, +71.8°)  batt= 97.8%
[ep= 119 step= 80 t=18.97h]  lat=-23.086° lon= +57.323° alt=682.5km  →  International (-23.1°, +57.3°)  batt= 95.9%
[ep= 119 step=100 t=20.52h]  lat= -3.392° lon= +60.366° alt=679.1km  →  International (-3.4°, +60.4°)   batt= 95.1%
[ep= 119 step=120 t=20.68h]  lat=-39.716° lon= +54.097° alt=687.9km  →  International (-39.7°, +54.1°)  batt= 95.0%
[ep= 119 step=140 t=23.78h]  lat= -0.432° lon= +60.919° alt=678.9km  →  International (-0.4°, +60.9°)   batt= 93.4%
[ep= 119 step=160 t=27.88h]  lat= +0.348° lon=-118.900° alt=686.7km  →  International (+0.3°, -118.9°)  batt= 91.2%
[ep= 119 step=180 t=31.99h]  lat= -2.138° lon= +61.015° alt=678.6km  →  International (-2.1°, +61.0°)   batt= 91.9%
[ep= 119 step=200 t=32.78h]  lat= -5.919° lon=-117.808° alt=687.0km  →  International (-5.9°, -117.8°)  batt= 93.7%
[ep= 119 step=220 t=35.56h]  lat=-64.018° lon= +44.569° alt=696.6km  →  International (-64.0°, +44.6°)  batt= 96.5%
[ep= 119 step=240 t=36.05h]  lat= -7.048° lon=-117.510° alt=687.2km  →  International (-7.0°, -117.5°)  batt= 96.7%
[ep= 119 step=260 t=38.52h]  lat= +5.600° lon= +62.383° alt=678.4km  →  International (+5.6°, +62.4°)   batt= 99.4%
[ep= 119 step=280 t=43.36h]  lat=+22.796° lon= +65.200° alt=681.2km  →  International (+22.8°, +65.2°)  batt= 97.8%
[ep= 119 step=300 t=43.66h]  lat=-42.653° lon= +54.305° alt=688.9km  →  International (-42.7°, +54.3°)  batt= 97.6%
[ep= 119 step=320 t=47.75h]  lat=+40.690° lon=-125.026° alt=692.7km  →  International (+40.7°, -125.0°)  batt= 95.5%
[ep= 120 step= 20 t= 1.10h]  lat=-60.618° lon= +45.472° alt=695.7km  →  International (-60.6°, +45.5°)  batt= 99.4%
[ep= 120 step= 40 t= 4.09h]  lat= +1.874° lon= +60.433° alt=679.5km  →  International (+1.9°, +60.4°)   batt= 97.9%
[ep= 120 step= 60 t= 4.26h]  lat=-34.502° lon= +54.585° alt=686.2km  →  International (-34.5°, +54.6°)  batt= 97.8%
[ep= 120 step= 80 t= 6.72h]  lat=+35.831° lon=-125.597° alt=691.3km  →  International (+35.8°, -125.6°)  batt= 96.5%
[ep= 120 step=100 t=10.84h]  lat=-39.446° lon= +53.753° alt=687.8km  →  International (-39.4°, +53.8°)  batt= 94.3%
[ep= 120 step=120 t=15.59h]  lat= -2.303° lon= +60.314° alt=679.0km  →  International (-2.3°, +60.3°)   batt= 93.5%
[ep= 120 step=140 t=20.99h]  lat=-70.755° lon= -95.197° alt=700.9km  →  International (-70.8°, -95.2°)  batt= 99.4%
[ep= 120 step=160 t=24.00h]  lat=-47.486° lon= +52.101° alt=690.9km  →  International (-47.5°, +52.1°)  batt= 98.2%
[ep= 120 step=180 t=28.11h]  lat=+49.097° lon=-128.255° alt=694.8km  →  International (+49.1°, -128.3°)  batt= 96.1%
[ep= 120 step=200 t=32.84h]  lat= +8.535° lon=-119.865° alt=687.0km  →  International (+8.5°, -119.9°)  batt= 93.6%
[ep= 120 step=220 t=38.56h]  lat= -3.364° lon= +61.111° alt=678.8km  →  International (-3.4°, +61.1°)   batt= 91.0%
[ep= 120 step=240 t=39.21h]  lat=-33.726° lon=-112.958° alt=692.2km  →  International (-33.7°, -113.0°)  batt= 92.4%
[ep= 120 step=260 t=40.74h]  lat=-56.050° lon=-106.171° alt=698.4km  →  International (-56.1°, -106.2°)  batt= 91.6%
[ep= 120 step=280 t=40.90h]  lat=-22.529° lon=-114.945° alt=689.6km  →  International (-22.5°, -114.9°)  batt= 91.6%
[ep= 120 step=300 t=42.05h]  lat=-48.742° lon= +52.436° alt=691.0km  →  International (-48.7°, +52.4°)  batt= 95.4%
[ep= 120 step=320 t=42.54h]  lat=-22.795° lon=-114.833° alt=689.8km  →  International (-22.8°, -114.8°)  batt= 95.1%
[ep= 120 step=340 t=45.05h]  lat=+12.302° lon= +63.626° alt=679.2km  →  International (+12.3°, +63.6°)  batt=100.0%
[ep= 121 step= 20 t= 4.12h]  lat= -3.586° lon= +59.664° alt=679.9km  →  International (-3.6°, +59.7°)   batt= 99.1%
[ep= 121 step= 40 t= 5.84h]  lat=-22.127° lon= +56.943° alt=682.9km  →  International (-22.1°, +56.9°)  batt= 98.3%
[ep= 121 step= 60 t= 6.01h]  lat=-58.062° lon= +47.119° alt=695.0km  →  International (-58.1°, +47.1°)  batt= 98.3%
[ep= 121 step= 80 t= 7.50h]  lat=-26.091° lon= +56.335° alt=684.0km  →  International (-26.1°, +56.3°)  batt= 97.6%
[ep= 121 step=100 t= 9.30h]  lat=-60.460° lon= +45.911° alt=695.7km  →  International (-60.5°, +45.9°)  batt= 96.7%
[ep= 121 step=120 t=14.69h]  lat=-15.208° lon=-117.185° alt=687.5km  →  International (-15.2°, -117.2°)  batt= 94.0%
[ep= 121 step=140 t=20.08h]  lat=+81.720° lon=+164.106° alt=699.9km  →  International (+81.7°, +164.1°)  batt= 96.6%
[ep= 121 step=160 t=26.12h]  lat=-27.401° lon=-114.706° alt=690.2km  →  International (-27.4°, -114.7°)  batt= 96.9%
[ep= 121 step=180 t=31.27h]  lat=+24.479° lon=-122.397° alt=688.6km  →  International (+24.5°, -122.4°)  batt= 94.7%
[ep= 121 step=200 t=32.09h]  lat=-23.810° lon= +57.750° alt=683.0km  →  International (-23.8°, +57.8°)  batt= 94.3%
[ep= 121 step=220 t=32.26h]  lat=-59.691° lon= +47.318° alt=695.4km  →  International (-59.7°, +47.3°)  batt= 94.2%
[ep= 121 step=240 t=37.33h]  lat=-80.804° lon= -57.454° alt=701.8km  →  International (-80.8°, -57.5°)  batt= 91.6%
[ep= 121 step=260 t=42.40h]  lat=-52.871° lon=-107.460° alt=697.4km  →  International (-52.9°, -107.5°)  batt= 97.7%
[ep= 121 step=280 t=44.20h]  lat=-18.326° lon=-115.476° alt=688.5km  →  International (-18.3°, -115.5°)  batt= 98.2%
[ep= 121 step=300 t=45.04h]  lat=+13.612° lon= +63.835° alt=679.6km  →  International (+13.6°, +63.8°)  batt= 97.8%
[ep= 122 step= 20 t= 4.23h]  lat=-27.277° lon= +55.985° alt=683.7km  →  International (-27.3°, +56.0°)  batt= 97.8%
[ep= 122 step= 40 t= 7.33h]  lat=+10.310° lon= +61.776° alt=679.7km  →  International (+10.3°, +61.8°)  batt= 96.1%
[ep= 122 step= 60 t=12.09h]  lat=+45.546° lon= +68.797° alt=688.7km  →  International (+45.5°, +68.8°)  batt= 98.4%
[ep= 122 step= 80 t=17.48h]  lat=-56.869° lon= +48.185° alt=694.1km  →  International (-56.9°, +48.2°)  batt= 97.2%
[ep= 122 step=100 t=21.91h]  lat=+50.709° lon= +70.867° alt=690.6km  →  International (+50.7°, +70.9°)  batt= 94.9%
[ep= 122 step=120 t=27.14h]  lat=-17.452° lon= +58.562° alt=680.9km  →  International (-17.5°, +58.6°)  batt= 92.1%
[ep= 122 step=140 t=28.29h]  lat=+81.937° lon=+152.189° alt=699.7km  →  International (+81.9°, +152.2°)  batt= 91.5%
[ep= 122 step=160 t=31.60h]  lat=+79.979° lon=+114.552° alt=699.2km  →  International (+80.0°, +114.6°)  batt= 90.2%
[ep= 122 step=180 t=36.01h]  lat=-16.243° lon=-116.157° alt=688.4km  →  International (-16.2°, -116.2°)  batt= 88.0%
[ep= 122 step=200 t=38.47h]  lat=+16.644° lon= +64.006° alt=679.7km  →  International (+16.6°, +64.0°)  batt= 92.2%
[ep= 122 step=220 t=43.54h]  lat=-17.185° lon= +59.279° alt=680.7km  →  International (-17.2°, +59.3°)  batt= 96.1%
[ep= 122 step=240 t=46.73h]  lat= +3.415° lon= +62.404° alt=678.6km  →  International (+3.4°, +62.4°)   batt= 98.0%
[ep= 122 step=260 t=46.84h]  lat=-20.887° lon= +58.826° alt=681.6km  →  International (-20.9°, +58.8°)  batt=100.0%
[ep= 122 step=280 t=47.00h]  lat=-56.278° lon= +49.680° alt=694.1km  →  International (-56.3°, +49.7°)  batt= 99.9%
[ep= 123 step= 20 t= 5.66h]  lat=+17.940° lon= +62.863° alt=681.3km  →  International (+17.9°, +62.9°)  batt= 98.3%
[ep= 123 step= 40 t= 5.86h]  lat=-26.986° lon= +56.105° alt=684.1km  →  International (-27.0°, +56.1°)  batt= 99.9%
[ep= 123 step= 60 t= 6.05h]  lat=-66.186° lon= +41.527° alt=697.5km  →  International (-66.2°, +41.5°)  batt= 99.8%
[ep= 123 step= 80 t=11.44h]  lat= -9.168° lon=-118.219° alt=686.6km  →  International (-9.2°, -118.2°)  batt= 97.0%
[ep= 123 step=100 t=17.79h]  lat=-54.724° lon=-107.717° alt=697.5km  →  International (-54.7°, -107.7°)  batt= 93.8%
[ep= 123 step=120 t=17.98h]  lat=-14.501° lon=-117.162° alt=687.4km  →  International (-14.5°, -117.2°)  batt= 93.7%
[ep= 123 step=140 t=19.54h]  lat=-29.881° lon=-114.526° alt=690.7km  →  International (-29.9°, -114.5°)  batt= 93.6%
[ep= 123 step=160 t=21.08h]  lat=-52.284° lon=-108.576° alt=697.0km  →  International (-52.3°, -108.6°)  batt= 92.9%
[ep= 123 step=180 t=22.26h]  lat=-26.736° lon= +56.822° alt=683.5km  →  International (-26.7°, +56.8°)  batt= 92.8%
[ep= 123 step=200 t=26.36h]  lat=+26.585° lon=-122.978° alt=689.1km  →  International (+26.6°, -123.0°)  batt= 97.7%
[ep= 123 step=220 t=30.38h]  lat= -8.397° lon= +60.051° alt=679.8km  →  International (-8.4°, +60.1°)   batt= 95.6%
[ep= 123 step=240 t=30.55h]  lat=-44.649° lon= +53.212° alt=689.9km  →  International (-44.6°, +53.2°)  batt= 95.5%
[ep= 123 step=260 t=32.02h]  lat= -8.737° lon= +60.069° alt=679.8km  →  International (-8.7°, +60.1°)   batt= 94.7%
[ep= 123 step=280 t=32.19h]  lat=-44.984° lon= +53.183° alt=689.9km  →  International (-45.0°, +53.2°)  batt= 94.6%
[ep= 123 step=300 t=36.93h]  lat= -6.108° lon= +60.650° alt=679.3km  →  International (-6.1°, +60.7°)   batt= 92.2%
[ep= 123 step=320 t=43.29h]  lat=+38.017° lon= +68.138° alt=685.7km  →  International (+38.0°, +68.1°)  batt= 90.3%
[ep= 124 step= 20 t= 4.73h]  lat=-40.722° lon=-112.798° alt=693.5km  →  International (-40.7°, -112.8°)  batt=100.0%
[ep= 124 step= 40 t= 4.90h]  lat= -4.475° lon=-119.161° alt=686.1km  →  International (-4.5°, -119.2°)  batt=100.0%
[ep= 124 step= 60 t= 9.32h]  lat=-65.670° lon= +42.125° alt=697.4km  →  International (-65.7°, +42.1°)  batt=100.0%
[ep= 124 step= 80 t=11.17h]  lat=-67.623° lon= -99.410° alt=700.4km  →  International (-67.6°, -99.4°)  batt=100.0%
[ep= 124 step=100 t=16.55h]  lat=+32.365° lon=-124.463° alt=690.1km  →  International (+32.4°, -124.5°)  batt=100.0%
[ep= 124 step=120 t=20.43h]  lat=+16.778° lon= +63.296° alt=680.8km  →  International (+16.8°, +63.3°)  batt= 99.8%
[ep= 124 step=140 t=21.17h]  lat=-32.616° lon=-113.919° alt=691.4km  →  International (-32.6°, -113.9°)  batt=100.0%
[ep= 124 step=160 t=27.21h]  lat=-31.272° lon= +56.193° alt=685.1km  →  International (-31.3°, +56.2°)  batt= 99.7%
[ep= 124 step=180 t=27.86h]  lat= -5.897° lon=-118.006° alt=686.6km  →  International (-5.9°, -118.0°)  batt=100.0%
[ep= 124 step=200 t=29.41h]  lat=-25.548° lon=-114.897° alt=689.9km  →  International (-25.5°, -114.9°)  batt=100.0%
[ep= 124 step=220 t=29.54h]  lat= +4.751° lon=-119.449° alt=686.4km  →  International (+4.8°, -119.4°)  batt=100.0%
[ep= 124 step=240 t=31.04h]  lat=-27.628° lon=-114.459° alt=690.4km  →  International (-27.6°, -114.5°)  batt=100.0%
[ep= 124 step=260 t=31.90h]  lat=+17.487° lon= +63.882° alt=680.4km  →  International (+17.5°, +63.9°)  batt= 99.8%
[ep= 124 step=280 t=35.08h]  lat=+40.387° lon= +68.376° alt=686.9km  →  International (+40.4°, +68.4°)  batt= 99.9%
[ep= 124 step=300 t=38.43h]  lat=+25.255° lon= +65.427° alt=682.4km  →  International (+25.3°, +65.4°)  batt= 99.8%
[ep= 124 step=320 t=41.85h]  lat= -6.382° lon= +60.829° alt=679.5km  →  International (-6.4°, +60.8°)   batt= 99.8%
[ep= 124 step=340 t=42.02h]  lat=-42.664° lon= +54.241° alt=689.2km  →  International (-42.7°, +54.2°)  batt=100.0%
[ep= 124 step=360 t=44.80h]  lat=+65.028° lon= +79.570° alt=695.2km  →  International (+65.0°, +79.6°)  batt= 99.9%
[ep= 124 step=380 t=45.35h]  lat=-54.046° lon= +50.619° alt=693.4km  →  International (-54.0°, +50.6°)  batt=100.0%
[ep= 125 step= 20 t= 5.39h]  lat=+74.474° lon= +90.895° alt=698.0km  →  International (+74.5°, +90.9°)  batt=100.0%
[ep= 125 step= 40 t= 9.52h]  lat=-69.619° lon= -97.190° alt=700.7km  →  International (-69.6°, -97.2°)  batt=100.0%
[ep= 125 step= 60 t=14.90h]  lat=+30.208° lon=-124.110° alt=689.6km  →  International (+30.2°, -124.1°)  batt=100.0%
[ep= 125 step= 80 t=15.70h]  lat=-25.918° lon= +56.706° alt=683.9km  →  International (-25.9°, +56.7°)  batt= 99.7%
[ep= 125 step=100 t=15.88h]  lat=-63.452° lon= +44.187° alt=696.9km  →  International (-63.5°, +44.2°)  batt=100.0%
[ep= 125 step=120 t=18.97h]  lat=-22.951° lon= +57.349° alt=682.8km  →  International (-23.0°, +57.3°)  batt= 99.7%
[ep= 125 step=140 t=20.66h]  lat=-34.158° lon= +55.343° alt=686.2km  →  International (-34.2°, +55.3°)  batt= 99.7%
[ep= 125 step=160 t=26.37h]  lat=+27.061° lon=-123.055° alt=689.3km  →  International (+27.1°, -123.1°)  batt=100.0%
[ep= 125 step=180 t=31.46h]  lat=+63.726° lon=-135.370° alt=698.1km  →  International (+63.7°, -135.4°)  batt=100.0%
[ep= 125 step=200 t=36.21h]  lat=+27.219° lon=-122.671° alt=689.3km  →  International (+27.2°, -122.7°)  batt=100.0%
[ep= 125 step=220 t=38.72h]  lat=-37.744° lon= +55.314° alt=687.6km  →  International (-37.7°, +55.3°)  batt= 99.7%
[ep= 125 step=240 t=41.17h]  lat=+35.432° lon=-124.075° alt=691.2km  →  International (+35.4°, -124.1°)  batt=100.0%
[ep= 125 step=260 t=47.20h]  lat=-77.196° lon= -79.498° alt=702.0km  →  International (-77.2°, -79.5°)  batt=100.0%
[ep= 126 step= 20 t= 4.73h]  lat=-40.705° lon=-112.805° alt=693.4km  →  International (-40.7°, -112.8°)  batt= 97.4%
[ep= 126 step= 40 t= 4.91h]  lat= -2.638° lon=-119.424° alt=686.0km  →  International (-2.6°, -119.4°)  batt= 97.3%
[ep= 126 step= 60 t= 6.41h]  lat=-33.159° lon=-114.424° alt=691.3km  →  International (-33.2°, -114.4°)  batt= 99.6%
[ep= 126 step= 80 t= 6.61h]  lat=+10.444° lon=-121.224° alt=686.4km  →  International (+10.4°, -121.2°)  batt= 99.5%
[ep= 126 step=100 t=10.71h]  lat=-10.438° lon= +58.945° alt=680.0km  →  International (-10.4°, +58.9°)  batt=100.0%
[ep= 126 step=120 t=14.82h]  lat=+13.957° lon=-121.404° alt=686.8km  →  International (+14.0°, -121.4°)  batt= 98.7%
[ep= 126 step=140 t=19.88h]  lat=+42.112° lon=-126.539° alt=692.7km  →  International (+42.1°, -126.5°)  batt= 96.0%
[ep= 126 step=160 t=25.26h]  lat=+35.652° lon= +66.871° alt=685.5km  →  International (+35.7°, +66.9°)  batt= 93.2%
[ep= 126 step=180 t=29.38h]  lat=-30.259° lon=-114.049° alt=691.0km  →  International (-30.3°, -114.0°)  batt= 92.7%
[ep= 126 step=200 t=29.49h]  lat= -6.660° lon=-117.838° alt=686.7km  →  International (-6.7°, -117.8°)  batt= 92.6%
[ep= 126 step=220 t=30.59h]  lat=-54.196° lon= +49.932° alt=693.3km  →  International (-54.2°, +49.9°)  batt= 95.3%
[ep= 126 step=240 t=35.98h]  lat=-23.465° lon=-114.993° alt=689.6km  →  International (-23.5°, -115.0°)  batt= 93.0%
[ep= 126 step=260 t=39.43h]  lat=+15.390° lon=-120.608° alt=687.2km  →  International (+15.4°, -120.6°)  batt= 93.2%
[ep= 126 step=280 t=41.94h]  lat=-25.964° lon= +57.773° alt=683.3km  →  International (-26.0°, +57.8°)  batt= 91.9%
[ep= 126 step=300 t=42.78h]  lat=+30.575° lon=-123.038° alt=690.0km  →  International (+30.6°, -123.0°)  batt= 91.5%
[ep= 126 step=320 t=46.88h]  lat=-28.804° lon= +57.465° alt=683.9km  →  International (-28.8°, +57.5°)  batt= 89.3%
[ep= 127 step= 20 t= 2.48h]  lat= -3.268° lon= +59.637° alt=679.4km  →  International (-3.3°, +59.6°)   batt=100.0%
[ep= 127 step= 40 t= 2.64h]  lat=-39.592° lon= +53.378° alt=687.9km  →  International (-39.6°, +53.4°)  batt=100.0%
[ep= 127 step= 60 t= 5.84h]  lat=-22.167° lon= +56.930° alt=682.2km  →  International (-22.2°, +56.9°)  batt=100.0%
[ep= 127 step= 80 t=10.59h]  lat=+15.107° lon= +62.624° alt=680.2km  →  International (+15.1°, +62.6°)  batt=100.0%
[ep= 127 step=100 t=17.26h]  lat= -8.141° lon= +59.544° alt=679.3km  →  International (-8.1°, +59.5°)   batt=100.0%
[ep= 127 step=120 t=20.94h]  lat=-79.572° lon= -68.833° alt=701.8km  →  International (-79.6°, -68.8°)  batt=100.0%
[ep= 127 step=140 t=26.32h]  lat=+18.123° lon=-121.579° alt=687.7km  →  International (+18.1°, -121.6°)  batt= 99.9%
[ep= 127 step=160 t=32.99h]  lat=+41.158° lon=-125.760° alt=693.1km  →  International (+41.2°, -125.8°)  batt= 99.9%
[ep= 127 step=180 t=39.02h]  lat=-72.304° lon= -92.037° alt=701.5km  →  International (-72.3°, -92.0°)  batt= 99.9%
[ep= 127 step=200 t=39.30h]  lat=-14.352° lon=-116.312° alt=688.2km  →  International (-14.4°, -116.3°)  batt=100.0%
[ep= 127 step=220 t=40.80h]  lat=-44.735° lon=-110.260° alt=695.6km  →  International (-44.7°, -110.3°)  batt= 99.9%
[ep= 127 step=240 t=41.35h]  lat=+73.511° lon=-146.897° alt=699.6km  →  International (+73.5°, -146.9°)  batt=100.0%
[ep= 127 step=260 t=45.26h]  lat=-33.252° lon= +56.528° alt=685.4km  →  International (-33.3°, +56.5°)  batt=100.0%
[ep= 127 step=280 t=47.78h]  lat=+47.130° lon=-126.817° alt=694.4km  →  International (+47.1°, -126.8°)  batt= 99.9%
[ep= 128 step= 20 t= 4.28h]  lat=-38.101° lon= +53.803° alt=687.9km  →  International (-38.1°, +53.8°)  batt=100.0%
[ep= 128 step= 40 t= 7.33h]  lat=+10.331° lon= +61.784° alt=680.3km  →  International (+10.3°, +61.8°)  batt= 99.8%
[ep= 128 step= 60 t= 7.50h]  lat=-26.099° lon= +56.332° alt=683.9km  →  International (-26.1°, +56.3°)  batt=100.0%
[ep= 128 step= 80 t= 8.68h]  lat=+72.302° lon= +86.718° alt=697.8km  →  International (+72.3°, +86.7°)  batt=100.0%
[ep= 128 step=100 t=10.93h]  lat=-59.047° lon= +46.791° alt=695.1km  →  International (-59.0°, +46.8°)  batt=100.0%
[ep= 128 step=120 t=16.96h]  lat=+57.057° lon= +73.326° alt=693.2km  →  International (+57.1°, +73.3°)  batt= 99.9%
[ep= 128 step=140 t=22.02h]  lat=+25.514° lon= +64.788° alt=682.4km  →  International (+25.5°, +64.8°)  batt= 99.8%
[ep= 128 step=160 t=28.06h]  lat=+38.309° lon=-125.259° alt=691.8km  →  International (+38.3°, -125.3°)  batt=100.0%
[ep= 128 step=180 t=30.50h]  lat=-34.382° lon= +55.702° alt=686.3km  →  International (-34.4°, +55.7°)  batt=100.0%
[ep= 128 step=200 t=31.65h]  lat=+71.382° lon= +86.174° alt=697.3km  →  International (+71.4°, +86.2°)  batt=100.0%
[ep= 128 step=220 t=32.07h]  lat=-18.389° lon= +58.629° alt=681.6km  →  International (-18.4°, +58.6°)  batt=100.0%
[ep= 128 step=240 t=32.57h]  lat=-51.229° lon=-108.493° alt=696.6km  →  International (-51.2°, -108.5°)  batt=100.0%
[ep= 128 step=260 t=35.74h]  lat=-72.967° lon= -90.984° alt=701.3km  →  International (-73.0°, -91.0°)  batt=100.0%
[ep= 128 step=280 t=38.99h]  lat=-78.349° lon= -75.024° alt=701.7km  →  International (-78.3°, -75.0°)  batt=100.0%
[ep= 128 step=300 t=45.02h]  lat=+17.207° lon= +64.378° alt=680.2km  →  International (+17.2°, +64.4°)  batt= 99.8%
[ep= 128 step=320 t=45.85h]  lat=-16.126° lon=-115.754° alt=688.2km  →  International (-16.1°, -115.8°)  batt=100.0%
[ep= 128 step=340 t=47.67h]  lat=+24.214° lon=-121.678° alt=689.0km  →  International (+24.2°, -121.7°)  batt=100.0%
[ep= 129 step= 20 t= 5.38h]  lat=+75.972° lon= +94.748° alt=698.5km  →  International (+76.0°, +94.7°)  batt= 97.6%
[ep= 129 step= 40 t= 8.19h]  lat= -1.933° lon=-119.389° alt=686.2km  →  International (-1.9°, -119.4°)  batt= 99.8%
[ep= 129 step= 60 t=12.29h]  lat= +1.948° lon= +60.781° alt=678.8km  →  International (+1.9°, +60.8°)   batt=100.0%
[ep= 129 step= 80 t=17.06h]  lat=+35.473° lon= +66.494° alt=685.3km  →  International (+35.5°, +66.5°)  batt=100.0%
[ep= 129 step=100 t=22.46h]  lat=-68.298° lon= +40.074° alt=697.9km  →  International (-68.3°, +40.1°)  batt= 98.6%
[ep= 129 step=120 t=27.21h]  lat=-32.081° lon= +56.028° alt=685.0km  →  International (-32.1°, +56.0°)  batt= 98.3%
[ep= 129 step=140 t=32.59h]  lat=-45.684° lon=-110.317° alt=695.5km  →  International (-45.7°, -110.3°)  batt= 99.5%
[ep= 129 step=160 t=34.18h]  lat=-56.602° lon=-106.186° alt=698.4km  →  International (-56.6°, -106.2°)  batt= 99.9%
[ep= 129 step=180 t=37.34h]  lat=-80.009° lon= -64.960° alt=701.8km  →  International (-80.0°, -65.0°)  batt= 99.7%
[ep= 129 step=200 t=41.31h]  lat=+67.061° lon=-137.844° alt=698.5km  →  International (+67.1°, -137.8°)  batt= 99.5%
[ep= 129 step=220 t=44.10h]  lat=-40.322° lon=-111.280° alt=694.0km  →  International (-40.3°, -111.3°)  batt= 99.9%
[ep= 130 step= 20 t= 6.03h]  lat=-63.307° lon= +43.879° alt=696.6km  →  International (-63.3°, +43.9°)  batt= 99.7%
[ep= 130 step= 40 t=11.43h]  lat=-12.235° lon=-117.765° alt=687.1km  →  International (-12.2°, -117.8°)  batt=100.0%
[ep= 130 step= 60 t=18.09h]  lat=+10.924° lon=-120.816° alt=686.4km  →  International (+10.9°, -120.8°)  batt= 99.9%
[ep= 130 step= 80 t=20.42h]  lat=+18.600° lon= +63.580° alt=681.1km  →  International (+18.6°, +63.6°)  batt= 99.6%
[ep= 130 step=100 t=24.55h]  lat=-12.013° lon=-117.256° alt=687.3km  →  International (-12.0°, -117.3°)  batt=100.0%
[ep= 130 step=120 t=28.02h]  lat=+30.444° lon=-123.615° alt=690.0km  →  International (+30.4°, -123.6°)  batt= 99.9%
[ep= 130 step=140 t=29.29h]  lat=-50.736° lon=-108.804° alt=696.7km  →  International (-50.7°, -108.8°)  batt= 99.9%
[ep= 130 step=160 t=29.44h]  lat=-18.295° lon=-116.095° alt=688.3km  →  International (-18.3°, -116.1°)  batt= 99.9%
[ep= 130 step=180 t=29.55h]  lat= +5.355° lon=-119.536° alt=686.4km  →  International (+5.4°, -119.5°)  batt= 99.8%
[ep= 130 step=200 t=32.69h]  lat=-24.277° lon=-114.980° alt=689.7km  →  International (-24.3°, -115.0°)  batt=100.0%
[ep= 130 step=220 t=37.43h]  lat=-62.625° lon=-102.571° alt=699.8km  →  International (-62.6°, -102.6°)  batt=100.0%
[ep= 130 step=240 t=41.24h]  lat=+51.627° lon=-128.597° alt=695.3km  →  International (+51.6°, -128.6°)  batt= 99.9%
[ep= 130 step=260 t=46.32h]  lat=+81.064° lon=+177.643° alt=699.7km  →  International (+81.1°, +177.6°)  batt=100.0%
[ep= 131 step= 20 t= 4.12h]  lat= -3.578° lon= +59.663° alt=679.8km  →  International (-3.6°, +59.7°)   batt= 99.5%
[ep= 131 step= 40 t= 4.94h]  lat= +4.619° lon=-120.451° alt=686.0km  →  International (+4.6°, -120.5°)  batt= 99.2%
[ep= 131 step= 60 t= 8.40h]  lat=+43.319° lon=-127.331° alt=693.2km  →  International (+43.3°, -127.3°)  batt= 99.8%
[ep= 131 step= 80 t=13.07h]  lat=-11.943° lon=-117.741° alt=686.9km  →  International (-11.9°, -117.7°)  batt= 99.7%
[ep= 131 step=100 t=18.16h]  lat=+25.414° lon=-123.110° alt=688.6km  →  International (+25.4°, -123.1°)  batt=100.0%
[ep= 131 step=120 t=19.00h]  lat=-30.184° lon= +56.058° alt=685.0km  →  International (-30.2°, +56.1°)  batt= 99.7%
[ep= 131 step=140 t=21.13h]  lat=-41.076° lon=-112.033° alt=693.9km  →  International (-41.1°, -112.0°)  batt= 99.4%
[ep= 131 step=160 t=25.27h]  lat=+34.013° lon= +66.529° alt=685.2km  →  International (+34.0°, +66.5°)  batt= 99.3%
[ep= 131 step=180 t=29.70h]  lat=+38.526° lon=-125.251° alt=692.0km  →  International (+38.5°, -125.3°)  batt= 98.8%
[ep= 131 step=200 t=34.45h]  lat= +1.421° lon=-118.778° alt=686.6km  →  International (+1.4°, -118.8°)  batt= 99.6%
[ep= 131 step=220 t=39.42h]  lat=+13.311° lon=-120.291° alt=686.9km  →  International (+13.3°, -120.3°)  batt= 99.7%
[ep= 131 step=240 t=44.48h]  lat=+41.444° lon=-125.350° alt=692.9km  →  International (+41.4°, -125.3°)  batt= 99.0%
[ep= 132 step= 20 t= 5.39h]  lat=+74.456° lon= +90.834° alt=698.1km  →  International (+74.5°, +90.8°)  batt=100.0%
[ep= 132 step= 40 t= 8.16h]  lat= -9.218° lon=-118.346° alt=686.6km  →  International (-9.2°, -118.3°)  batt=100.0%
[ep= 132 step= 60 t=10.63h]  lat= +5.951° lon= +61.284° alt=679.1km  →  International (+6.0°, +61.3°)   batt=100.0%
[ep= 132 step= 80 t=15.38h]  lat=+43.035° lon= +68.234° alt=688.0km  →  International (+43.0°, +68.2°)  batt=100.0%
[ep= 132 step=100 t=18.98h]  lat=-24.904° lon= +57.014° alt=683.2km  →  International (-24.9°, +57.0°)  batt=100.0%
[ep= 132 step=120 t=19.15h]  lat=-62.488° lon= +45.010° alt=696.3km  →  International (-62.5°, +45.0°)  batt=100.0%
[ep= 132 step=140 t=24.23h]  lat=-77.784° lon= -78.136° alt=701.6km  →  International (-77.8°, -78.1°)  batt=100.0%
[ep= 132 step=160 t=29.62h]  lat=+20.694° lon=-121.845° alt=688.1km  →  International (+20.7°, -121.8°)  batt=100.0%
[ep= 132 step=180 t=31.09h]  lat=-15.341° lon=-116.489° alt=687.9km  →  International (-15.3°, -116.5°)  batt=100.0%
[ep= 132 step=200 t=34.55h]  lat=+23.541° lon=-122.111° alt=688.7km  →  International (+23.5°, -122.1°)  batt=100.0%
[ep= 132 step=220 t=39.29h]  lat=-15.444° lon=-116.133° alt=688.0km  →  International (-15.4°, -116.1°)  batt=100.0%
[ep= 132 step=240 t=43.42h]  lat=+10.032° lon= +63.230° alt=679.2km  →  International (+10.0°, +63.2°)  batt=100.0%
[ep= 132 step=260 t=43.58h]  lat=-26.406° lon= +57.768° alt=683.3km  →  International (-26.4°, +57.8°)  batt=100.0%
[ep= 132 step=280 t=44.42h]  lat=+29.206° lon=-122.707° alt=689.8km  →  International (+29.2°, -122.7°)  batt=100.0%
[ep= 133 step= 20 t= 5.08h]  lat=+33.673° lon=-125.203° alt=690.4km  →  International (+33.7°, -125.2°)  batt= 99.9%
[ep= 133 step= 40 t= 5.95h]  lat=-45.614° lon= +51.926° alt=690.6km  →  International (-45.6°, +51.9°)  batt= 99.6%
[ep= 133 step= 60 t= 9.72h]  lat=-27.096° lon=-115.445° alt=689.5km  →  International (-27.1°, -115.4°)  batt=100.0%
[ep= 133 step= 80 t=10.87h]  lat=-44.812° lon= +52.356° alt=690.0km  →  International (-44.8°, +52.4°)  batt=100.0%
[ep= 133 step=100 t=15.62h]  lat= -9.555° lon= +59.275° alt=680.1km  →  International (-9.6°, +59.3°)   batt=100.0%
[ep= 133 step=120 t=21.97h]  lat=+38.217° lon= +67.305° alt=686.3km  →  International (+38.2°, +67.3°)  batt=100.0%
[ep= 133 step=140 t=28.63h]  lat=+15.127° lon= +63.370° alt=680.5km  →  International (+15.1°, +63.4°)  batt=100.0%
[ep= 133 step=160 t=30.46h]  lat=-25.284° lon= +57.414° alt=683.5km  →  International (-25.3°, +57.4°)  batt=100.0%
[ep= 133 step=180 t=30.62h]  lat=-61.109° lon= +46.384° alt=696.0km  →  International (-61.1°, +46.4°)  batt=100.0%
[ep= 133 step=200 t=36.33h]  lat=+52.442° lon=-129.124° alt=695.7km  →  International (+52.4°, -129.1°)  batt=100.0%
[ep= 133 step=220 t=40.76h]  lat=-53.204° lon=-107.417° alt=697.4km  →  International (-53.2°, -107.4°)  batt=100.0%
[ep= 133 step=240 t=42.57h]  lat=-16.857° lon=-115.795° alt=688.2km  →  International (-16.9°, -115.8°)  batt=100.0%
[ep= 133 step=260 t=46.98h]  lat=-50.217° lon= +52.131° alt=691.8km  →  International (-50.2°, +52.1°)  batt=100.0%
[ep= 134 step= 20 t= 0.89h]  lat=-15.687° lon= +57.756° alt=681.0km  →  International (-15.7°, +57.8°)  batt= 99.6%
[ep= 134 step= 40 t= 1.06h]  lat=-51.800° lon= +49.672° alt=692.5km  →  International (-51.8°, +49.7°)  batt= 99.5%
[ep= 134 step= 60 t= 5.93h]  lat=-42.068° lon= +52.900° alt=688.7km  →  International (-42.1°, +52.9°)  batt= 97.5%
[ep= 134 step= 80 t=10.68h]  lat= -3.128° lon= +59.995° alt=679.1km  →  International (-3.1°, +60.0°)   batt= 95.2%
[ep= 134 step=100 t=15.43h]  lat=+34.059° lon= +66.129° alt=684.6km  →  International (+34.1°, +66.1°)  batt= 94.5%
[ep= 134 step=120 t=21.46h]  lat=+29.807° lon=-123.768° alt=689.9km  →  International (+29.8°, -123.8°)  batt= 96.0%
[ep= 134 step=140 t=25.43h]  lat= -2.530° lon= +60.689° alt=679.0km  →  International (-2.5°, +60.7°)   batt= 94.0%
[ep= 134 step=160 t=25.60h]  lat=-38.865° lon= +54.499° alt=687.5km  →  International (-38.9°, +54.5°)  batt= 93.9%
[ep= 134 step=180 t=28.71h]  lat= -1.390° lon= +60.985° alt=678.7km  →  International (-1.4°, +61.0°)   batt= 92.9%
[ep= 134 step=200 t=34.73h]  lat=+62.766° lon=-134.543° alt=698.1km  →  International (+62.8°, -134.5°)  batt= 92.3%
[ep= 134 step=220 t=39.18h]  lat=-39.084° lon=-111.779° alt=694.0km  →  International (-39.1°, -111.8°)  batt= 90.5%
[ep= 134 step=240 t=42.67h]  lat= +6.342° lon=-119.144° alt=687.1km  →  International (+6.3°, -119.1°)  batt= 90.3%
[ep= 134 step=260 t=47.77h]  lat=+45.345° lon=-126.272° alt=693.9km  →  International (+45.3°, -126.3°)  batt= 88.0%
[ep= 135 step= 20 t= 6.67h]  lat=+23.166° lon=-123.204° alt=688.4km  →  International (+23.2°, -123.2°)  batt=100.0%
[ep= 135 step= 40 t=12.70h]  lat=-81.607° lon= -13.238° alt=701.1km  →  International (-81.6°, -13.2°)  batt=100.0%
[ep= 135 step= 60 t=16.80h]  lat=+81.551° lon=+168.130° alt=699.9km  →  International (+81.6°, +168.1°)  batt=100.0%
[ep= 135 step= 80 t=23.15h]  lat=+40.941° lon=-126.108° alt=692.8km  →  International (+40.9°, -126.1°)  batt=100.0%
[ep= 135 step=100 t=25.58h]  lat=-35.221° lon= +55.310° alt=686.4km  →  International (-35.2°, +55.3°)  batt= 99.7%
[ep= 135 step=120 t=28.36h]  lat=+73.560° lon= +89.863° alt=697.8km  →  International (+73.6°, +89.9°)  batt=100.0%
[ep= 135 step=140 t=31.31h]  lat=+31.185° lon=-123.636° alt=690.5km  →  International (+31.2°, -123.6°)  batt=100.0%
[ep= 135 step=160 t=34.56h]  lat=+26.416° lon=-122.618° alt=689.6km  →  International (+26.4°, -122.6°)  batt=100.0%
[ep= 135 step=180 t=38.01h]  lat=+62.789° lon=-134.437° alt=698.1km  →  International (+62.8°, -134.4°)  batt=100.0%
[ep= 135 step=200 t=39.25h]  lat=-24.686° lon=-114.656° alt=690.0km  →  International (-24.7°, -114.7°)  batt=100.0%
[ep= 135 step=220 t=40.82h]  lat=-39.400° lon=-111.641° alt=693.9km  →  International (-39.4°, -111.6°)  batt=100.0%
[ep= 135 step=240 t=40.91h]  lat=-20.115° lon=-115.346° alt=689.1km  →  International (-20.1°, -115.3°)  batt=100.0%
[ep= 135 step=260 t=42.75h]  lat=+23.857° lon=-121.839° alt=689.1km  →  International (+23.9°, -121.8°)  batt=100.0%
[ep= 136 step= 20 t= 0.92h]  lat=-21.146° lon= +56.896° alt=682.2km  →  International (-21.1°, +56.9°)  batt= 99.5%
[ep= 136 step= 40 t= 1.08h]  lat=-57.115° lon= +47.388° alt=694.4km  →  International (-57.1°, +47.4°)  batt= 99.4%
[ep= 136 step= 60 t= 4.21h]  lat=-23.646° lon= +56.617° alt=682.6km  →  International (-23.6°, +56.6°)  batt= 97.7%
[ep= 136 step= 80 t= 6.01h]  lat=-58.107° lon= +47.092° alt=694.6km  →  International (-58.1°, +47.1°)  batt= 96.8%
[ep= 136 step=100 t=10.77h]  lat=-23.164° lon= +56.969° alt=682.4km  →  International (-23.2°, +57.0°)  batt= 99.1%
[ep= 136 step=120 t=13.59h]  lat=+74.577° lon= +91.458° alt=697.9km  →  International (+74.6°, +91.5°)  batt= 99.5%
[ep= 136 step=140 t=20.26h]  lat=+52.813° lon= +71.594° alt=691.3km  →  International (+52.8°, +71.6°)  batt= 95.9%
[ep= 136 step=160 t=24.69h]  lat=+19.605° lon=-121.871° alt=687.9km  →  International (+19.6°, -121.9°)  batt= 93.7%
[ep= 136 step=180 t=29.77h]  lat=+53.020° lon=-129.611° alt=696.0km  →  International (+53.0°, -129.6°)  batt= 91.0%
[ep= 136 step=200 t=35.80h]  lat=-61.082° lon=-103.666° alt=699.5km  →  International (-61.1°, -103.7°)  batt= 87.8%
[ep= 136 step=220 t=37.35h]  lat=-78.521° lon= -74.221° alt=701.8km  →  International (-78.5°, -74.2°)  batt= 87.0%
[ep= 136 step=240 t=37.60h]  lat=-27.385° lon=-114.238° alt=690.8km  →  International (-27.4°, -114.2°)  batt= 86.9%
[ep= 136 step=260 t=39.10h]  lat=-56.917° lon=-105.825° alt=698.7km  →  International (-56.9°, -105.8°)  batt= 91.7%
[ep= 136 step=280 t=41.60h]  lat=+48.519° lon= +70.935° alt=689.3km  →  International (+48.5°, +70.9°)  batt= 90.4%
[ep= 136 step=300 t=46.94h]  lat=-43.208° lon= +54.296° alt=689.1km  →  International (-43.2°, +54.3°)  batt= 94.3%
[ep= 137 step= 20 t= 3.02h]  lat=-57.053° lon=-107.253° alt=698.1km  →  International (-57.1°, -107.3°)  batt=100.0%
[ep= 137 step= 40 t= 7.78h]  lat=-81.802° lon= -19.089° alt=701.2km  →  International (-81.8°, -19.1°)  batt= 99.9%
[ep= 137 step= 60 t=11.57h]  lat=+20.567° lon=-122.570° alt=688.1km  →  International (+20.6°, -122.6°)  batt= 99.9%
[ep= 137 step= 80 t=15.66h]  lat=-16.945° lon= +58.172° alt=680.7km  →  International (-16.9°, +58.2°)  batt= 99.2%
[ep= 137 step=100 t=19.73h]  lat=+11.362° lon=-120.816° alt=686.7km  →  International (+11.4°, -120.8°)  batt= 99.7%
[ep= 137 step=120 t=25.77h]  lat=-73.797° lon= +31.889° alt=699.4km  →  International (-73.8°, +31.9°)  batt= 99.6%
[ep= 137 step=140 t=30.57h]  lat=-50.687° lon= +51.302° alt=691.7km  →  International (-50.7°, +51.3°)  batt= 99.4%
[ep= 137 step=160 t=35.65h]  lat=-80.311° lon=  +5.400° alt=701.1km  →  International (-80.3°, +5.4°)   batt=100.0%
[ep= 137 step=180 t=36.61h]  lat=+63.546° lon= +78.045° alt=694.3km  →  International (+63.5°, +78.0°)  batt=100.0%
[ep= 137 step=200 t=42.64h]  lat= -0.246° lon=-118.207° alt=686.8km  →  International (-0.2°, -118.2°)  batt= 99.3%
[ep= 137 step=220 t=46.75h]  lat= -1.558° lon= +61.705° alt=678.6km  →  International (-1.6°, +61.7°)   batt= 99.6%
[ep= 137 step=240 t=46.92h]  lat=-37.907° lon= +55.601° alt=687.0km  →  International (-37.9°, +55.6°)  batt= 99.6%
[ep= 138 step= 20 t= 5.06h]  lat=+30.054° lon=-124.494° alt=689.7km  →  International (+30.1°, -124.5°)  batt= 97.4%
[ep= 138 step= 40 t=10.45h]  lat=+45.901° lon= +68.839° alt=689.2km  →  International (+45.9°, +68.8°)  batt= 96.7%
[ep= 138 step= 60 t=15.84h]  lat=-56.472° lon= +48.309° alt=694.5km  →  International (-56.5°, +48.3°)  batt= 96.3%
[ep= 138 step= 80 t=18.87h]  lat= -1.114° lon= +60.622° alt=679.5km  →  International (-1.1°, +60.6°)   batt= 94.8%
[ep= 138 step=100 t=19.03h]  lat=-37.460° lon= +54.554° alt=687.4km  →  International (-37.5°, +54.6°)  batt= 94.7%
[ep= 138 step=120 t=20.30h]  lat=+43.937° lon= +68.687° alt=688.5km  →  International (+43.9°, +68.7°)  batt= 94.1%
[ep= 138 step=140 t=20.89h]  lat=-80.850° lon=  -0.746° alt=701.2km  →  International (-80.8°, -0.7°)   batt= 95.0%
[ep= 138 step=160 t=21.42h]  lat=+20.682° lon=-122.181° alt=687.9km  →  International (+20.7°, -122.2°)  batt= 94.7%
[ep= 138 step=180 t=21.93h]  lat=+47.194° lon= +69.705° alt=689.5km  →  International (+47.2°, +69.7°)  batt= 98.7%
[ep= 138 step=200 t=22.77h]  lat=-42.491° lon=-111.603° alt=694.3km  →  International (-42.5°, -111.6°)  batt= 99.7%
[ep= 138 step=220 t=25.28h]  lat=+30.326° lon= +65.797° alt=684.0km  →  International (+30.3°, +65.8°)  batt=100.0%
[ep= 138 step=240 t=25.79h]  lat=-78.085° lon= +18.903° alt=700.6km  →  International (-78.1°, +18.9°)  batt= 99.8%
[ep= 138 step=260 t=26.31h]  lat=+14.399° lon=-120.998° alt=687.2km  →  International (+14.4°, -121.0°)  batt= 99.6%
[ep= 138 step=280 t=26.82h]  lat=+53.367° lon= +72.090° alt=691.7km  →  International (+53.4°, +72.1°)  batt=100.0%
[ep= 138 step=300 t=27.69h]  lat=-41.522° lon=-111.651° alt=694.1km  →  International (-41.5°, -111.7°)  batt= 99.8%
[ep= 138 step=320 t=27.86h]  lat= -5.897° lon=-118.011° alt=686.6km  →  International (-5.9°, -118.0°)  batt= 99.7%
[ep= 138 step=340 t=29.37h]  lat=-33.988° lon=-113.305° alt=692.0km  →  International (-34.0°, -113.3°)  batt= 99.7%
[ep= 138 step=360 t=29.45h]  lat=-16.475° lon=-116.382° alt=688.0km  →  International (-16.5°, -116.4°)  batt= 99.7%
[ep= 138 step=380 t=34.82h]  lat=+79.077° lon=-165.792° alt=699.9km  →  International (+79.1°, -165.8°)  batt= 99.3%
[ep= 138 step=400 t=41.49h]  lat=+72.345° lon= +88.148° alt=697.3km  →  International (+72.3°, +88.1°)  batt= 95.9%
[ep= 138 step=420 t=41.89h]  lat=-15.495° lon= +59.480° alt=680.9km  →  International (-15.5°, +59.5°)  batt= 95.7%
[ep= 138 step=440 t=42.07h]  lat=-53.388° lon= +50.745° alt=693.3km  →  International (-53.4°, +50.7°)  batt= 95.6%
[ep= 138 step=460 t=46.47h]  lat=+59.497° lon= +75.832° alt=693.4km  →  International (+59.5°, +75.8°)  batt= 93.4%
[ep= 139 step= 20 t= 4.23h]  lat=-27.248° lon= +55.992° alt=684.3km  →  International (-27.2°, +56.0°)  batt= 98.4%
[ep= 139 step= 40 t= 6.05h]  lat=-66.175° lon= +41.538° alt=697.6km  →  International (-66.2°, +41.5°)  batt= 99.8%
[ep= 139 step= 60 t= 7.97h]  lat=-50.793° lon=-109.672° alt=696.1km  →  International (-50.8°, -109.7°)  batt= 99.8%
[ep= 139 step= 80 t= 9.24h]  lat=-46.885° lon= +51.676° alt=690.8km  →  International (-46.9°, +51.7°)  batt= 99.8%
[ep= 139 step=100 t=11.22h]  lat=-56.629° lon=-107.119° alt=697.8km  →  International (-56.6°, -107.1°)  batt= 98.8%
[ep= 139 step=120 t=16.30h]  lat=-21.522° lon=-116.130° alt=688.6km  →  International (-21.5°, -116.1°)  batt= 99.7%
[ep= 139 step=140 t=17.89h]  lat=-33.863° lon=-113.812° alt=691.6km  →  International (-33.9°, -113.8°)  batt= 98.9%
[ep= 139 step=160 t=20.41h]  lat=+19.788° lon= +63.759° alt=681.1km  →  International (+19.8°, +63.8°)  batt=100.0%
[ep= 139 step=180 t=22.86h]  lat=-21.991° lon=-115.782° alt=689.0km  →  International (-22.0°, -115.8°)  batt= 98.9%
[ep= 139 step=200 t=26.33h]  lat=+18.685° lon=-121.663° alt=687.7km  →  International (+18.7°, -121.7°)  batt= 98.8%
[ep= 139 step=220 t=31.73h]  lat=+55.299° lon= +73.108° alt=692.4km  →  International (+55.3°, +73.1°)  batt= 96.0%
[ep= 139 step=240 t=32.09h]  lat=-22.642° lon= +57.929° alt=682.6km  →  International (-22.6°, +57.9°)  batt= 95.8%
[ep= 139 step=260 t=32.91h]  lat=+23.648° lon=-122.206° alt=688.5km  →  International (+23.6°, -122.2°)  batt= 95.4%
[ep= 139 step=280 t=37.13h]  lat=-48.912° lon= +52.177° alt=691.4km  →  International (-48.9°, +52.2°)  batt= 93.2%
[ep= 139 step=300 t=43.48h]  lat= -3.131° lon= +61.339° alt=678.9km  →  International (-3.1°, +61.3°)   batt= 90.7%
[ep= 140 step= 20 t= 6.03h]  lat=-61.604° lon= +45.058° alt=695.8km  →  International (-61.6°, +45.1°)  batt= 97.4%
[ep= 140 step= 40 t=12.06h]  lat=+52.647° lon= +71.191° alt=691.3km  →  International (+52.6°, +71.2°)  batt= 95.9%
[ep= 140 step= 60 t=15.68h]  lat=-20.592° lon= +57.598° alt=682.0km  →  International (-20.6°, +57.6°)  batt= 98.6%
[ep= 140 step= 80 t=20.13h]  lat=+77.829° lon=+101.888° alt=698.6km  →  International (+77.8°, +101.9°)  batt= 96.2%
[ep= 140 step=100 t=22.26h]  lat=-25.599° lon= +57.027° alt=683.1km  →  International (-25.6°, +57.0°)  batt= 95.1%
[ep= 140 step=120 t=23.10h]  lat=+30.222° lon=-123.780° alt=689.9km  →  International (+30.2°, -123.8°)  batt= 94.7%
[ep= 140 step=140 t=25.94h]  lat=-64.660° lon=-101.531° alt=700.0km  →  International (-64.7°, -101.5°)  batt= 96.5%
[ep= 140 step=160 t=30.71h]  lat=-77.623° lon= +21.064° alt=700.3km  →  International (-77.6°, +21.1°)  batt= 99.8%
[ep= 140 step=180 t=33.15h]  lat=+74.246° lon=-148.776° alt=699.4km  →  International (+74.2°, -148.8°)  batt= 98.6%
[ep= 140 step=200 t=37.90h]  lat=+38.693° lon=-124.949° alt=692.2km  →  International (+38.7°, -124.9°)  batt= 98.5%
[ep= 140 step=220 t=41.05h]  lat=+10.377° lon=-119.791° alt=686.8km  →  International (+10.4°, -119.8°)  batt= 96.9%
[ep= 140 step=240 t=43.45h]  lat= +2.728° lon= +62.180° alt=678.8km  →  International (+2.7°, +62.2°)   batt= 95.7%
[ep= 140 step=260 t=43.62h]  lat=-33.662° lon= +56.387° alt=685.6km  →  International (-33.7°, +56.4°)  batt= 95.6%
[ep= 140 step=280 t=46.39h]  lat=+74.899° lon= +93.581° alt=697.7km  →  International (+74.9°, +93.6°)  batt= 94.2%
[ep= 141 step= 20 t= 5.40h]  lat=+72.883° lon= +87.614° alt=697.6km  →  International (+72.9°, +87.6°)  batt= 98.4%
[ep= 141 step= 40 t=11.43h]  lat=-10.407° lon=-118.033° alt=686.7km  →  International (-10.4°, -118.0°)  batt= 95.3%
[ep= 141 step= 60 t=12.45h]  lat=-32.543° lon= +55.331° alt=685.9km  →  International (-32.5°, +55.3°)  batt= 94.8%
[ep= 141 step= 80 t=13.60h]  lat=+73.022° lon= +88.211° alt=697.7km  →  International (+73.0°, +88.2°)  batt= 94.1%
[ep= 141 step=100 t=14.07h]  lat=-27.441° lon= +56.365° alt=684.2km  →  International (-27.4°, +56.4°)  batt= 93.9%
[ep= 141 step=120 t=14.24h]  lat=-64.901° lon= +42.986° alt=697.2km  →  International (-64.9°, +43.0°)  batt= 93.8%
[ep= 141 step=140 t=15.72h]  lat=-31.399° lon= +55.691° alt=685.3km  →  International (-31.4°, +55.7°)  batt= 93.0%
[ep= 141 step=160 t=17.29h]  lat=-15.391° lon= +58.482° alt=680.9km  →  International (-15.4°, +58.5°)  batt= 92.2%
[ep= 141 step=180 t=18.47h]  lat=+81.307° lon=+128.668° alt=699.5km  →  International (+81.3°, +128.7°)  batt= 91.5%
[ep= 141 step=200 t=23.71h]  lat=+16.099° lon= +63.325° alt=680.5km  →  International (+16.1°, +63.3°)  batt= 88.8%
[ep= 141 step=220 t=28.14h]  lat=+56.165° lon=-131.036° alt=696.5km  →  International (+56.2°, -131.0°)  batt= 92.4%
[ep= 141 step=240 t=33.85h]  lat=-49.428° lon= +51.883° alt=691.8km  →  International (-49.4°, +51.9°)  batt= 94.4%
[ep= 141 step=260 t=38.61h]  lat=-14.260° lon= +59.536° alt=680.6km  →  International (-14.3°, +59.5°)  batt= 91.9%
[ep= 141 step=280 t=44.33h]  lat= +9.001° lon=-119.450° alt=687.0km  →  International (+9.0°, -119.5°)  batt= 88.8%
[ep= 142 step= 20 t= 6.35h]  lat=-45.746° lon=-111.377° alt=694.8km  →  International (-45.7°, -111.4°)  batt=100.0%
[ep= 142 step= 40 t=11.41h]  lat=-15.846° lon=-117.229° alt=687.7km  →  International (-15.8°, -117.2°)  batt=100.0%
[ep= 142 step= 60 t=14.23h]  lat=-63.187° lon= +44.303° alt=696.3km  →  International (-63.2°, +44.3°)  batt=100.0%
[ep= 142 step= 80 t=18.68h]  lat=+40.631° lon= +67.750° alt=686.9km  →  International (+40.6°, +67.7°)  batt=100.0%
[ep= 142 step=100 t=23.74h]  lat= +8.778° lon= +62.231° alt=679.4km  →  International (+8.8°, +62.2°)   batt=100.0%
[ep= 142 step=120 t=29.77h]  lat=+52.986° lon=-129.609° alt=695.9km  →  International (+53.0°, -129.6°)  batt= 99.8%
[ep= 142 step=140 t=35.16h]  lat=+22.821° lon= +64.863° alt=681.5km  →  International (+22.8°, +64.9°)  batt=100.0%
[ep= 142 step=160 t=38.97h]  lat=-81.388° lon= -49.078° alt=701.7km  →  International (-81.4°, -49.1°)  batt=100.0%
[ep= 142 step=180 t=39.91h]  lat=+58.951° lon= +75.255° alt=693.1km  →  International (+59.0°, +75.3°)  batt=100.0%
[ep= 142 step=200 t=40.87h]  lat=-29.775° lon=-113.668° alt=691.3km  →  International (-29.8°, -113.7°)  batt= 99.9%
[ep= 142 step=220 t=40.92h]  lat=-17.691° lon=-115.725° alt=688.7km  →  International (-17.7°, -115.7°)  batt= 99.9%
[ep= 142 step=240 t=46.87h]  lat=-27.504° lon= +57.701° alt=683.5km  →  International (-27.5°, +57.7°)  batt=100.0%
[ep= 143 step= 20 t= 5.60h]  lat=+30.636° lon= +65.042° alt=684.0km  →  International (+30.6°, +65.0°)  batt= 99.1%
[ep= 143 step= 40 t=11.63h]  lat=+33.263° lon=-124.850° alt=690.7km  →  International (+33.3°, -124.8°)  batt= 98.2%
[ep= 143 step= 60 t=17.33h]  lat=-24.580° lon= +57.005° alt=682.9km  →  International (-24.6°, +57.0°)  batt= 95.4%
[ep= 143 step= 80 t=21.80h]  lat=+73.052° lon= +88.600° alt=697.5km  →  International (+73.1°, +88.6°)  batt= 93.7%
[ep= 143 step=100 t=22.13h]  lat= +1.715° lon= +61.159° alt=678.9km  →  International (+1.7°, +61.2°)   batt=100.0%
[ep= 143 step=120 t=22.32h]  lat=-38.276° lon= +54.506° alt=687.3km  →  International (-38.3°, +54.5°)  batt=100.0%
[ep= 143 step=140 t=25.97h]  lat=-59.433° lon=-105.052° alt=699.0km  →  International (-59.4°, -105.1°)  batt=100.0%
[ep= 143 step=160 t=30.72h]  lat=-78.946° lon= +14.814° alt=700.6km  →  International (-78.9°, +14.8°)  batt= 99.2%
[ep= 143 step=180 t=31.89h]  lat=+19.705° lon= +64.226° alt=680.5km  →  International (+19.7°, +64.2°)  batt=100.0%
[ep= 143 step=200 t=34.09h]  lat=-75.671° lon= -84.912° alt=701.7km  →  International (-75.7°, -84.9°)  batt= 99.9%
[ep= 143 step=220 t=36.00h]  lat=-18.523° lon=-115.790° alt=688.8km  →  International (-18.5°, -115.8°)  batt= 99.6%
[ep= 143 step=240 t=40.39h]  lat=-45.018° lon= +53.527° alt=689.7km  →  International (-45.0°, +53.5°)  batt= 99.3%
[ep= 143 step=260 t=44.18h]  lat=-22.263° lon=-114.847° alt=689.4km  →  International (-22.3°, -114.8°)  batt= 99.0%
[ep= 144 step= 20 t= 1.02h]  lat=-42.851° lon= +52.489° alt=689.3km  →  International (-42.9°, +52.5°)  batt=100.0%
[ep= 144 step= 40 t= 5.09h]  lat=+37.303° lon=-125.990° alt=691.7km  →  International (+37.3°, -126.0°)  batt= 98.7%
[ep= 144 step= 60 t= 5.91h]  lat=-36.653° lon= +54.189° alt=686.8km  →  International (-36.7°, +54.2°)  batt= 98.3%
[ep= 144 step= 80 t= 9.68h]  lat=-36.098° lon=-113.678° alt=692.4km  →  International (-36.1°, -113.7°)  batt= 96.7%
[ep= 144 step=100 t=15.71h]  lat=-27.796° lon= +56.358° alt=683.7km  →  International (-27.8°, +56.4°)  batt=100.0%
[ep= 144 step=120 t=21.11h]  lat=-46.350° lon=-110.596° alt=695.5km  →  International (-46.3°, -110.6°)  batt= 99.9%
[ep= 144 step=140 t=27.77h]  lat=-23.388° lon=-115.348° alt=689.3km  →  International (-23.4°, -115.3°)  batt= 99.3%
[ep= 144 step=160 t=33.80h]  lat=-38.702° lon= +54.869° alt=687.3km  →  International (-38.7°, +54.9°)  batt=100.0%
[ep= 144 step=180 t=39.19h]  lat=-37.326° lon=-112.191° alt=693.3km  →  International (-37.3°, -112.2°)  batt= 99.0%
[ep= 144 step=200 t=40.72h]  lat=-61.306° lon=-103.326° alt=699.7km  →  International (-61.3°, -103.3°)  batt= 99.0%
[ep= 144 step=220 t=43.25h]  lat=+47.040° lon= +70.522° alt=688.8km  →  International (+47.0°, +70.5°)  batt= 99.9%
[ep= 144 step=240 t=48.00h]  lat=+80.159° lon=+116.712° alt=699.0km  →  International (+80.2°, +116.7°)  batt= 99.6%
[ep= 145 step= 20 t= 4.43h]  lat=-71.463° lon= +35.184° alt=699.0km  →  International (-71.5°, +35.2°)  batt=100.0%
[ep= 145 step= 40 t= 9.82h]  lat= -3.465° lon=-119.101° alt=686.2km  →  International (-3.5°, -119.1°)  batt=100.0%
[ep= 145 step= 60 t=12.46h]  lat=-34.338° lon= +54.963° alt=686.5km  →  International (-34.3°, +55.0°)  batt=100.0%
[ep= 145 step= 80 t=13.30h]  lat=+38.926° lon=-126.019° alt=691.8km  →  International (+38.9°, -126.0°)  batt=100.0%
[ep= 145 step=100 t=17.28h]  lat=-11.726° lon= +59.028° alt=680.4km  →  International (-11.7°, +59.0°)  batt=100.0%
[ep= 145 step=120 t=17.46h]  lat=-51.487° lon= +50.464° alt=692.5km  →  International (-51.5°, +50.5°)  batt=100.0%
[ep= 145 step=140 t=23.49h]  lat=+62.799° lon= +76.967° alt=694.9km  →  International (+62.8°, +77.0°)  batt=100.0%
[ep= 145 step=160 t=29.20h]  lat=-69.292° lon= -96.780° alt=701.0km  →  International (-69.3°, -96.8°)  batt=100.0%
[ep= 145 step=180 t=35.34h]  lat=-17.198° lon= +58.946° alt=681.3km  →  International (-17.2°, +58.9°)  batt=100.0%
[ep= 145 step=200 t=36.52h]  lat=+80.493° lon=+119.273° alt=699.1km  →  International (+80.5°, +119.3°)  batt=100.0%
[ep= 145 step=220 t=37.17h]  lat=-57.132° lon= +48.869° alt=694.7km  →  International (-57.1°, +48.9°)  batt=100.0%
[ep= 145 step=240 t=40.94h]  lat=-13.547° lon=-116.355° alt=687.6km  →  International (-13.5°, -116.4°)  batt=100.0%
[ep= 145 step=260 t=46.97h]  lat=-48.421° lon= +52.751° alt=691.2km  →  International (-48.4°, +52.8°)  batt=100.0%
[ep= 146 step= 20 t= 5.40h]  lat=+72.904° lon= +87.660° alt=697.7km  →  International (+72.9°, +87.7°)  batt= 98.7%
[ep= 146 step= 40 t= 7.92h]  lat=-60.220° lon=-105.333° alt=699.0km  →  International (-60.2°, -105.3°)  batt= 99.2%
[ep= 146 step= 60 t= 9.51h]  lat=-71.812° lon= -94.060° alt=701.1km  →  International (-71.8°, -94.1°)  batt= 99.8%
[ep= 146 step= 80 t=14.90h]  lat=+29.605° lon=-124.000° alt=689.5km  →  International (+29.6°, -124.0°)  batt= 97.9%
[ep= 146 step=100 t=17.13h]  lat=+19.894° lon= +63.648° alt=681.6km  →  International (+19.9°, +63.6°)  batt=100.0%
[ep= 146 step=120 t=17.34h]  lat=-25.037° lon= +56.922° alt=683.6km  →  International (-25.0°, +56.9°)  batt=100.0%
[ep= 146 step=140 t=18.51h]  lat=+74.812° lon= +92.232° alt=698.2km  →  International (+74.8°, +92.2°)  batt= 99.3%
[ep= 146 step=160 t=18.75h]  lat=+23.805° lon= +64.359° alt=682.4km  →  International (+23.8°, +64.4°)  batt=100.0%
[ep= 146 step=180 t=22.15h]  lat= -1.151° lon= +60.752° alt=679.4km  →  International (-1.2°, +60.8°)   batt= 98.5%
[ep= 146 step=200 t=25.31h]  lat=+25.523° lon= +64.923° alt=682.7km  →  International (+25.5°, +64.9°)  batt= 99.9%
[ep= 146 step=220 t=27.18h]  lat=-25.799° lon= +57.195° alt=683.5km  →  International (-25.8°, +57.2°)  batt=100.0%
[ep= 146 step=240 t=28.69h]  lat= +3.618° lon= +61.697° alt=679.2km  →  International (+3.6°, +61.7°)   batt=100.0%
[ep= 146 step=260 t=32.77h]  lat= -7.359° lon=-117.598° alt=687.0km  →  International (-7.4°, -117.6°)  batt= 99.7%
[ep= 146 step=280 t=38.60h]  lat=-12.957° lon= +59.727° alt=680.6km  →  International (-13.0°, +59.7°)  batt= 97.8%
[ep= 146 step=300 t=38.84h]  lat=-63.234° lon= +45.293° alt=696.9km  →  International (-63.2°, +45.3°)  batt= 97.7%
[ep= 146 step=320 t=43.49h]  lat= -4.838° lon= +61.108° alt=679.3km  →  International (-4.8°, +61.1°)   batt= 95.4%
[ep= 146 step=340 t=43.65h]  lat=-41.142° lon= +54.691° alt=688.6km  →  International (-41.1°, +54.7°)  batt= 95.3%
[ep= 146 step=360 t=45.91h]  lat= -2.900° lon=-117.693° alt=686.8km  →  International (-2.9°, -117.7°)  batt= 95.3%
[ep= 147 step= 20 t= 6.03h]  lat=-61.574° lon= +45.079° alt=696.1km  →  International (-61.6°, +45.1°)  batt=100.0%
[ep= 147 step= 40 t= 7.50h]  lat=-26.105° lon= +56.330° alt=683.8km  →  International (-26.1°, +56.3°)  batt=100.0%
[ep= 147 step= 60 t= 8.01h]  lat=-41.847° lon=-112.380° alt=693.5km  →  International (-41.8°, -112.4°)  batt=100.0%
[ep= 147 step= 80 t= 9.29h]  lat=-57.553° lon= +47.508° alt=694.6km  →  International (-57.6°, +47.5°)  batt=100.0%
[ep= 147 step=100 t=12.46h]  lat=-34.964° lon= +54.831° alt=686.4km  →  International (-35.0°, +54.8°)  batt=100.0%
[ep= 147 step=120 t=16.90h]  lat=+68.585° lon= +81.867° alt=696.7km  →  International (+68.6°, +81.9°)  batt= 99.9%
[ep= 147 step=140 t=17.87h]  lat=-37.463° lon=-113.032° alt=692.6km  →  International (-37.5°, -113.0°)  batt=100.0%
[ep= 147 step=160 t=18.01h]  lat= -6.035° lon=-118.400° alt=686.4km  →  International (-6.0°, -118.4°)  batt=100.0%
[ep= 147 step=180 t=19.45h]  lat=-50.273° lon=-109.382° alt=696.3km  →  International (-50.3°, -109.4°)  batt=100.0%
[ep= 147 step=200 t=23.57h]  lat=+45.039° lon= +69.125° alt=688.7km  →  International (+45.0°, +69.1°)  batt= 99.9%
[ep= 147 step=220 t=28.00h]  lat=+25.677° lon=-122.748° alt=688.8km  →  International (+25.7°, -122.7°)  batt=100.0%
[ep= 147 step=240 t=33.09h]  lat=+62.416° lon=-134.370° alt=697.8km  →  International (+62.4°, -134.4°)  batt=100.0%
[ep= 147 step=260 t=37.40h]  lat=-69.373° lon= -96.361° alt=700.9km  →  International (-69.4°, -96.4°)  batt=100.0%
[ep= 147 step=280 t=42.14h]  lat=-68.539° lon= +40.617° alt=698.1km  →  International (-68.5°, +40.6°)  batt=100.0%
[ep= 147 step=300 t=42.63h]  lat= -2.220° lon=-117.929° alt=686.6km  →  International (-2.2°, -117.9°)  batt=100.0%
[ep= 147 step=320 t=46.73h]  lat= +4.075° lon= +62.503° alt=678.7km  →  International (+4.1°, +62.5°)   batt= 99.8%
[ep= 148 step= 20 t= 0.92h]  lat=-21.146° lon= +56.896° alt=682.2km  →  International (-21.1°, +56.9°)  batt=100.0%
[ep= 148 step= 40 t= 1.08h]  lat=-57.115° lon= +47.388° alt=694.4km  →  International (-57.1°, +47.4°)  batt=100.0%
[ep= 148 step= 60 t= 2.56h]  lat=-21.486° lon= +56.908° alt=682.2km  →  International (-21.5°, +56.9°)  batt= 99.9%
[ep= 148 step= 80 t= 3.08h]  lat=-44.610° lon=-111.841° alt=694.5km  →  International (-44.6°, -111.8°)  batt=100.0%
[ep= 148 step=100 t= 7.50h]  lat=-26.129° lon= +56.327° alt=683.3km  →  International (-26.1°, +56.3°)  batt= 99.0%
[ep= 148 step=120 t=11.29h]  lat=-41.161° lon=-112.421° alt=693.9km  →  International (-41.2°, -112.4°)  batt=100.0%
[ep= 148 step=140 t=17.00h]  lat=+48.123° lon= +69.791° alt=689.6km  →  International (+48.1°, +69.8°)  batt= 99.9%
[ep= 148 step=160 t=21.75h]  lat=+81.024° lon=+124.599° alt=699.4km  →  International (+81.0°, +124.6°)  batt= 99.8%
[ep= 148 step=180 t=22.38h]  lat=-50.754° lon= +50.944° alt=692.1km  →  International (-50.8°, +50.9°)  batt=100.0%
[ep= 148 step=200 t=23.86h]  lat=-16.775° lon= +58.541° alt=681.0km  →  International (-16.8°, +58.5°)  batt=100.0%
[ep= 148 step=220 t=24.02h]  lat=-52.864° lon= +50.215° alt=692.8km  →  International (-52.9°, +50.2°)  batt= 99.9%
[ep= 148 step=240 t=27.20h]  lat=-30.172° lon= +56.402° alt=684.4km  →  International (-30.2°, +56.4°)  batt= 99.9%
[ep= 148 step=260 t=30.98h]  lat=-40.747° lon=-111.712° alt=694.2km  →  International (-40.7°, -111.7°)  batt=100.0%
[ep= 148 step=280 t=35.72h]  lat=-77.432° lon= -79.080° alt=701.8km  →  International (-77.4°, -79.1°)  batt=100.0%
[ep= 148 step=300 t=39.22h]  lat=-31.866° lon=-113.325° alt=692.0km  →  International (-31.9°, -113.3°)  batt= 99.9%
[ep= 148 step=320 t=39.35h]  lat= -3.430° lon=-117.884° alt=687.1km  →  International (-3.4°, -117.9°)  batt=100.0%
[ep= 148 step=340 t=43.08h]  lat=+80.357° lon=+118.222° alt=699.0km  →  International (+80.4°, +118.2°)  batt=100.0%
[ep= 148 step=360 t=46.66h]  lat=+17.989° lon= +64.569° alt=680.2km  →  International (+18.0°, +64.6°)  batt= 99.9%
[ep= 149 step= 20 t= 3.71h]  lat=+81.051° lon=+124.198° alt=699.6km  →  International (+81.1°, +124.2°)  batt= 99.8%
[ep= 149 step= 40 t= 8.79h]  lat=+49.755° lon= +69.997° alt=690.2km  →  International (+49.8°, +70.0°)  batt= 99.8%
[ep= 149 step= 60 t=11.25h]  lat=-50.063° lon=-109.794° alt=696.4km  →  International (-50.1°, -109.8°)  batt= 99.8%
[ep= 149 step= 80 t=17.28h]  lat=-11.843° lon= +59.013° alt=680.2km  →  International (-11.8°, +59.0°)  batt=100.0%
[ep= 149 step=100 t=20.51h]  lat= -1.592° lon= +60.622° alt=679.1km  →  International (-1.6°, +60.6°)   batt=100.0%
[ep= 149 step=120 t=20.68h]  lat=-37.937° lon= +54.515° alt=687.3km  →  International (-37.9°, +54.5°)  batt= 99.9%
[ep= 149 step=140 t=23.15h]  lat=+41.057° lon=-126.131° alt=692.6km  →  International (+41.1°, -126.1°)  batt= 99.8%
[ep= 149 step=160 t=27.23h]  lat=-37.502° lon= +54.888° alt=686.9km  →  International (-37.5°, +54.9°)  batt=100.0%
[ep= 149 step=180 t=31.03h]  lat=-28.014° lon=-114.397° alt=690.6km  →  International (-28.0°, -114.4°)  batt= 99.2%
[ep= 149 step=200 t=36.11h]  lat= +6.347° lon=-119.411° alt=686.8km  →  International (+6.3°, -119.4°)  batt= 98.5%
[ep= 149 step=220 t=42.02h]  lat=-42.965° lon= +54.158° alt=689.1km  →  International (-43.0°, +54.2°)  batt= 99.9%
[ep= 150 step= 20 t= 4.73h]  lat=-40.681° lon=-112.816° alt=693.6km  →  International (-40.7°, -112.8°)  batt=100.0%
[ep= 150 step= 40 t= 9.81h]  lat= -7.052° lon=-118.593° alt=686.7km  →  International (-7.1°, -118.6°)  batt=100.0%
[ep= 150 step= 60 t=15.84h]  lat=-56.589° lon= +48.255° alt=694.1km  →  International (-56.6°, +48.3°)  batt=100.0%
[ep= 150 step= 80 t=21.23h]  lat=-21.014° lon=-116.009° alt=688.7km  →  International (-21.0°, -116.0°)  batt=100.0%
[ep= 150 step=100 t=26.33h]  lat=+20.031° lon=-121.879° alt=688.2km  →  International (+20.0°, -121.9°)  batt=100.0%
[ep= 150 step=120 t=31.37h]  lat=+44.516° lon=-126.718° alt=693.7km  →  International (+44.5°, -126.7°)  batt=100.0%
[ep= 150 step=140 t=32.65h]  lat=-33.113° lon=-113.360° alt=692.0km  →  International (-33.1°, -113.4°)  batt=100.0%
[ep= 150 step=160 t=32.77h]  lat= -7.716° lon=-117.556° alt=687.1km  →  International (-7.7°, -117.6°)  batt=100.0%
[ep= 150 step=180 t=34.64h]  lat=+42.205° lon=-125.959° alt=693.1km  →  International (+42.2°, -126.0°)  batt=100.0%
[ep= 150 step=200 t=39.70h]  lat=+72.808° lon=-145.607° alt=699.4km  →  International (+72.8°, -145.6°)  batt=100.0%
[ep= 150 step=220 t=45.09h]  lat= +1.772° lon= +62.103° alt=678.6km  →  International (+1.8°, +62.1°)   batt= 99.8%
[ep= 150 step=240 t=46.82h]  lat=-16.806° lon= +59.470° alt=680.5km  →  International (-16.8°, +59.5°)  batt= 99.8%
[ep= 150 step=260 t=47.64h]  lat=+17.813° lon=-120.653° alt=687.9km  →  International (+17.8°, -120.7°)  batt=100.0%
[ep= 151 step= 20 t= 2.73h]  lat=-57.431° lon= +47.298° alt=694.7km  →  International (-57.4°, +47.3°)  batt= 99.1%
[ep= 151 step= 40 t= 4.19h]  lat=-19.994° lon= +57.217° alt=682.2km  →  International (-20.0°, +57.2°)  batt= 98.3%
[ep= 151 step= 60 t= 4.36h]  lat=-55.994° lon= +48.055° alt=694.2km  →  International (-56.0°, +48.1°)  batt= 98.2%
[ep= 151 step= 80 t= 7.41h]  lat= -6.103° lon= +59.435° alt=679.7km  →  International (-6.1°, +59.4°)   batt= 96.6%
[ep= 151 step=100 t= 7.58h]  lat=-42.388° lon= +52.879° alt=689.0km  →  International (-42.4°, +52.9°)  batt= 96.6%
[ep= 151 step=120 t= 9.71h]  lat=-28.862° lon=-115.123° alt=690.3km  →  International (-28.9°, -115.1°)  batt= 95.4%
[ep= 151 step=140 t=14.85h]  lat=+19.397° lon=-122.251° alt=687.8km  →  International (+19.4°, -122.3°)  batt= 94.5%
[ep= 151 step=160 t=16.33h]  lat=-14.830° lon=-117.180° alt=687.5km  →  International (-14.8°, -117.2°)  batt= 93.9%
[ep= 151 step=180 t=17.82h]  lat=-47.597° lon=-110.341° alt=695.7km  →  International (-47.6°, -110.3°)  batt= 97.4%
[ep= 151 step=200 t=17.94h]  lat=-21.149° lon=-116.121° alt=688.7km  →  International (-21.1°, -116.1°)  batt= 97.3%
[ep= 151 step=220 t=22.70h]  lat=-56.661° lon=-106.632° alt=698.1km  →  International (-56.7°, -106.6°)  batt= 99.0%
[ep= 151 step=240 t=27.20h]  lat=-30.161° lon= +56.396° alt=684.8km  →  International (-30.2°, +56.4°)  batt= 96.7%
[ep= 151 step=260 t=29.00h]  lat=-64.364° lon= +44.019° alt=696.9km  →  International (-64.4°, +44.0°)  batt= 95.8%
[ep= 151 step=280 t=30.39h]  lat=-10.841° lon= +59.693° alt=680.0km  →  International (-10.8°, +59.7°)  batt= 95.0%
[ep= 151 step=300 t=30.56h]  lat=-47.053° lon= +52.499° alt=690.7km  →  International (-47.1°, +52.5°)  batt= 95.0%
[ep= 151 step=320 t=34.67h]  lat=+48.673° lon=-127.846° alt=694.8km  →  International (+48.7°, -127.8°)  batt= 92.8%
[ep= 151 step=340 t=40.38h]  lat=-43.670° lon= +53.885° alt=689.2km  →  International (-43.7°, +53.9°)  batt= 89.7%
[ep= 151 step=360 t=42.52h]  lat=-25.771° lon=-114.330° alt=690.2km  →  International (-25.8°, -114.3°)  batt= 94.1%
[ep= 151 step=380 t=42.71h]  lat=+14.226° lon=-120.304° alt=687.4km  →  International (+14.2°, -120.3°)  batt= 94.0%
[ep= 151 step=400 t=46.16h]  lat=+50.983° lon=-128.175° alt=695.5km  →  International (+51.0°, -128.2°)  batt= 98.8%
[ep= 152 step= 20 t= 5.39h]  lat=+74.468° lon= +90.874° alt=698.1km  →  International (+74.5°, +90.9°)  batt=100.0%
[ep= 152 step= 40 t= 9.82h]  lat= -3.444° lon=-119.104° alt=686.3km  →  International (-3.4°, -119.1°)  batt=100.0%
[ep= 152 step= 60 t=15.86h]  lat=-60.028° lon= +46.439° alt=695.7km  →  International (-60.0°, +46.4°)  batt=100.0%
[ep= 152 step= 80 t=21.57h]  lat=+54.910° lon=-130.740° alt=696.1km  →  International (+54.9°, -130.7°)  batt=100.0%
[ep= 152 step=100 t=26.90h]  lat=+35.359° lon= +66.882° alt=685.4km  →  International (+35.4°, +66.9°)  batt= 99.9%
[ep= 152 step=120 t=29.43h]  lat=-21.241° lon=-115.624° alt=688.9km  →  International (-21.2°, -115.6°)  batt=100.0%
[ep= 152 step=140 t=29.48h]  lat= -9.126° lon=-117.475° alt=687.0km  →  International (-9.1°, -117.5°)  batt=100.0%
[ep= 152 step=160 t=31.63h]  lat=+75.553° lon= +94.673° alt=697.9km  →  International (+75.6°, +94.7°)  batt=100.0%
[ep= 152 step=180 t=32.79h]  lat= -1.773° lon=-118.389° alt=686.6km  →  International (-1.8°, -118.4°)  batt=100.0%
[ep= 152 step=200 t=37.22h]  lat=-68.203° lon= +40.803° alt=698.2km  →  International (-68.2°, +40.8°)  batt=100.0%
[ep= 152 step=220 t=43.24h]  lat=+47.619° lon= +70.724° alt=689.3km  →  International (+47.6°, +70.7°)  batt= 99.9%
[ep= 153 step= 20 t= 4.44h]  lat=-73.073° lon= +32.431° alt=699.5km  →  International (-73.1°, +32.4°)  batt= 99.8%
[ep= 153 step= 40 t= 5.28h]  lat=+75.454° lon=-152.883° alt=699.6km  →  International (+75.5°, -152.9°)  batt= 99.6%
[ep= 153 step= 60 t=10.03h]  lat=+40.071° lon=-126.430° alt=692.3km  →  International (+40.1°, -126.4°)  batt= 98.6%
[ep= 153 step= 80 t=15.11h]  lat=+74.052° lon=-149.104° alt=699.5km  →  International (+74.1°, -149.1°)  batt= 95.9%
[ep= 153 step=100 t=15.72h]  lat=-29.559° lon= +56.037° alt=684.9km  →  International (-29.6°, +56.0°)  batt= 95.6%
[ep= 153 step=120 t=16.55h]  lat=+32.360° lon=-124.471° alt=690.2km  →  International (+32.4°, -124.5°)  batt= 95.2%
[ep= 153 step=140 t=22.58h]  lat=-79.415° lon= -69.795° alt=701.8km  →  International (-79.4°, -69.8°)  batt= 92.1%
[ep= 153 step=160 t=28.28h]  lat=+81.673° lon=+165.649° alt=699.7km  →  International (+81.7°, +165.6°)  batt= 89.1%
[ep= 153 step=180 t=33.68h]  lat=-11.386° lon= +59.749° alt=680.1km  →  International (-11.4°, +59.7°)  batt= 89.2%
[ep= 153 step=200 t=36.48h]  lat=+81.633° lon=+167.100° alt=699.7km  →  International (+81.6°, +167.1°)  batt= 89.9%
[ep= 153 step=220 t=37.10h]  lat=-42.851° lon= +53.973° alt=689.4km  →  International (-42.9°, +54.0°)  batt= 89.6%
[ep= 153 step=240 t=41.52h]  lat=+66.255° lon= +80.497° alt=695.6km  →  International (+66.3°, +80.5°)  batt= 87.3%
[ep= 153 step=260 t=46.91h]  lat=-35.809° lon= +56.061° alt=686.5km  →  International (-35.8°, +56.1°)  batt= 84.5%
[ep= 154 step= 20 t= 6.35h]  lat=-45.730° lon=-111.388° alt=695.0km  →  International (-45.7°, -111.4°)  batt=100.0%
[ep= 154 step= 40 t=11.73h]  lat=+54.757° lon=-131.081° alt=696.1km  →  International (+54.8°, -131.1°)  batt=100.0%
[ep= 154 step= 60 t=18.40h]  lat=+76.232° lon=-154.540° alt=699.6km  →  International (+76.2°, -154.5°)  batt=100.0%
[ep= 154 step= 80 t=23.52h]  lat=+55.628° lon= +72.921° alt=692.2km  →  International (+55.6°, +72.9°)  batt= 99.9%
[ep= 154 step=100 t=23.89h]  lat=-22.919° lon= +57.550° alt=682.2km  →  International (-22.9°, +57.6°)  batt=100.0%
[ep= 154 step=120 t=25.69h]  lat=-59.172° lon= +47.330° alt=694.9km  →  International (-59.2°, +47.3°)  batt=100.0%
[ep= 154 step=140 t=30.44h]  lat=-22.463° lon= +57.897° alt=682.0km  →  International (-22.5°, +57.9°)  batt=100.0%
[ep= 154 step=160 t=32.68h]  lat=-27.085° lon=-114.501° alt=690.5km  →  International (-27.1°, -114.5°)  batt=100.0%
[ep= 154 step=180 t=34.16h]  lat=-60.132° lon=-104.313° alt=699.3km  →  International (-60.1°, -104.3°)  batt=100.0%
[ep= 154 step=200 t=34.39h]  lat=-10.401° lon=-117.094° alt=687.5km  →  International (-10.4°, -117.1°)  batt=100.0%
[ep= 154 step=220 t=36.88h]  lat= +5.307° lon= +62.271° alt=678.4km  →  International (+5.3°, +62.3°)   batt= 99.8%
[ep= 154 step=240 t=40.97h]  lat= -7.209° lon=-117.285° alt=687.2km  →  International (-7.2°, -117.3°)  batt=100.0%
[ep= 154 step=260 t=45.36h]  lat=-56.104° lon= +49.699° alt=693.9km  →  International (-56.1°, +49.7°)  batt=100.0%
[ep= 154 step=280 t=47.96h]  lat=+81.528° lon=+169.992° alt=699.5km  →  International (+81.5°, +170.0°)  batt=100.0%
[ep= 155 step= 20 t= 5.68h]  lat=+12.470° lon= +62.031° alt=680.3km  →  International (+12.5°, +62.0°)  batt= 98.8%
[ep= 155 step= 40 t= 5.85h]  lat=-23.969° lon= +56.630° alt=683.1km  →  International (-24.0°, +56.6°)  batt= 98.8%
[ep= 155 step= 60 t= 6.35h]  lat=-45.748° lon=-111.374° alt=694.7km  →  International (-45.7°, -111.4°)  batt= 98.6%
[ep= 155 step= 80 t= 7.50h]  lat=-26.126° lon= +56.325° alt=683.6km  →  International (-26.1°, +56.3°)  batt= 98.2%
[ep= 155 step=100 t= 8.67h]  lat=+75.415° lon= +93.354° alt=698.3km  →  International (+75.4°, +93.4°)  batt= 98.0%
[ep= 155 step=120 t=14.07h]  lat=-27.470° lon= +56.359° alt=683.8km  →  International (-27.5°, +56.4°)  batt= 99.0%
[ep= 155 step=140 t=16.29h]  lat=-23.901° lon=-115.726° alt=689.2km  →  International (-23.9°, -115.7°)  batt= 98.6%
[ep= 155 step=160 t=17.80h]  lat=-52.341° lon=-108.683° alt=696.9km  →  International (-52.3°, -108.7°)  batt= 99.3%
[ep= 155 step=180 t=17.94h]  lat=-21.142° lon=-116.116° alt=688.7km  →  International (-21.1°, -116.1°)  batt= 99.2%
[ep= 155 step=200 t=20.00h]  lat=+69.051° lon=-140.893° alt=698.9km  →  International (+69.1°, -140.9°)  batt= 98.4%
[ep= 155 step=220 t=25.29h]  lat=+27.806° lon= +65.333° alt=683.1km  →  International (+27.8°, +65.3°)  batt= 99.7%
[ep= 155 step=240 t=28.76h]  lat=-12.945° lon= +59.327° alt=680.4km  →  International (-12.9°, +59.3°)  batt= 99.4%
[ep= 155 step=260 t=28.93h]  lat=-49.115° lon= +51.781° alt=691.6km  →  International (-49.1°, +51.8°)  batt= 99.6%
[ep= 155 step=280 t=32.08h]  lat=-20.908° lon= +58.227° alt=681.9km  →  International (-20.9°, +58.2°)  batt= 99.1%
[ep= 155 step=300 t=32.25h]  lat=-58.647° lon= +47.890° alt=694.9km  →  International (-58.6°, +47.9°)  batt= 99.0%
[ep= 155 step=320 t=36.05h]  lat= -6.512° lon=-117.580° alt=687.0km  →  International (-6.5°, -117.6°)  batt= 99.3%
[ep= 155 step=340 t=41.44h]  lat=+79.458° lon=+111.296° alt=698.7km  →  International (+79.5°, +111.3°)  batt= 99.2%
[ep= 155 step=360 t=47.48h]  lat=-18.686° lon=-115.286° alt=688.8km  →  International (-18.7°, -115.3°)  batt= 99.3%
[ep= 156 step= 20 t= 6.03h]  lat=-63.345° lon= +43.857° alt=696.4km  →  International (-63.3°, +43.9°)  batt=100.0%
[ep= 156 step= 40 t=10.79h]  lat=-28.608° lon= +56.011° alt=684.0km  →  International (-28.6°, +56.0°)  batt=100.0%
[ep= 156 step= 60 t=16.18h]  lat=-47.322° lon=-110.498° alt=695.8km  →  International (-47.3°, -110.5°)  batt=100.0%
[ep= 156 step= 80 t=20.94h]  lat=-79.571° lon= -68.837° alt=701.8km  →  International (-79.6°, -68.8°)  batt=100.0%
[ep= 156 step=100 t=25.41h]  lat= +2.944° lon= +61.461° alt=679.0km  →  International (+2.9°, +61.5°)   batt= 99.8%
[ep= 156 step=120 t=25.57h]  lat=-33.446° lon= +55.681° alt=685.6km  →  International (-33.4°, +55.7°)  batt=100.0%
[ep= 156 step=140 t=27.06h]  lat= +0.779° lon= +61.222° alt=678.8km  →  International (+0.8°, +61.2°)   batt= 99.8%
[ep= 156 step=160 t=33.73h]  lat=-22.429° lon= +58.034° alt=681.9km  →  International (-22.4°, +58.0°)  batt=100.0%
[ep= 156 step=180 t=37.82h]  lat=+20.471° lon=-121.478° alt=688.5km  →  International (+20.5°, -121.5°)  batt=100.0%
[ep= 156 step=200 t=42.24h]  lat=-81.710° lon= -41.868° alt=701.8km  →  International (-81.7°, -41.9°)  batt=100.0%
[ep= 156 step=220 t=46.80h]  lat=-12.392° lon= +60.140° alt=679.8km  →  International (-12.4°, +60.1°)  batt= 99.8%
[ep= 156 step=240 t=46.99h]  lat=-53.920° lon= +50.724° alt=693.2km  →  International (-53.9°, +50.7°)  batt=100.0%
[ep= 156 step=260 t=48.00h]  lat=+80.134° lon=+116.501° alt=698.9km  →  International (+80.1°, +116.5°)  batt=100.0%
[ep= 157 step= 20 t= 3.79h]  lat=+66.541° lon= +79.205° alt=696.0km  →  International (+66.5°, +79.2°)  batt= 98.4%
[ep= 157 step= 40 t= 8.83h]  lat=+42.620° lon= +67.852° alt=687.9km  →  International (+42.6°, +67.9°)  batt= 95.7%
[ep= 157 step= 60 t=12.88h]  lat=-51.551° lon=-109.189° alt=696.8km  →  International (-51.6°, -109.2°)  batt= 96.4%
[ep= 157 step= 80 t=13.05h]  lat=-15.493° lon=-117.209° alt=687.9km  →  International (-15.5°, -117.2°)  batt= 96.3%
[ep= 157 step=100 t=14.22h]  lat=-59.737° lon= +46.538° alt=695.2km  →  International (-59.7°, +46.5°)  batt= 99.7%
[ep= 157 step=120 t=14.71h]  lat=-11.516° lon=-117.737° alt=687.4km  →  International (-11.5°, -117.7°)  batt= 99.7%
[ep= 157 step=140 t=18.82h]  lat= +7.933° lon= +61.911° alt=679.2km  →  International (+7.9°, +61.9°)   batt=100.0%
[ep= 157 step=160 t=23.77h]  lat= +3.274° lon= +61.450° alt=679.0km  →  International (+3.3°, +61.4°)   batt= 97.4%
[ep= 157 step=180 t=23.93h]  lat=-33.119° lon= +55.691° alt=685.5km  →  International (-33.1°, +55.7°)  batt= 97.3%
[ep= 157 step=200 t=24.43h]  lat=-36.684° lon=-112.930° alt=692.7km  →  International (-36.7°, -112.9°)  batt= 97.1%
[ep= 157 step=220 t=29.51h]  lat= -3.017° lon=-118.350° alt=686.9km  →  International (-3.0°, -118.3°)  batt= 94.5%
[ep= 157 step=240 t=34.25h]  lat=-41.880° lon=-111.287° alt=694.5km  →  International (-41.9°, -111.3°)  batt= 93.5%
[ep= 157 step=260 t=37.42h]  lat=-64.213° lon=-101.401° alt=700.2km  →  International (-64.2°, -101.4°)  batt= 95.2%
[ep= 157 step=280 t=42.17h]  lat=-75.088° lon= +29.632° alt=699.9km  →  International (-75.1°, +29.6°)  batt= 99.8%
[ep= 157 step=300 t=45.23h]  lat=-28.438° lon= +57.479° alt=683.8km  →  International (-28.4°, +57.5°)  batt= 98.2%
[ep= 157 step=320 t=46.48h]  lat=+56.414° lon= +74.240° alt=692.2km  →  International (+56.4°, +74.2°)  batt= 97.6%
[ep= 157 step=340 t=46.74h]  lat= -0.252° lon= +61.903° alt=678.6km  →  International (-0.3°, +61.9°)   batt=100.0%
[ep= 157 step=360 t=46.91h]  lat=-36.615° lon= +55.906° alt=686.6km  →  International (-36.6°, +55.9°)  batt= 99.9%
[ep= 158 step= 20 t= 4.62h]  lat=-65.474° lon=-101.728° alt=699.8km  →  International (-65.5°, -101.7°)  batt=100.0%
[ep= 158 step= 40 t= 5.93h]  lat=-42.025° lon= +52.913° alt=689.3km  →  International (-42.0°, +52.9°)  batt= 99.7%
[ep= 158 step= 60 t= 7.43h]  lat=-11.539° lon= +58.650° alt=680.7km  →  International (-11.5°, +58.7°)  batt= 99.8%
[ep= 158 step= 80 t= 7.60h]  lat=-47.733° lon= +51.349° alt=691.3km  →  International (-47.7°, +51.3°)  batt=100.0%
[ep= 158 step=100 t=10.05h]  lat=+45.456° lon=-127.861° alt=693.6km  →  International (+45.5°, -127.9°)  batt=100.0%
[ep= 158 step=120 t=10.87h]  lat=-44.811° lon= +52.358° alt=690.0km  →  International (-44.8°, +52.4°)  batt= 99.7%
[ep= 158 step=140 t=14.96h]  lat=+42.850° lon=-126.931° alt=693.2km  →  International (+42.8°, -126.9°)  batt=100.0%
[ep= 158 step=160 t=19.41h]  lat=-59.154° lon=-105.482° alt=698.6km  →  International (-59.2°, -105.5°)  batt=100.0%
[ep= 158 step=180 t=24.80h]  lat=+43.018° lon=-126.573° alt=693.3km  →  International (+43.0°, -126.6°)  batt=100.0%
[ep= 158 step=200 t=29.55h]  lat= +5.967° lon=-119.629° alt=686.3km  →  International (+6.0°, -119.6°)  batt=100.0%
[ep= 158 step=220 t=35.58h]  lat=-68.924° lon= +39.902° alt=698.2km  →  International (-68.9°, +39.9°)  batt=100.0%
[ep= 158 step=240 t=40.38h]  lat=-41.732° lon= +54.408° alt=688.6km  →  International (-41.7°, +54.4°)  batt= 99.7%
[ep= 158 step=260 t=45.45h]  lat=-73.965° lon= +32.342° alt=699.7km  →  International (-74.0°, +32.3°)  batt=100.0%
[ep= 159 step= 20 t= 0.98h]  lat=-35.656° lon= +54.209° alt=686.4km  →  International (-35.7°, +54.2°)  batt= 99.8%
[ep= 159 step= 40 t= 4.74h]  lat=-38.882° lon=-113.249° alt=693.0km  →  International (-38.9°, -113.2°)  batt=100.0%
[ep= 159 step= 60 t= 7.22h]  lat=+35.721° lon= +66.144° alt=685.4km  →  International (+35.7°, +66.1°)  batt=100.0%
[ep= 159 step= 80 t= 8.06h]  lat=-30.989° lon=-114.787° alt=691.0km  →  International (-31.0°, -114.8°)  batt=100.0%
[ep= 159 step=100 t= 8.58h]  lat=+78.801° lon=-165.323° alt=699.8km  →  International (+78.8°, -165.3°)  batt=100.0%
[ep= 159 step=120 t=13.00h]  lat=-26.331° lon=-115.442° alt=690.0km  →  International (-26.3°, -115.4°)  batt=100.0%
[ep= 159 step=140 t=18.39h]  lat=+74.733° lon=-150.487° alt=699.5km  →  International (+74.7°, -150.5°)  batt=100.0%
[ep= 159 step=160 t=19.03h]  lat=-37.596° lon= +54.530° alt=687.2km  →  International (-37.6°, +54.5°)  batt= 99.8%
[ep= 159 step=180 t=20.30h]  lat=+43.803° lon= +68.648° alt=688.1km  →  International (+43.8°, +68.6°)  batt=100.0%
[ep= 159 step=200 t=20.57h]  lat=-16.175° lon= +58.499° alt=680.8km  →  International (-16.2°, +58.5°)  batt= 99.8%
[ep= 159 step=220 t=20.74h]  lat=-52.278° lon= +50.309° alt=692.6km  →  International (-52.3°, +50.3°)  batt= 99.8%
[ep= 159 step=240 t=23.60h]  lat=+39.520° lon= +67.688° alt=686.5km  →  International (+39.5°, +67.7°)  batt=100.0%
[ep= 159 step=260 t=26.67h]  lat=+81.311° lon=+129.000° alt=699.3km  →  International (+81.3°, +129.0°)  batt=100.0%
[ep= 159 step=280 t=32.69h]  lat=-24.651° lon=-114.919° alt=689.9km  →  International (-24.7°, -114.9°)  batt=100.0%
[ep= 159 step=300 t=37.07h]  lat=-35.950° lon= +55.640° alt=686.1km  →  International (-35.9°, +55.6°)  batt= 99.8%
[ep= 159 step=320 t=41.48h]  lat=+72.626° lon= +88.624° alt=697.0km  →  International (+72.6°, +88.6°)  batt=100.0%
[ep= 159 step=340 t=43.66h]  lat=-42.706° lon= +54.299° alt=688.9km  →  International (-42.7°, +54.3°)  batt= 99.8%
[ep= 159 step=360 t=46.78h]  lat= -8.936° lon= +60.662° alt=679.2km  →  International (-8.9°, +60.7°)   batt= 99.8%
[ep= 159 step=380 t=46.96h]  lat=-46.977° lon= +53.217° alt=690.4km  →  International (-47.0°, +53.2°)  batt= 99.8%
[ep= 160 step= 20 t= 4.07h]  lat= +7.342° lon= +61.216° alt=679.9km  →  International (+7.3°, +61.2°)   batt= 99.7%
[ep= 160 step= 40 t= 9.45h]  lat=-80.876° lon= -57.695° alt=701.5km  →  International (-80.9°, -57.7°)  batt= 99.2%
[ep= 160 step= 60 t=13.89h]  lat=+10.777° lon= +62.121° alt=679.9km  →  International (+10.8°, +62.1°)  batt=100.0%
[ep= 160 step= 80 t=16.74h]  lat=+72.278° lon=-145.621° alt=699.4km  →  International (+72.3°, -145.6°)  batt= 99.7%
[ep= 160 step=100 t=17.94h]  lat=-22.956° lon=-115.815° alt=689.0km  →  International (-23.0°, -115.8°)  batt= 99.9%
[ep= 160 step=120 t=17.99h]  lat=-10.845° lon=-117.698° alt=687.0km  →  International (-10.8°, -117.7°)  batt= 99.9%
[ep= 160 step=140 t=23.07h]  lat=+22.919° lon=-122.477° alt=688.5km  →  International (+22.9°, -122.5°)  batt= 99.8%
[ep= 160 step=160 t=25.56h]  lat=-29.846° lon= +56.401° alt=684.7km  →  International (-29.8°, +56.4°)  batt= 99.9%
[ep= 160 step=180 t=27.19h]  lat=-28.367° lon= +56.744° alt=684.3km  →  International (-28.4°, +56.7°)  batt=100.0%
[ep= 160 step=200 t=28.07h]  lat=+40.186° lon=-125.704° alt=692.2km  →  International (+40.2°, -125.7°)  batt= 99.7%
[ep= 160 step=220 t=34.41h]  lat= -6.842° lon=-117.597° alt=686.8km  →  International (-6.8°, -117.6°)  batt= 98.2%
[ep= 160 step=240 t=38.84h]  lat=-63.434° lon= +45.159° alt=696.5km  →  International (-63.4°, +45.2°)  batt= 99.9%
[ep= 160 step=260 t=44.23h]  lat=-12.092° lon=-116.424° alt=687.7km  →  International (-12.1°, -116.4°)  batt= 99.8%
[ep= 160 step=280 t=45.72h]  lat=-44.299° lon=-110.156° alt=695.3km  →  International (-44.3°, -110.2°)  batt= 99.9%
[ep= 161 step= 20 t= 3.78h]  lat=+68.263° lon= +80.976° alt=696.7km  →  International (+68.3°, +81.0°)  batt=100.0%
[ep= 161 step= 40 t= 9.18h]  lat=-33.663° lon= +54.967° alt=686.1km  →  International (-33.7°, +55.0°)  batt= 99.7%
[ep= 161 step= 60 t=14.01h]  lat=-14.663° lon= +58.458° alt=681.3km  →  International (-14.7°, +58.5°)  batt= 99.8%
[ep= 161 step= 80 t=14.18h]  lat=-50.794° lon= +50.588° alt=692.6km  →  International (-50.8°, +50.6°)  batt=100.0%
[ep= 161 step=100 t=15.62h]  lat= -7.704° lon= +59.551° alt=680.2km  →  International (-7.7°, +59.6°)   batt= 99.8%
[ep= 161 step=120 t=15.78h]  lat=-43.962° lon= +52.802° alt=690.0km  →  International (-44.0°, +52.8°)  batt=100.0%
[ep= 161 step=140 t=19.87h]  lat=+40.194° lon=-126.051° alt=692.3km  →  International (+40.2°, -126.1°)  batt=100.0%
[ep= 161 step=160 t=23.99h]  lat=-45.581° lon= +52.685° alt=690.4km  →  International (-45.6°, +52.7°)  batt=100.0%
[ep= 161 step=180 t=26.17h]  lat=-16.599° lon=-116.496° alt=688.0km  →  International (-16.6°, -116.5°)  batt=100.0%
[ep= 161 step=200 t=29.98h]  lat=+77.853° lon=+102.417° alt=698.5km  →  International (+77.9°, +102.4°)  batt=100.0%
[ep= 161 step=220 t=34.73h]  lat=+62.590° lon=-134.411° alt=697.9km  →  International (+62.6°, -134.4°)  batt=100.0%
[ep= 161 step=240 t=39.17h]  lat=-42.918° lon=-110.806° alt=694.6km  →  International (-42.9°, -110.8°)  batt=100.0%
[ep= 161 step=260 t=44.25h]  lat= -7.533° lon=-117.092° alt=687.1km  →  International (-7.5°, -117.1°)  batt=100.0%
[ep= 162 step= 20 t= 4.33h]  lat=-48.872° lon= +50.846° alt=691.8km  →  International (-48.9°, +50.8°)  batt= 97.6%
[ep= 162 step= 40 t= 8.77h]  lat=+55.137° lon= +72.095° alt=692.7km  →  International (+55.1°, +72.1°)  batt= 95.2%
[ep= 162 step= 60 t=11.53h]  lat=+11.434° lon=-121.167° alt=686.5km  →  International (+11.4°, -121.2°)  batt= 93.7%
[ep= 162 step= 80 t=16.59h]  lat=+41.387° lon=-126.487° alt=692.8km  →  International (+41.4°, -126.5°)  batt= 91.0%
[ep= 162 step=100 t=19.70h]  lat= +3.990° lon=-119.756° alt=686.2km  →  International (+4.0°, -119.8°)  batt= 94.7%
[ep= 162 step=120 t=22.82h]  lat=-29.858° lon=-114.397° alt=690.8km  →  International (-29.9°, -114.4°)  batt= 98.8%
[ep= 162 step=140 t=29.49h]  lat= -6.752° lon=-117.825° alt=686.4km  →  International (-6.8°, -117.8°)  batt= 95.3%
[ep= 162 step=160 t=36.16h]  lat=+16.427° lon=-120.906° alt=687.5km  →  International (+16.4°, -120.9°)  batt= 91.9%
[ep= 162 step=180 t=41.23h]  lat=+49.880° lon=-127.980° alt=695.1km  →  International (+49.9°, -128.0°)  batt= 91.2%
[ep= 162 step=200 t=46.63h]  lat=+24.162° lon= +65.560° alt=681.6km  →  International (+24.2°, +65.6°)  batt= 99.1%
[ep= 163 step= 20 t= 5.38h]  lat=+75.976° lon= +94.782° alt=698.5km  →  International (+76.0°, +94.8°)  batt= 99.6%
[ep= 163 step= 40 t= 5.85h]  lat=-23.968° lon= +56.630° alt=683.2km  →  International (-24.0°, +56.6°)  batt= 99.4%
[ep= 163 step= 60 t= 6.67h]  lat=+24.981° lon=-123.510° alt=688.4km  →  International (+25.0°, -123.5°)  batt= 99.8%
[ep= 163 step= 80 t= 9.17h]  lat=-31.905° lon= +55.316° alt=685.3km  →  International (-31.9°, +55.3°)  batt=100.0%
[ep= 163 step=100 t=12.63h]  lat=-71.360° lon= +35.693° alt=698.8km  →  International (-71.4°, +35.7°)  batt= 99.8%
[ep= 163 step=120 t=16.39h]  lat= -2.089° lon=-119.030° alt=686.2km  →  International (-2.1°, -119.0°)  batt= 99.9%
[ep= 163 step=140 t=16.45h]  lat=+10.045° lon=-120.762° alt=686.5km  →  International (+10.0°, -120.8°)  batt= 99.9%
[ep= 163 step=160 t=19.25h]  lat=-80.724° lon=  +0.601° alt=701.1km  →  International (-80.7°, +0.6°)   batt= 99.8%
[ep= 163 step=180 t=23.03h]  lat=+15.653° lon=-121.328° alt=687.4km  →  International (+15.7°, -121.3°)  batt= 99.6%
[ep= 163 step=200 t=28.74h]  lat= -8.692° lon= +59.943° alt=679.8km  →  International (-8.7°, +59.9°)   batt= 99.9%
[ep= 163 step=220 t=28.92h]  lat=-46.731° lon= +52.534° alt=690.7km  →  International (-46.7°, +52.5°)  batt=100.0%
[ep= 163 step=240 t=32.68h]  lat=-25.957° lon=-114.700° alt=689.8km  →  International (-26.0°, -114.7°)  batt= 99.8%
[ep= 163 step=260 t=38.40h]  lat=+31.160° lon= +66.493° alt=683.8km  →  International (+31.2°, +66.5°)  batt= 99.2%
[ep= 163 step=280 t=43.16h]  lat=+65.761° lon= +80.120° alt=695.2km  →  International (+65.8°, +80.1°)  batt= 99.9%
[ep= 163 step=300 t=48.00h]  lat=+80.108° lon=+116.299° alt=698.9km  →  International (+80.1°, +116.3°)  batt=100.0%
[ep= 164 step= 20 t= 6.34h]  lat=-47.569° lon=-110.817° alt=695.6km  →  International (-47.6°, -110.8°)  batt= 96.6%
[ep= 164 step= 40 t= 6.51h]  lat=-11.428° lon=-118.087° alt=686.9km  →  International (-11.4°, -118.1°)  batt= 96.5%
[ep= 164 step= 60 t= 9.96h]  lat=+25.601° lon=-123.478° alt=688.9km  →  International (+25.6°, -123.5°)  batt= 98.5%
[ep= 164 step= 80 t=14.05h]  lat=-23.758° lon= +57.010° alt=683.4km  →  International (-23.8°, +57.0°)  batt= 96.4%
[ep= 164 step=100 t=14.88h]  lat=+24.759° lon=-123.126° alt=688.4km  →  International (+24.8°, -123.1°)  batt= 95.9%
[ep= 164 step=120 t=15.72h]  lat=-29.527° lon= +56.051° alt=685.0km  →  International (-29.5°, +56.1°)  batt= 95.4%
[ep= 164 step=140 t=15.90h]  lat=-68.560° lon= +39.513° alt=698.5km  →  International (-68.6°, +39.5°)  batt= 95.3%
[ep= 164 step=160 t=17.37h]  lat=-31.666° lon= +55.708° alt=685.6km  →  International (-31.7°, +55.7°)  batt= 94.6%
[ep= 164 step=180 t=20.78h]  lat=-60.911° lon= +46.110° alt=696.0km  →  International (-60.9°, +46.1°)  batt= 92.8%
[ep= 164 step=200 t=26.81h]  lat=+55.204° lon= +72.876° alt=692.3km  →  International (+55.2°, +72.9°)  batt= 89.7%
[ep= 164 step=220 t=30.27h]  lat=+16.682° lon= +63.690° alt=680.4km  →  International (+16.7°, +63.7°)  batt= 90.7%
[ep= 164 step=240 t=35.66h]  lat=-81.309° lon=  -6.418° alt=701.7km  →  International (-81.3°, -6.4°)   batt= 92.9%
[ep= 164 step=260 t=40.18h]  lat= +0.132° lon= +61.688° alt=679.3km  →  International (+0.1°, +61.7°)   batt= 91.7%
[ep= 164 step=280 t=40.35h]  lat=-36.228° lon= +55.718° alt=687.0km  →  International (-36.2°, +55.7°)  batt= 91.7%
[ep= 164 step=300 t=41.84h]  lat= -3.846° lon= +61.192° alt=679.4km  →  International (-3.8°, +61.2°)   batt= 90.9%
[ep= 164 step=320 t=42.01h]  lat=-40.162° lon= +54.877° alt=688.3km  →  International (-40.2°, +54.9°)  batt= 90.8%
[ep= 164 step=340 t=44.14h]  lat=-31.123° lon=-113.260° alt=691.5km  →  International (-31.1°, -113.3°)  batt= 89.7%
[ep= 165 step= 20 t= 6.03h]  lat=-63.302° lon= +43.883° alt=696.7km  →  International (-63.3°, +43.9°)  batt= 99.1%
[ep= 165 step= 40 t= 6.54h]  lat= -4.146° lon=-119.139° alt=686.2km  →  International (-4.1°, -119.1°)  batt= 99.8%
[ep= 165 step= 60 t=10.64h]  lat= +4.206° lon= +61.038° alt=679.5km  →  International (+4.2°, +61.0°)   batt= 99.9%
[ep= 165 step= 80 t=14.02h]  lat=-16.501° lon= +58.178° alt=681.6km  →  International (-16.5°, +58.2°)  batt= 99.8%
[ep= 165 step=100 t=14.19h]  lat=-54.365° lon= +49.193° alt=693.9km  →  International (-54.4°, +49.2°)  batt= 99.7%
[ep= 165 step=120 t=17.10h]  lat=+27.161° lon= +64.879° alt=683.4km  →  International (+27.2°, +64.9°)  batt=100.0%
[ep= 165 step=140 t=17.32h]  lat=-20.798° lon= +57.634° alt=682.5km  →  International (-20.8°, +57.6°)  batt=100.0%
[ep= 165 step=160 t=17.48h]  lat=-56.774° lon= +48.232° alt=694.6km  →  International (-56.8°, +48.2°)  batt= 99.9%
[ep= 165 step=180 t=18.74h]  lat=+25.621° lon= +64.674° alt=682.9km  →  International (+25.6°, +64.7°)  batt=100.0%
[ep= 165 step=200 t=18.89h]  lat= -6.562° lon= +59.850° alt=679.9km  →  International (-6.6°, +59.8°)   batt=100.0%

========================================================================
  RUN START  2026-07-01 17:20:03  stage=dynamic-dense  total_steps=327,168
========================================================================
[ep= 165 step= 20 t= 2.46h]  lat= +0.378° lon= +60.154° alt=679.3km  →  International (+0.4°, +60.2°)   batt= 99.5%
[ep= 165 step= 40 t= 2.63h]  lat=-37.791° lon= +53.801° alt=687.2km  →  International (-37.8°, +53.8°)  batt= 99.4%
[ep= 165 step= 60 t= 6.71h]  lat=+32.227° lon=-124.846° alt=690.6km  →  International (+32.2°, -124.8°)  batt= 99.4%
[ep= 165 step= 80 t=10.48h]  lat=+38.686° lon= +66.943° alt=686.5km  →  International (+38.7°, +66.9°)  batt= 99.7%
[ep= 165 step=100 t=14.61h]  lat=-33.280° lon=-114.062° alt=691.9km  →  International (-33.3°, -114.1°)  batt= 99.8%
[ep= 165 step=120 t=17.74h]  lat=-64.605° lon=-101.912° alt=700.0km  →  International (-64.6°, -101.9°)  batt=100.0%
[ep= 165 step=140 t=22.24h]  lat=-21.893° lon= +57.656° alt=682.2km  →  International (-21.9°, +57.7°)  batt=100.0%
[ep= 165 step=160 t=25.66h]  lat=-51.416° lon= +50.832° alt=692.2km  →  International (-51.4°, +50.8°)  batt= 99.2%
[ep= 165 step=180 t=27.14h]  lat=-17.454° lon= +58.567° alt=680.9km  →  International (-17.5°, +58.6°)  batt= 99.6%
[ep= 165 step=200 t=27.98h]  lat=+22.097° lon=-122.142° alt=688.6km  →  International (+22.1°, -122.1°)  batt= 99.3%
[ep= 165 step=220 t=30.79h]  lat=-78.184° lon= -76.136° alt=701.8km  →  International (-78.2°, -76.1°)  batt= 98.5%
[ep= 165 step=240 t=36.18h]  lat=+20.136° lon=-121.484° alt=688.4km  →  International (+20.1°, -121.5°)  batt= 99.6%
[ep= 165 step=260 t=39.96h]  lat=+48.255° lon= +70.781° alt=689.1km  →  International (+48.3°, +70.8°)  batt= 99.8%
[ep= 165 step=280 t=45.04h]  lat=+12.863° lon= +63.714° alt=679.3km  →  International (+12.9°, +63.7°)  batt= 99.9%
[ep= 165 step=300 t=47.99h]  lat=+81.508° lon=+133.524° alt=699.2km  →  International (+81.5°, +133.5°)  batt= 99.3%
[ep= 166 step= 20 t= 1.03h]  lat=-44.646° lon= +51.998° alt=689.9km  →  International (-44.6°, +52.0°)  batt= 99.4%
[ep= 166 step= 40 t= 1.87h]  lat=+49.194° lon=-129.368° alt=694.7km  →  International (+49.2°, -129.4°)  batt= 99.0%
[ep= 166 step= 60 t= 6.95h]  lat=+80.763° lon=+179.693° alt=700.1km  →  International (+80.8°, +179.7°)  batt= 96.4%
[ep= 166 step= 80 t=10.60h]  lat=+13.292° lon= +62.355° alt=680.1km  →  International (+13.3°, +62.4°)  batt=100.0%
[ep= 166 step=100 t=13.06h]  lat=-13.694° lon=-117.483° alt=687.5km  →  International (-13.7°, -117.5°)  batt= 99.4%
[ep= 166 step=120 t=14.54h]  lat=-47.674° lon=-110.449° alt=695.7km  →  International (-47.7°, -110.4°)  batt= 99.8%
[ep= 166 step=140 t=16.35h]  lat=-11.804° lon=-117.627° alt=687.4km  →  International (-11.8°, -117.6°)  batt= 98.8%
[ep= 166 step=160 t=17.18h]  lat= +8.897° lon= +61.981° alt=679.2km  →  International (+8.9°, +62.0°)   batt=100.0%
[ep= 166 step=180 t=20.96h]  lat=-76.007° lon= -84.497° alt=701.5km  →  International (-76.0°, -84.5°)  batt= 99.8%
[ep= 166 step=200 t=26.66h]  lat=+81.552° lon=+133.642° alt=699.6km  →  International (+81.6°, +133.6°)  batt= 96.8%
[ep= 166 step=220 t=30.41h]  lat=-14.465° lon= +59.165° alt=680.2km  →  International (-14.5°, +59.2°)  batt= 96.2%
[ep= 166 step=240 t=32.14h]  lat=-34.772° lon= +55.688° alt=685.9km  →  International (-34.8°, +55.7°)  batt= 96.9%
[ep= 166 step=260 t=36.48h]  lat=+81.025° lon=+177.759° alt=700.0km  →  International (+81.0°, +177.8°)  batt= 99.3%
[ep= 166 step=280 t=39.02h]  lat=-73.925° lon= -88.934° alt=701.5km  →  International (-73.9°, -88.9°)  batt= 99.8%
[ep= 166 step=300 t=40.59h]  lat=-81.928° lon= -30.879° alt=701.7km  →  International (-81.9°, -30.9°)  batt= 99.8%
[ep= 166 step=320 t=41.56h]  lat=+58.024° lon= +74.836° alt=692.6km  →  International (+58.0°, +74.8°)  batt= 99.4%
[ep= 166 step=340 t=45.25h]  lat=-31.414° lon= +56.913° alt=684.7km  →  International (-31.4°, +56.9°)  batt=100.0%
[ep= 167 step= 20 t= 2.58h]  lat=-26.935° lon= +55.978° alt=683.7km  →  International (-26.9°, +56.0°)  batt=100.0%
[ep= 167 step= 40 t= 4.06h]  lat= +9.153° lon= +61.474° alt=679.5km  →  International (+9.2°, +61.5°)   batt=100.0%
[ep= 167 step= 60 t= 4.67h]  lat=-54.964° lon=-108.153° alt=697.5km  →  International (-55.0°, -108.2°)  batt=100.0%
[ep= 167 step= 80 t= 9.73h]  lat=-23.435° lon=-116.081° alt=689.2km  →  International (-23.4°, -116.1°)  batt=100.0%
[ep= 167 step=100 t=12.22h]  lat=+18.406° lon= +63.205° alt=680.6km  →  International (+18.4°, +63.2°)  batt=100.0%
[ep= 167 step=120 t=16.31h]  lat=-20.264° lon=-116.330° alt=688.9km  →  International (-20.3°, -116.3°)  batt=100.0%
[ep= 167 step=140 t=19.43h]  lat=-53.785° lon=-108.048° alt=697.5km  →  International (-53.8°, -108.0°)  batt=100.0%
[ep= 167 step=160 t=23.79h]  lat= -2.192° lon= +60.672° alt=679.1km  →  International (-2.2°, +60.7°)   batt=100.0%
[ep= 167 step=180 t=23.96h]  lat=-38.531° lon= +54.513° alt=687.5km  →  International (-38.5°, +54.5°)  batt=100.0%
[ep= 167 step=200 t=25.44h]  lat= -4.356° lon= +60.432° alt=679.1km  →  International (-4.4°, +60.4°)   batt=100.0%
[ep= 167 step=220 t=25.61h]  lat=-40.669° lon= +54.067° alt=688.1km  →  International (-40.7°, +54.1°)  batt=100.0%
[ep= 167 step=240 t=26.43h]  lat=+41.635° lon=-126.143° alt=692.9km  →  International (+41.6°, -126.1°)  batt=100.0%
[ep= 167 step=260 t=27.27h]  lat=-44.602° lon= +53.095° alt=689.5km  →  International (-44.6°, +53.1°)  batt=100.0%
[ep= 167 step=280 t=32.97h]  lat=+35.759° lon=-124.493° alt=691.7km  →  International (+35.8°, -124.5°)  batt=100.0%
[ep= 167 step=300 t=36.76h]  lat=+31.516° lon= +66.500° alt=683.5km  →  International (+31.5°, +66.5°)  batt=100.0%
[ep= 167 step=320 t=39.91h]  lat=+59.487° lon= +75.552° alt=693.1km  →  International (+59.5°, +75.6°)  batt=100.0%
[ep= 167 step=340 t=43.54h]  lat=-17.191° lon= +59.288° alt=680.7km  →  International (-17.2°, +59.3°)  batt=100.0%
[ep= 167 step=360 t=47.72h]  lat=+34.557° lon=-123.626° alt=691.2km  →  International (+34.6°, -123.6°)  batt=100.0%
[ep= 168 step= 20 t= 1.03h]  lat=-46.436° lon= +51.476° alt=690.7km  →  International (-46.4°, +51.5°)  batt=100.0%
[ep= 168 step= 40 t= 4.07h]  lat= +7.345° lon= +61.213° alt=679.7km  →  International (+7.3°, +61.2°)   batt=100.0%
[ep= 168 step= 60 t= 4.23h]  lat=-29.072° lon= +55.655° alt=684.5km  →  International (-29.1°, +55.7°)  batt=100.0%
[ep= 168 step= 80 t= 4.73h]  lat=-40.700° lon=-112.806° alt=693.3km  →  International (-40.7°, -112.8°)  batt=100.0%
[ep= 168 step=100 t= 5.92h]  lat=-38.450° lon= +53.782° alt=687.5km  →  International (-38.4°, +53.8°)  batt=100.0%
[ep= 168 step=120 t= 7.44h]  lat=-13.393° lon= +58.372° alt=680.4km  →  International (-13.4°, +58.4°)  batt=100.0%
[ep= 168 step=140 t=11.21h]  lat=-58.964° lon=-105.927° alt=698.5km  →  International (-59.0°, -105.9°)  batt=100.0%
[ep= 168 step=160 t=14.35h]  lat=-81.933° lon= -28.092° alt=701.3km  →  International (-81.9°, -28.1°)  batt=100.0%
[ep= 168 step=180 t=19.10h]  lat=-51.861° lon= +50.388° alt=692.3km  →  International (-51.9°, +50.4°)  batt=100.0%
[ep= 168 step=200 t=19.59h]  lat=-19.614° lon=-116.301° alt=688.7km  →  International (-19.6°, -116.3°)  batt=100.0%
[ep= 168 step=220 t=22.72h]  lat=-53.154° lon=-108.169° alt=697.3km  →  International (-53.2°, -108.2°)  batt=100.0%
[ep= 168 step=240 t=25.52h]  lat=-20.718° lon= +57.979° alt=682.0km  →  International (-20.7°, +58.0°)  batt=100.0%
[ep= 168 step=260 t=25.68h]  lat=-56.700° lon= +48.602° alt=694.3km  →  International (-56.7°, +48.6°)  batt=100.0%
[ep= 168 step=280 t=27.11h]  lat=-10.130° lon= +59.665° alt=679.9km  →  International (-10.1°, +59.7°)  batt=100.0%
[ep= 168 step=300 t=27.27h]  lat=-46.354° lon= +52.579° alt=690.4km  →  International (-46.4°, +52.6°)  batt=100.0%
[ep= 168 step=320 t=30.41h]  lat=-14.452° lon= +59.158° alt=680.3km  →  International (-14.5°, +59.2°)  batt=100.0%
[ep= 168 step=340 t=30.59h]  lat=-54.151° lon= +49.948° alt=693.1km  →  International (-54.2°, +49.9°)  batt=100.0%
[ep= 168 step=360 t=34.83h]  lat=+80.872° lon=+179.604° alt=700.1km  →  International (+80.9°, +179.6°)  batt=100.0%
[ep= 168 step=380 t=37.62h]  lat=-21.391° lon=-115.272° alt=689.2km  →  International (-21.4°, -115.3°)  batt=100.0%
[ep= 168 step=400 t=39.20h]  lat=-35.531° lon=-112.580° alt=692.7km  →  International (-35.5°, -112.6°)  batt=100.0%
[ep= 168 step=420 t=40.76h]  lat=-52.511° lon=-107.676° alt=697.5km  →  International (-52.5°, -107.7°)  batt=100.0%
[ep= 168 step=440 t=40.91h]  lat=-21.321° lon=-115.146° alt=689.3km  →  International (-21.3°, -115.1°)  batt=100.0%
[ep= 168 step=460 t=41.04h]  lat= +7.776° lon=-119.420° alt=687.0km  →  International (+7.8°, -119.4°)  batt=100.0%
[ep= 168 step=480 t=42.90h]  lat=+55.003° lon=-129.911° alt=696.5km  →  International (+55.0°, -129.9°)  batt=100.0%
[ep= 168 step=500 t=46.05h]  lat=+26.947° lon=-122.234° alt=689.8km  →  International (+26.9°, -122.2°)  batt=100.0%
[ep= 169 step= 20 t= 4.75h]  lat=-37.118° lon=-113.646° alt=692.5km  →  International (-37.1°, -113.6°)  batt=100.0%
[ep= 169 step= 40 t= 4.92h]  lat= -0.831° lon=-119.678° alt=686.1km  →  International (-0.8°, -119.7°)  batt=100.0%
[ep= 169 step= 60 t= 6.73h]  lat=+37.610° lon=-125.989° alt=691.6km  →  International (+37.6°, -126.0°)  batt=100.0%
[ep= 169 step= 80 t=10.86h]  lat=-43.012° lon= +52.855° alt=689.6km  →  International (-43.0°, +52.9°)  batt= 99.7%
[ep= 169 step=100 t=14.00h]  lat=-12.860° lon= +58.725° alt=680.9km  →  International (-12.9°, +58.7°)  batt= 99.8%
[ep= 169 step=120 t=14.17h]  lat=-49.028° lon= +51.195° alt=691.9km  →  International (-49.0°, +51.2°)  batt= 99.8%
[ep= 169 step=140 t=16.32h]  lat=-18.536° lon=-116.604° alt=688.0km  →  International (-18.5°, -116.6°)  batt=100.0%
[ep= 169 step=160 t=18.97h]  lat=-22.955° lon= +57.341° alt=682.8km  →  International (-23.0°, +57.3°)  batt= 99.8%
[ep= 169 step=180 t=19.80h]  lat=+25.768° lon=-123.106° alt=688.9km  →  International (+25.8°, -123.1°)  batt=100.0%
[ep= 169 step=200 t=23.36h]  lat=+81.372° lon=+171.967° alt=700.1km  →  International (+81.4°, +172.0°)  batt=100.0%
[ep= 169 step=220 t=26.12h]  lat=-25.642° lon=-115.025° alt=689.9km  →  International (-25.6°, -115.0°)  batt=100.0%
[ep= 169 step=240 t=30.23h]  lat=+25.737° lon= +65.161° alt=682.3km  →  International (+25.7°, +65.2°)  batt= 99.9%
[ep= 169 step=260 t=31.07h]  lat=-21.019° lon=-115.600° alt=689.1km  →  International (-21.0°, -115.6°)  batt=100.0%
[ep= 169 step=280 t=36.45h]  lat=+77.533° lon=-158.339° alt=699.7km  →  International (+77.5°, -158.3°)  batt=100.0%
[ep= 169 step=300 t=38.67h]  lat=-28.707° lon= +57.143° alt=684.4km  →  International (-28.7°, +57.1°)  batt= 99.8%
[ep= 169 step=320 t=38.85h]  lat=-66.098° lon= +42.954° alt=697.7km  →  International (-66.1°, +43.0°)  batt=100.0%
[ep= 169 step=340 t=43.56h]  lat=-20.626° lon= +58.736° alt=681.8km  →  International (-20.6°, +58.7°)  batt= 99.8%
[ep= 169 step=360 t=46.24h]  lat=+68.217° lon=-138.855° alt=699.0km  →  International (+68.2°, -138.9°)  batt=100.0%
[ep= 170 step= 20 t= 4.72h]  lat=-44.294° lon=-111.855° alt=694.6km  →  International (-44.3°, -111.9°)  batt=100.0%
[ep= 170 step= 40 t= 4.88h]  lat= -8.099° lon=-118.640° alt=686.5km  →  International (-8.1°, -118.6°)  batt=100.0%
[ep= 170 step= 60 t= 6.71h]  lat=+32.210° lon=-124.842° alt=690.3km  →  International (+32.2°, -124.8°)  batt=100.0%
[ep= 170 step= 80 t=11.11h]  lat=-78.509° lon= -75.369° alt=701.8km  →  International (-78.5°, -75.4°)  batt=100.0%
[ep= 170 step=100 t=12.92h]  lat=-44.457° lon=-111.471° alt=694.6km  →  International (-44.5°, -111.5°)  batt=100.0%
[ep= 170 step=120 t=15.64h]  lat=-13.221° lon= +58.744° alt=680.8km  →  International (-13.2°, +58.7°)  batt= 99.8%
[ep= 170 step=140 t=15.81h]  lat=-49.384° lon= +51.148° alt=691.8km  →  International (-49.4°, +51.1°)  batt=100.0%
[ep= 170 step=160 t=18.97h]  lat=-22.993° lon= +57.343° alt=682.7km  →  International (-23.0°, +57.3°)  batt= 99.8%
[ep= 170 step=180 t=20.79h]  lat=-62.712° lon= +44.930° alt=696.5km  →  International (-62.7°, +44.9°)  batt=100.0%
[ep= 170 step=200 t=25.54h]  lat=-26.122° lon= +57.078° alt=683.5km  →  International (-26.1°, +57.1°)  batt= 99.8%
[ep= 170 step=220 t=27.04h]  lat= +4.506° lon= +61.764° alt=679.1km  →  International (+4.5°, +61.8°)   batt= 99.8%
[ep= 170 step=240 t=27.86h]  lat= -5.272° lon=-118.092° alt=686.7km  →  International (-5.3°, -118.1°)  batt=100.0%
[ep= 170 step=260 t=30.33h]  lat= +2.005° lon= +61.544° alt=678.9km  →  International (+2.0°, +61.5°)   batt= 99.8%
[ep= 170 step=280 t=33.70h]  lat=-16.887° lon= +58.938° alt=681.1km  →  International (-16.9°, +58.9°)  batt= 99.8%
[ep= 170 step=300 t=35.43h]  lat=-37.163° lon= +55.311° alt=687.3km  →  International (-37.2°, +55.3°)  batt= 99.7%
[ep= 170 step=320 t=36.96h]  lat=-12.082° lon= +59.800° alt=680.3km  →  International (-12.1°, +59.8°)  batt= 99.8%
[ep= 170 step=340 t=37.12h]  lat=-48.269° lon= +52.406° alt=691.4km  →  International (-48.3°, +52.4°)  batt=100.0%
[ep= 170 step=360 t=39.60h]  lat=+51.323° lon=-128.547° alt=695.2km  →  International (+51.3°, -128.5°)  batt=100.0%
[ep= 170 step=380 t=43.71h]  lat=-53.149° lon= +50.924° alt=693.1km  →  International (-53.1°, +50.9°)  batt=100.0%
[ep= 171 step= 20 t= 0.92h]  lat=-21.148° lon= +56.896° alt=682.1km  →  International (-21.1°, +56.9°)  batt=100.0%
[ep= 171 step= 40 t= 1.09h]  lat=-58.877° lon= +46.476° alt=694.9km  →  International (-58.9°, +46.5°)  batt=100.0%
[ep= 171 step= 60 t= 5.65h]  lat=+19.747° lon= +63.145° alt=681.2km  →  International (+19.7°, +63.1°)  batt=100.0%
[ep= 171 step= 80 t= 9.44h]  lat=-81.572° lon= -46.686° alt=701.5km  →  International (-81.6°, -46.7°)  batt=100.0%
[ep= 171 step=100 t=11.25h]  lat=-50.096° lon=-109.786° alt=696.4km  →  International (-50.1°, -109.8°)  batt= 99.8%
[ep= 171 step=120 t=11.42h]  lat=-14.006° lon=-117.506° alt=687.6km  →  International (-14.0°, -117.5°)  batt= 99.8%
[ep= 171 step=140 t=13.22h]  lat=+22.711° lon=-122.856° alt=688.5km  →  International (+22.7°, -122.9°)  batt= 99.9%
[ep= 171 step=160 t=17.33h]  lat=-22.725° lon= +57.312° alt=682.3km  →  International (-22.7°, +57.3°)  batt= 99.7%
[ep= 171 step=180 t=19.82h]  lat=+29.494° lon=-123.778° alt=689.8km  →  International (+29.5°, -123.8°)  batt= 99.9%
[ep= 171 step=200 t=20.71h]  lat=-45.078° lon= +52.688° alt=690.0km  →  International (-45.1°, +52.7°)  batt=100.0%
[ep= 171 step=220 t=23.81h]  lat= -5.867° lon= +60.144° alt=679.2km  →  International (-5.9°, +60.1°)   batt=100.0%
[ep= 171 step=240 t=23.98h]  lat=-42.159° lon= +53.616° alt=688.7km  →  International (-42.2°, +53.6°)  batt=100.0%
[ep= 171 step=260 t=25.21h]  lat=+46.438° lon= +69.602° alt=689.0km  →  International (+46.4°, +69.6°)  batt=100.0%
[ep= 171 step=280 t=27.59h]  lat=-63.232° lon=-102.561° alt=699.8km  →  International (-63.2°, -102.6°)  batt=100.0%
[ep= 171 step=300 t=31.04h]  lat=-26.885° lon=-114.610° alt=690.4km  →  International (-26.9°, -114.6°)  batt=100.0%
[ep= 171 step=320 t=36.11h]  lat= +6.849° lon=-119.491° alt=687.0km  →  International (+6.8°, -119.5°)  batt=100.0%
[ep= 171 step=340 t=37.65h]  lat=-15.246° lon=-116.241° alt=688.3km  →  International (-15.2°, -116.2°)  batt=100.0%
[ep= 171 step=360 t=41.44h]  lat=+80.513° lon=+119.630° alt=699.0km  →  International (+80.5°, +119.6°)  batt=100.0%
[ep= 171 step=380 t=44.98h]  lat=+27.366° lon= +66.052° alt=682.4km  →  International (+27.4°, +66.1°)  batt=100.0%
[ep= 171 step=400 t=46.19h]  lat=+58.100° lon=-131.254° alt=696.9km  →  International (+58.1°, -131.3°)  batt=100.0%
[ep= 171 step=420 t=46.74h]  lat= -0.293° lon= +61.879° alt=678.6km  →  International (-0.3°, +61.9°)   batt=100.0%
[ep= 171 step=440 t=46.91h]  lat=-36.656° lon= +55.877° alt=686.6km  →  International (-36.7°, +55.9°)  batt=100.0%
[ep= 172 step= 20 t= 3.01h]  lat=-58.812° lon=-106.348° alt=698.4km  →  International (-58.8°, -106.3°)  batt= 99.8%
[ep= 172 step= 40 t= 7.12h]  lat=+55.428° lon= +72.154° alt=692.3km  →  International (+55.4°, +72.2°)  batt= 99.8%
[ep= 172 step= 60 t= 9.65h]  lat=-41.459° lon=-112.410° alt=693.9km  →  International (-41.5°, -112.4°)  batt=100.0%
[ep= 172 step= 80 t=14.09h]  lat=-31.761° lon= +55.554° alt=684.9km  →  International (-31.8°, +55.6°)  batt= 99.8%
[ep= 172 step=100 t=18.85h]  lat= +1.792° lon= +61.037° alt=679.1km  →  International (+1.8°, +61.0°)   batt=100.0%
[ep= 172 step=120 t=19.09h]  lat=-50.754° lon= +50.810° alt=692.1km  →  International (-50.8°, +50.8°)  batt=100.0%
[ep= 172 step=140 t=20.74h]  lat=-52.872° lon= +50.079° alt=692.8km  →  International (-52.9°, +50.1°)  batt=100.0%
[ep= 172 step=160 t=22.04h]  lat=+22.963° lon= +64.355° alt=681.6km  →  International (+23.0°, +64.4°)  batt=100.0%
[ep= 172 step=180 t=23.70h]  lat=+17.158° lon= +63.490° alt=680.3km  →  International (+17.2°, +63.5°)  batt= 99.7%
[ep= 172 step=200 t=28.07h]  lat=+42.070° lon=-126.178° alt=693.2km  →  International (+42.1°, -126.2°)  batt= 99.6%
[ep= 172 step=220 t=32.52h]  lat=-61.610° lon=-103.460° alt=699.5km  →  International (-61.6°, -103.5°)  batt=100.0%
[ep= 172 step=240 t=32.75h]  lat=-11.940° lon=-116.926° alt=687.6km  →  International (-11.9°, -116.9°)  batt=100.0%
[ep= 172 step=260 t=35.56h]  lat=-65.212° lon= +43.614° alt=697.0km  →  International (-65.2°, +43.6°)  batt=100.0%
[ep= 172 step=280 t=37.45h]  lat=-58.859° lon=-104.893° alt=699.1km  →  International (-58.9°, -104.9°)  batt= 99.8%
[ep= 172 step=300 t=41.94h]  lat=-26.103° lon= +57.763° alt=683.1km  →  International (-26.1°, +57.8°)  batt=100.0%
[ep= 172 step=320 t=45.09h]  lat= +2.353° lon= +62.204° alt=678.6km  →  International (+2.4°, +62.2°)   batt=100.0%
[ep= 172 step=340 t=45.26h]  lat=-34.035° lon= +56.389° alt=685.6km  →  International (-34.0°, +56.4°)  batt=100.0%
[ep= 172 step=360 t=46.09h]  lat=+36.809° lon=-124.172° alt=691.7km  →  International (+36.8°, -124.2°)  batt=100.0%
[ep= 173 step= 20 t= 4.09h]  lat= +1.874° lon= +60.433° alt=679.6km  →  International (+1.9°, +60.4°)   batt= 98.9%
[ep= 173 step= 40 t= 4.26h]  lat=-34.501° lon= +54.585° alt=686.4km  →  International (-34.5°, +54.6°)  batt= 98.8%
[ep= 173 step= 60 t= 6.06h]  lat=-68.453° lon= +39.216° alt=698.0km  →  International (-68.5°, +39.2°)  batt= 98.4%
[ep= 173 step= 80 t= 9.51h]  lat=-71.232° lon= -94.969° alt=700.8km  →  International (-71.2°, -95.0°)  batt= 99.6%
[ep= 173 step=100 t=12.50h]  lat=-43.378° lon= +52.819° alt=689.2km  →  International (-43.4°, +52.8°)  batt=100.0%
[ep= 173 step=120 t=14.62h]  lat=-29.685° lon=-114.770° alt=690.6km  →  International (-29.7°, -114.8°)  batt= 99.9%
[ep= 173 step=140 t=16.14h]  lat=-56.228° lon=-107.106° alt=697.9km  →  International (-56.2°, -107.1°)  batt= 99.8%
[ep= 173 step=160 t=19.57h]  lat=-23.236° lon=-115.710° alt=689.3km  →  International (-23.2°, -115.7°)  batt= 99.9%
[ep= 173 step=180 t=22.06h]  lat=+18.208° lon= +63.574° alt=680.7km  →  International (+18.2°, +63.6°)  batt= 99.6%
[ep= 173 step=200 t=24.92h]  lat=+67.720° lon=-139.203° alt=698.8km  →  International (+67.7°, -139.2°)  batt= 99.7%
[ep= 173 step=220 t=28.72h]  lat= -3.189° lon= +60.725° alt=679.2km  →  International (-3.2°, +60.7°)   batt= 99.2%
[ep= 173 step=240 t=28.88h]  lat=-39.514° lon= +54.472° alt=687.9km  →  International (-39.5°, +54.5°)  batt= 99.1%
[ep= 173 step=260 t=30.37h]  lat= -5.352° lon= +60.484° alt=679.3km  →  International (-5.4°, +60.5°)   batt=100.0%
[ep= 173 step=280 t=30.53h]  lat=-41.651° lon= +54.010° alt=688.5km  →  International (-41.7°, +54.0°)  batt=100.0%
[ep= 173 step=300 t=33.33h]  lat=+64.271° lon= +78.463° alt=695.1km  →  International (+64.3°, +78.5°)  batt= 99.3%
[ep= 173 step=320 t=38.40h]  lat=+31.206° lon= +66.497° alt=683.7km  →  International (+31.2°, +66.5°)  batt=100.0%
[ep= 173 step=340 t=39.32h]  lat=-10.134° lon=-116.938° alt=687.4km  →  International (-10.1°, -116.9°)  batt= 99.9%
[ep= 173 step=360 t=40.88h]  lat=-27.343° lon=-114.122° alt=690.6km  →  International (-27.3°, -114.1°)  batt= 99.5%
[ep= 173 step=380 t=40.94h]  lat=-12.825° lon=-116.473° alt=687.8km  →  International (-12.8°, -116.5°)  batt= 99.5%
[ep= 173 step=400 t=43.74h]  lat=-59.723° lon= +47.745° alt=695.2km  →  International (-59.7°, +47.7°)  batt= 99.3%
[ep= 174 step= 20 t= 2.49h]  lat= -6.896° lon= +59.121° alt=680.1km  →  International (-6.9°, +59.1°)   batt= 99.8%
[ep= 174 step= 40 t= 4.95h]  lat= +6.443° lon=-120.711° alt=686.1km  →  International (+6.4°, -120.7°)  batt=100.0%
[ep= 174 step= 60 t= 8.06h]  lat=-31.051° lon=-114.773° alt=691.0km  →  International (-31.1°, -114.8°)  batt=100.0%
[ep= 174 step= 80 t= 9.56h]  lat=-61.072° lon=-104.752° alt=699.1km  →  International (-61.1°, -104.8°)  batt=100.0%
[ep= 174 step=100 t=14.95h]  lat=+41.018° lon=-126.460° alt=692.3km  →  International (+41.0°, -126.5°)  batt=100.0%
[ep= 174 step=120 t=15.77h]  lat=-40.370° lon= +53.734° alt=688.7km  →  International (-40.4°, +53.7°)  batt= 99.7%
[ep= 174 step=140 t=17.24h]  lat= -4.390° lon= +60.089° alt=679.8km  →  International (-4.4°, +60.1°)   batt= 99.8%
[ep= 174 step=160 t=17.41h]  lat=-40.696° lon= +53.720° alt=688.7km  →  International (-40.7°, +53.7°)  batt= 99.7%
[ep= 174 step=180 t=18.98h]  lat=-26.564° lon= +56.722° alt=683.9km  →  International (-26.6°, +56.7°)  batt= 99.7%
[ep= 174 step=200 t=21.08h]  lat=-51.799° lon=-108.757° alt=697.0km  →  International (-51.8°, -108.8°)  batt=100.0%
[ep= 174 step=220 t=25.51h]  lat=-18.779° lon= +58.292° alt=681.7km  →  International (-18.8°, +58.3°)  batt= 99.8%
[ep= 174 step=240 t=30.27h]  lat=+16.677° lon= +63.682° alt=680.4km  →  International (+16.7°, +63.7°)  batt= 99.9%
[ep= 174 step=260 t=34.05h]  lat=-81.138° lon= -53.297° alt=702.0km  →  International (-81.1°, -53.3°)  batt=100.0%
[ep= 174 step=280 t=37.19h]  lat=-62.303° lon= +45.881° alt=696.6km  →  International (-62.3°, +45.9°)  batt=100.0%
[ep= 174 step=300 t=41.93h]  lat=-23.883° lon= +58.134° alt=682.9km  →  International (-23.9°, +58.1°)  batt= 99.8%
[ep= 174 step=320 t=42.43h]  lat=-45.842° lon=-109.857° alt=695.5km  →  International (-45.8°, -109.9°)  batt=100.0%
[ep= 174 step=340 t=46.59h]  lat=+33.382° lon= +67.278° alt=684.5km  →  International (+33.4°, +67.3°)  batt= 99.9%
[ep= 175 step= 20 t= 3.46h]  lat=+39.367° lon=-126.532° alt=692.1km  →  International (+39.4°, -126.5°)  batt= 99.8%
[ep= 175 step= 40 t= 4.61h]  lat=-66.587° lon=-100.707° alt=700.2km  →  International (-66.6°, -100.7°)  batt=100.0%
[ep= 175 step= 60 t= 6.11h]  lat=-77.389° lon= +20.964° alt=700.4km  →  International (-77.4°, +21.0°)  batt=100.0%
[ep= 175 step= 80 t= 8.95h]  lat=+16.053° lon= +62.707° alt=680.7km  →  International (+16.1°, +62.7°)  batt=100.0%
[ep= 175 step=100 t=10.83h]  lat=-37.034° lon= +54.315° alt=687.4km  →  International (-37.0°, +54.3°)  batt=100.0%
[ep= 175 step=120 t=11.71h]  lat=+48.777° lon=-128.817° alt=694.5km  →  International (+48.8°, -128.8°)  batt= 99.8%
[ep= 175 step=140 t=15.82h]  lat=-52.958° lon= +49.834° alt=693.0km  →  International (-53.0°, +49.8°)  batt=100.0%
[ep= 175 step=160 t=17.38h]  lat=-33.548° lon= +55.328° alt=685.9km  →  International (-33.5°, +55.3°)  batt=100.0%
[ep= 175 step=180 t=19.34h]  lat=-72.701° lon= -92.147° alt=701.2km  →  International (-72.7°, -92.1°)  batt=100.0%
[ep= 175 step=200 t=22.79h]  lat=-37.077° lon=-112.916° alt=692.8km  →  International (-37.1°, -112.9°)  batt=100.0%
[ep= 175 step=220 t=27.54h]  lat=-72.839° lon= -91.550° alt=701.4km  →  International (-72.8°, -91.6°)  batt=100.0%
[ep= 175 step=240 t=29.36h]  lat=-35.747° lon=-112.933° alt=692.7km  →  International (-35.7°, -112.9°)  batt=100.0%
[ep= 175 step=260 t=32.48h]  lat=-70.312° lon= -95.341° alt=701.1km  →  International (-70.3°, -95.3°)  batt=100.0%
[ep= 175 step=280 t=34.19h]  lat=-54.453° lon=-107.154° alt=697.9km  →  International (-54.5°, -107.2°)  batt=100.0%
[ep= 175 step=300 t=35.81h]  lat=-59.418° lon=-104.652° alt=699.0km  →  International (-59.4°, -104.7°)  batt=100.0%
[ep= 175 step=320 t=39.62h]  lat=+56.666° lon=-130.802° alt=696.5km  →  International (+56.7°, -130.8°)  batt= 99.8%
[ep= 175 step=340 t=41.96h]  lat=-29.479° lon= +57.140° alt=684.3km  →  International (-29.5°, +57.1°)  batt=100.0%
[ep= 175 step=360 t=44.99h]  lat=+24.490° lon= +65.557° alt=681.9km  →  International (+24.5°, +65.6°)  batt=100.0%
[ep= 176 step= 20 t= 3.39h]  lat=+24.321° lon=-123.529° alt=688.7km  →  International (+24.3°, -123.5°)  batt= 99.5%
[ep= 176 step= 40 t= 6.85h]  lat=+62.537° lon=-135.528° alt=697.9km  →  International (+62.5°, -135.5°)  batt= 99.4%
[ep= 176 step= 60 t=12.24h]  lat=+12.888° lon= +62.365° alt=679.6km  →  International (+12.9°, +62.4°)  batt= 98.2%
[ep= 176 step= 80 t=17.25h]  lat= -6.377° lon= +59.811° alt=679.4km  →  International (-6.4°, +59.8°)   batt= 99.2%
[ep= 176 step=100 t=18.13h]  lat=+18.323° lon=-121.933° alt=687.5km  →  International (+18.3°, -121.9°)  batt=100.0%
[ep= 176 step=120 t=19.12h]  lat=-57.255° lon= +48.075° alt=694.5km  →  International (-57.3°, +48.1°)  batt= 99.8%
[ep= 176 step=140 t=20.60h]  lat=-21.027° lon= +57.735° alt=681.9km  →  International (-21.0°, +57.7°)  batt= 99.5%
[ep= 176 step=160 t=20.77h]  lat=-58.761° lon= +47.360° alt=694.9km  →  International (-58.8°, +47.4°)  batt= 99.5%
[ep= 176 step=180 t=23.90h]  lat=-25.355° lon= +57.144° alt=682.9km  →  International (-25.4°, +57.1°)  batt= 99.8%
[ep= 176 step=200 t=26.34h]  lat=+21.255° lon=-122.064° alt=688.4km  →  International (+21.3°, -122.1°)  batt= 98.6%
[ep= 176 step=220 t=30.77h]  lat=-80.761° lon= -58.214° alt=701.7km  →  International (-80.8°, -58.2°)  batt= 98.6%
[ep= 176 step=240 t=32.66h]  lat=-30.083° lon=-113.938° alt=691.2km  →  International (-30.1°, -113.9°)  batt= 98.8%
[ep= 176 step=260 t=34.21h]  lat=-50.103° lon=-108.825° alt=696.8km  →  International (-50.1°, -108.8°)  batt= 98.5%
[ep= 176 step=280 t=35.76h]  lat=-69.501° lon= -96.253° alt=701.1km  →  International (-69.5°, -96.3°)  batt= 99.6%
[ep= 176 step=300 t=36.04h]  lat= -8.822° lon=-117.244° alt=687.4km  →  International (-8.8°, -117.2°)  batt= 99.5%
[ep= 176 step=320 t=38.58h]  lat= -7.216° lon= +60.574° alt=678.9km  →  International (-7.2°, +60.6°)   batt=100.0%
[ep= 176 step=340 t=43.01h]  lat=+77.428° lon=-157.623° alt=699.5km  →  International (+77.4°, -157.6°)  batt=100.0%
[ep= 176 step=360 t=43.60h]  lat=-30.069° lon= +57.109° alt=684.3km  →  International (-30.1°, +57.1°)  batt= 99.9%
[ep= 176 step=380 t=44.12h]  lat=-34.318° lon=-112.620° alt=692.3km  →  International (-34.3°, -112.6°)  batt=100.0%
[ep= 176 step=400 t=46.90h]  lat=-34.377° lon= +56.388° alt=685.6km  →  International (-34.4°, +56.4°)  batt= 99.9%
[ep= 176 step=420 t=47.74h]  lat=+38.951° lon=-124.591° alt=692.3km  →  International (+39.0°, -124.6°)  batt= 99.8%
[ep= 177 step= 20 t= 4.13h]  lat= -5.423° lon= +59.400° alt=679.9km  →  International (-5.4°, +59.4°)   batt= 99.8%
[ep= 177 step= 40 t= 4.29h]  lat=-41.715° lon= +52.921° alt=689.0km  →  International (-41.7°, +52.9°)  batt= 99.8%
[ep= 177 step= 60 t= 5.75h]  lat= -2.115° lon= +59.937° alt=679.6km  →  International (-2.1°, +59.9°)   batt= 99.9%
[ep= 177 step= 80 t= 5.92h]  lat=-38.450° lon= +53.783° alt=687.7km  →  International (-38.4°, +53.8°)  batt= 99.8%
[ep= 177 step=100 t= 7.46h]  lat=-17.036° lon= +57.818° alt=681.3km  →  International (-17.0°, +57.8°)  batt= 99.8%
[ep= 177 step=120 t= 7.99h]  lat=-45.411° lon=-111.406° alt=694.7km  →  International (-45.4°, -111.4°)  batt=100.0%
[ep= 177 step=140 t=13.07h]  lat=-11.863° lon=-117.757° alt=687.1km  →  International (-11.9°, -117.8°)  batt=100.0%
[ep= 177 step=160 t=16.23h]  lat=-36.565° lon=-113.298° alt=692.5km  →  International (-36.6°, -113.3°)  batt=100.0%
[ep= 177 step=180 t=16.69h]  lat=+61.551° lon=-134.473° alt=697.7km  →  International (+61.6°, -134.5°)  batt=100.0%
[ep= 177 step=200 t=17.91h]  lat=-28.397° lon=-114.867° alt=690.4km  →  International (-28.4°, -114.9°)  batt=100.0%
[ep= 177 step=220 t=18.03h]  lat= -2.966° lon=-118.835° alt=686.4km  →  International (-3.0°, -118.8°)  batt=100.0%
[ep= 177 step=240 t=18.89h]  lat= -7.261° lon= +59.745° alt=679.4km  →  International (-7.3°, +59.7°)   batt= 99.9%
[ep= 177 step=260 t=23.01h]  lat=+10.795° lon=-120.598° alt=686.9km  →  International (+10.8°, -120.6°)  batt=100.0%
[ep= 177 step=280 t=27.45h]  lat=-80.945° lon=  -1.605° alt=701.2km  →  International (-80.9°, -1.6°)   batt=100.0%
[ep= 177 step=300 t=28.81h]  lat=-23.848° lon= +57.599° alt=682.8km  →  International (-23.8°, +57.6°)  batt= 99.8%
[ep= 177 step=320 t=29.98h]  lat=+77.257° lon=+100.038° alt=698.5km  →  International (+77.3°, +100.0°)  batt=100.0%
[ep= 177 step=340 t=32.09h]  lat=-24.530° lon= +57.618° alt=682.8km  →  International (-24.5°, +57.6°)  batt= 99.8%
[ep= 177 step=360 t=35.19h]  lat=+14.882° lon= +63.610° alt=679.9km  →  International (+14.9°, +63.6°)  batt= 99.9%
[ep= 177 step=380 t=38.97h]  lat=-81.141° lon= -53.040° alt=701.7km  →  International (-81.1°, -53.0°)  batt=100.0%
[ep= 177 step=400 t=42.44h]  lat=-43.205° lon=-110.599° alt=694.9km  →  International (-43.2°, -110.6°)  batt=100.0%
[ep= 177 step=420 t=42.61h]  lat= -7.000° lon=-117.243° alt=687.1km  →  International (-7.0°, -117.2°)  batt=100.0%
[ep= 177 step=440 t=44.09h]  lat=-41.071° lon=-111.085° alt=694.4km  →  International (-41.1°, -111.1°)  batt=100.0%
[ep= 177 step=460 t=46.93h]  lat=-40.223° lon= +55.057° alt=687.8km  →  International (-40.2°, +55.1°)  batt= 99.8%
[ep= 178 step= 20 t= 4.23h]  lat=-29.092° lon= +55.654° alt=684.2km  →  International (-29.1°, +55.7°)  batt=100.0%
[ep= 178 step= 40 t= 7.36h]  lat= +4.841° lon= +60.988° alt=679.2km  →  International (+4.8°, +61.0°)   batt= 99.6%
[ep= 178 step= 60 t=12.43h]  lat=-28.957° lon= +56.014° alt=684.0km  →  International (-29.0°, +56.0°)  batt= 98.6%
[ep= 178 step= 80 t=14.60h]  lat=-35.077° lon=-113.692° alt=692.4km  →  International (-35.1°, -113.7°)  batt= 99.8%
[ep= 178 step=100 t=15.43h]  lat=+32.245° lon= +65.758° alt=684.1km  →  International (+32.2°, +65.8°)  batt=100.0%
[ep= 178 step=120 t=19.01h]  lat=-32.116° lon= +55.683° alt=685.2km  →  International (-32.1°, +55.7°)  batt=100.0%
[ep= 178 step=140 t=22.18h]  lat= -9.155° lon= +59.604° alt=679.7km  →  International (-9.2°, +59.6°)   batt= 99.1%
[ep= 178 step=160 t=22.35h]  lat=-45.396° lon= +52.662° alt=690.0km  →  International (-45.4°, +52.7°)  batt= 99.0%
[ep= 178 step=180 t=24.18h]  lat=-81.748° lon= -16.600° alt=701.3km  →  International (-81.7°, -16.6°)  batt= 99.3%
[ep= 178 step=200 t=28.85h]  lat=-32.330° lon= +56.044° alt=685.0km  →  International (-32.3°, +56.0°)  batt=100.0%
[ep= 178 step=220 t=32.96h]  lat=+33.963° lon=-124.120° alt=691.2km  →  International (+34.0°, -124.1°)  batt= 99.6%
[ep= 178 step=240 t=35.79h]  lat=-62.807° lon=-102.525° alt=699.9km  →  International (-62.8°, -102.5°)  batt= 99.7%
[ep= 178 step=260 t=38.27h]  lat=+58.044° lon= +74.696° alt=692.6km  →  International (+58.0°, +74.7°)  batt=100.0%
[ep= 178 step=280 t=41.39h]  lat=+80.672° lon=-177.858° alt=699.8km  →  International (+80.7°, -177.9°)  batt= 98.8%
[ep= 178 step=300 t=45.16h]  lat=-12.074° lon= +60.121° alt=679.8km  →  International (-12.1°, +60.1°)  batt= 97.8%
[ep= 178 step=320 t=45.33h]  lat=-48.266° lon= +52.729° alt=691.1km  →  International (-48.3°, +52.7°)  batt= 97.7%
[ep= 178 step=340 t=46.65h]  lat=+21.008° lon= +65.036° alt=680.8km  →  International (+21.0°, +65.0°)  batt= 97.9%
[ep= 178 step=360 t=47.04h]  lat=-63.302° lon= +45.575° alt=696.5km  →  International (-63.3°, +45.6°)  batt= 99.9%
[ep= 179 step= 20 t= 4.43h]  lat=-71.474° lon= +35.171° alt=699.0km  →  International (-71.5°, +35.2°)  batt= 99.8%
[ep= 179 step= 40 t= 8.56h]  lat=+76.017° lon=-154.307° alt=699.8km  →  International (+76.0°, -154.3°)  batt= 99.3%
[ep= 179 step= 60 t=13.86h]  lat=+18.087° lon= +63.228° alt=681.1km  →  International (+18.1°, +63.2°)  batt= 97.6%
[ep= 179 step= 80 t=15.63h]  lat=-11.416° lon= +59.010° alt=680.3km  →  International (-11.4°, +59.0°)  batt= 96.7%
[ep= 179 step=100 t=15.80h]  lat=-47.615° lon= +51.726° alt=691.0km  →  International (-47.6°, +51.7°)  batt= 96.6%
[ep= 179 step=120 t=17.34h]  lat=-26.307° lon= +56.704° alt=683.6km  →  International (-26.3°, +56.7°)  batt= 95.8%
[ep= 179 step=140 t=18.19h]  lat=+32.731° lon=-124.468° alt=690.5km  →  International (+32.7°, -124.5°)  batt= 95.3%
[ep= 179 step=160 t=22.62h]  lat=-72.117° lon= -93.030° alt=701.1km  →  International (-72.1°, -93.0°)  batt= 93.1%
[ep= 179 step=180 t=26.09h]  lat=-32.801° lon=-113.679° alt=691.7km  →  International (-32.8°, -113.7°)  batt= 99.8%
[ep= 179 step=200 t=26.26h]  lat= +3.521° lon=-119.409° alt=686.4km  →  International (+3.5°, -119.4°)  batt= 99.7%
[ep= 179 step=220 t=28.42h]  lat=+61.802° lon= +76.499° alt=694.1km  →  International (+61.8°, +76.5°)  batt=100.0%
[ep= 179 step=240 t=32.53h]  lat=-58.289° lon=-105.400° alt=698.8km  →  International (-58.3°, -105.4°)  batt= 98.9%
[ep= 179 step=260 t=35.42h]  lat=-33.582° lon= +56.076° alt=686.0km  →  International (-33.6°, +56.1°)  batt= 97.5%
[ep= 179 step=280 t=36.90h]  lat= +0.646° lon= +61.624° alt=679.1km  →  International (+0.6°, +61.6°)   batt= 96.7%
[ep= 179 step=300 t=42.29h]  lat=-74.940° lon= -86.483° alt=701.7km  →  International (-74.9°, -86.5°)  batt= 93.8%
[ep= 179 step=320 t=46.72h]  lat= +5.940° lon= +62.782° alt=678.9km  →  International (+5.9°, +62.8°)   batt= 94.8%
[ep= 180 step= 20 t= 4.22h]  lat=-25.437° lon= +56.314° alt=683.7km  →  International (-25.4°, +56.3°)  batt= 99.9%
[ep= 180 step= 40 t= 7.47h]  lat=-18.828° lon= +57.542° alt=682.0km  →  International (-18.8°, +57.5°)  batt= 99.9%
[ep= 180 step= 60 t= 7.64h]  lat=-56.628° lon= +47.901° alt=694.5km  →  International (-56.6°, +47.9°)  batt=100.0%
[ep= 180 step= 80 t=11.43h]  lat=-12.228° lon=-117.768° alt=686.8km  →  International (-12.2°, -117.8°)  batt=100.0%
[ep= 180 step=100 t=16.82h]  lat=+81.869° lon=+142.981° alt=700.0km  →  International (+81.9°, +143.0°)  batt=100.0%
[ep= 180 step=120 t=20.28h]  lat=+47.522° lon= +69.737° alt=689.7km  →  International (+47.5°, +69.7°)  batt= 99.9%
[ep= 180 step=140 t=23.41h]  lat=+78.746° lon=+106.345° alt=698.9km  →  International (+78.7°, +106.3°)  batt=100.0%
[ep= 180 step=160 t=26.54h]  lat=+64.574° lon=-136.232° alt=698.4km  →  International (+64.6°, -136.2°)  batt=100.0%
[ep= 180 step=180 t=30.48h]  lat=-28.938° lon= +56.773° alt=684.5km  →  International (-28.9°, +56.8°)  batt= 99.5%
[ep= 180 step=200 t=30.98h]  lat=-40.843° lon=-111.685° alt=693.7km  →  International (-40.8°, -111.7°)  batt=100.0%
[ep= 180 step=220 t=34.76h]  lat=+67.840° lon=-138.912° alt=698.8km  →  International (+67.8°, -138.9°)  batt=100.0%
[ep= 180 step=240 t=35.37h]  lat=-22.681° lon= +58.071° alt=682.4km  →  International (-22.7°, +58.1°)  batt= 99.9%
[ep= 180 step=260 t=36.21h]  lat=+27.309° lon=-122.695° alt=689.4km  →  International (+27.3°, -122.7°)  batt=100.0%
[ep= 180 step=280 t=40.33h]  lat=-30.932° lon= +56.803° alt=684.8km  →  International (-30.9°, +56.8°)  batt= 99.9%
[ep= 180 step=300 t=44.09h]  lat=-41.803° lon=-110.900° alt=694.4km  →  International (-41.8°, -110.9°)  batt=100.0%
[ep= 180 step=320 t=44.26h]  lat= -5.578° lon=-117.376° alt=686.9km  →  International (-5.6°, -117.4°)  batt=100.0%
[ep= 180 step=340 t=47.41h]  lat=-33.932° lon=-112.569° alt=692.4km  →  International (-33.9°, -112.6°)  batt=100.0%
[ep= 180 step=360 t=47.58h]  lat= +2.377° lon=-118.367° alt=686.8km  →  International (+2.4°, -118.4°)  batt=100.0%
[ep= 181 step= 20 t= 4.34h]  lat=-52.439° lon= +49.569° alt=693.1km  →  International (-52.4°, +49.6°)  batt= 99.1%
[ep= 181 step= 40 t= 5.87h]  lat=-27.581° lon= +56.001° alt=684.4km  →  International (-27.6°, +56.0°)  batt= 98.3%
[ep= 181 step= 60 t= 6.38h]  lat=-40.386° lon=-112.813° alt=693.1km  →  International (-40.4°, -112.8°)  batt= 98.2%
[ep= 181 step= 80 t= 8.68h]  lat=+72.835° lon= +87.661° alt=697.9km  →  International (+72.8°, +87.7°)  batt= 99.3%
[ep= 181 step=100 t=10.67h]  lat= -1.292° lon= +60.260° alt=679.5km  →  International (-1.3°, +60.3°)   batt= 99.2%
[ep= 181 step=120 t=10.86h]  lat=-43.038° lon= +52.850° alt=689.3km  →  International (-43.0°, +52.8°)  batt= 99.1%
[ep= 181 step=140 t=15.58h]  lat= -0.463° lon= +60.580° alt=679.4km  →  International (-0.5°, +60.6°)   batt= 97.3%
[ep= 181 step=160 t=17.80h]  lat=-52.387° lon=-108.669° alt=696.8km  →  International (-52.4°, -108.7°)  batt= 99.8%
[ep= 181 step=180 t=19.70h]  lat= +3.401° lon=-119.665° alt=686.2km  →  International (+3.4°, -119.7°)  batt= 99.5%
[ep= 181 step=200 t=22.81h]  lat=-34.055° lon=-113.560° alt=691.9km  →  International (-34.1°, -113.6°)  batt= 99.6%
[ep= 181 step=220 t=26.26h]  lat= +4.746° lon=-119.583° alt=686.3km  →  International (+4.7°, -119.6°)  batt= 98.9%
[ep= 181 step=240 t=28.34h]  lat=+77.092° lon= +99.337° alt=698.6km  →  International (+77.1°, +99.3°)  batt= 98.2%
[ep= 181 step=260 t=32.01h]  lat= -6.866° lon= +60.350° alt=679.7km  →  International (-6.9°, +60.4°)   batt= 96.3%
[ep= 181 step=280 t=32.18h]  lat=-43.141° lon= +53.706° alt=689.3km  →  International (-43.1°, +53.7°)  batt= 96.2%
[ep= 181 step=300 t=33.67h]  lat=-10.852° lon= +59.840° alt=680.0km  →  International (-10.9°, +59.8°)  batt= 95.5%
[ep= 181 step=320 t=33.86h]  lat=-50.635° lon= +51.461° alt=692.0km  →  International (-50.6°, +51.5°)  batt= 95.4%
[ep= 181 step=340 t=35.46h]  lat=-42.017° lon= +54.139° alt=688.8km  →  International (-42.0°, +54.1°)  batt= 95.0%
[ep= 181 step=360 t=38.60h]  lat=-11.854° lon= +59.897° alt=680.1km  →  International (-11.9°, +59.9°)  batt=100.0%
[ep= 181 step=380 t=43.34h]  lat=+27.221° lon= +65.975° alt=682.5km  →  International (+27.2°, +66.0°)  batt= 97.7%
[ep= 182 step= 20 t= 4.13h]  lat= -5.422° lon= +59.400° alt=679.9km  →  International (-5.4°, +59.4°)   batt= 99.0%
[ep= 182 step= 40 t= 4.29h]  lat=-41.715° lon= +52.922° alt=689.0km  →  International (-41.7°, +52.9°)  batt= 98.9%
[ep= 182 step= 60 t= 7.40h]  lat= -4.280° lon= +59.696° alt=679.7km  →  International (-4.3°, +59.7°)   batt= 98.6%
[ep= 182 step= 80 t= 9.22h]  lat=-42.729° lon= +52.858° alt=689.1km  →  International (-42.7°, +52.9°)  batt= 99.7%
[ep= 182 step=100 t=11.22h]  lat=-55.424° lon=-107.678° alt=697.6km  →  International (-55.4°, -107.7°)  batt= 99.9%
[ep= 182 step=120 t=14.69h]  lat=-15.160° lon=-117.198° alt=687.5km  →  International (-15.2°, -117.2°)  batt= 99.7%
[ep= 182 step=140 t=16.30h]  lat=-22.089° lon=-116.035° alt=688.8km  →  International (-22.1°, -116.0°)  batt= 99.6%
[ep= 182 step=160 t=16.44h]  lat= +8.225° lon=-120.499° alt=686.4km  →  International (+8.2°, -120.5°)  batt= 99.6%
[ep= 182 step=180 t=17.93h]  lat=-25.376° lon=-115.410° alt=689.6km  →  International (-25.4°, -115.4°)  batt= 99.9%
[ep= 182 step=200 t=22.66h]  lat=-65.932° lon=-100.578° alt=700.2km  →  International (-65.9°, -100.6°)  batt=100.0%
[ep= 182 step=220 t=27.87h]  lat= -2.146° lon=-118.549° alt=686.2km  →  International (-2.1°, -118.5°)  batt= 98.9%
[ep= 182 step=240 t=30.34h]  lat= +0.696° lon= +61.346° alt=679.1km  →  International (+0.7°, +61.3°)   batt= 98.8%
[ep= 182 step=260 t=30.51h]  lat=-35.672° lon= +55.416° alt=686.5km  →  International (-35.7°, +55.4°)  batt= 98.8%
[ep= 182 step=280 t=32.31h]  lat=-71.196° lon= +36.736° alt=698.8km  →  International (-71.2°, +36.7°)  batt= 98.9%
[ep= 182 step=300 t=35.51h]  lat=-52.827° lon= +50.693° alt=692.8km  →  International (-52.8°, +50.7°)  batt= 99.3%
[ep= 182 step=320 t=40.04h]  lat=+31.428° lon= +66.611° alt=683.8km  →  International (+31.4°, +66.6°)  batt=100.0%
[ep= 182 step=340 t=40.89h]  lat=-24.887° lon=-114.552° alt=689.9km  →  International (-24.9°, -114.6°)  batt= 99.8%
[ep= 182 step=360 t=41.06h]  lat=+13.296° lon=-120.232° alt=687.2km  →  International (+13.3°, -120.2°)  batt= 99.7%
[ep= 182 step=380 t=42.56h]  lat=-17.289° lon=-115.723° alt=688.4km  →  International (-17.3°, -115.7°)  batt= 99.9%
[ep= 182 step=400 t=43.41h]  lat=+12.566° lon= +63.593° alt=679.3km  →  International (+12.6°, +63.6°)  batt=100.0%
[ep= 182 step=420 t=44.23h]  lat=-11.494° lon=-116.531° alt=687.6km  →  International (-11.5°, -116.5°)  batt= 99.8%
[ep= 182 step=440 t=46.42h]  lat=+69.085° lon= +83.667° alt=696.2km  →  International (+69.1°, +83.7°)  batt= 99.8%
[ep= 183 step= 20 t= 1.06h]  lat=-51.793° lon= +49.674° alt=692.6km  →  International (-51.8°, +49.7°)  batt=100.0%
[ep= 183 step= 40 t= 2.58h]  lat=-26.923° lon= +55.980° alt=683.9km  →  International (-26.9°, +56.0°)  batt= 99.7%
[ep= 183 step= 60 t= 2.75h]  lat=-62.682° lon= +44.192° alt=696.3km  →  International (-62.7°, +44.2°)  batt=100.0%
[ep= 183 step= 80 t= 6.87h]  lat=+65.968° lon=-138.246° alt=698.6km  →  International (+66.0°, -138.2°)  batt=100.0%
[ep= 183 step=100 t= 9.66h]  lat=-39.698° lon=-112.850° alt=693.4km  →  International (-39.7°, -112.8°)  batt=100.0%
[ep= 183 step=120 t=13.75h]  lat=+41.637° lon= +67.802° alt=687.6km  →  International (+41.6°, +67.8°)  batt= 99.9%
[ep= 183 step=140 t=17.21h]  lat= +2.825° lon= +61.111° alt=678.9km  →  International (+2.8°, +61.1°)   batt= 99.8%
[ep= 183 step=160 t=21.33h]  lat= +2.549° lon=-119.480° alt=686.6km  →  International (+2.5°, -119.5°)  batt=100.0%
[ep= 183 step=180 t=23.97h]  lat=-40.306° lon= +54.090° alt=688.2km  →  International (-40.3°, +54.1°)  batt=100.0%
[ep= 183 step=200 t=25.58h]  lat=-35.225° lon= +55.317° alt=686.4km  →  International (-35.2°, +55.3°)  batt=100.0%
[ep= 183 step=220 t=26.42h]  lat=+38.006° lon=-125.264° alt=691.9km  →  International (+38.0°, -125.3°)  batt=100.0%
[ep= 183 step=240 t=27.24h]  lat=-39.168° lon= +54.498° alt=687.7km  →  International (-39.2°, +54.5°)  batt=100.0%
[ep= 183 step=260 t=28.73h]  lat= -6.823° lon= +60.216° alt=679.4km  →  International (-6.8°, +60.2°)   batt= 99.8%
[ep= 183 step=280 t=30.44h]  lat=-21.734° lon= +58.020° alt=681.9km  →  International (-21.7°, +58.0°)  batt= 99.7%
[ep= 183 step=300 t=30.62h]  lat=-59.445° lon= +47.378° alt=695.0km  →  International (-59.4°, +47.4°)  batt=100.0%
[ep= 183 step=320 t=34.39h]  lat=-11.150° lon=-116.980° alt=687.6km  →  International (-11.2°, -117.0°)  batt=100.0%
[ep= 183 step=340 t=37.55h]  lat=-37.665° lon=-112.172° alt=693.3km  →  International (-37.7°, -112.2°)  batt=100.0%
[ep= 183 step=360 t=39.14h]  lat=-49.284° lon=-108.908° alt=696.5km  →  International (-49.3°, -108.9°)  batt=100.0%
[ep= 183 step=380 t=39.28h]  lat=-18.027° lon=-115.734° alt=688.6km  →  International (-18.0°, -115.7°)  batt=100.0%
[ep= 183 step=400 t=40.75h]  lat=-55.460° lon=-106.436° alt=698.2km  →  International (-55.5°, -106.4°)  batt=100.0%
[ep= 183 step=420 t=44.23h]  lat=-11.559° lon=-116.512° alt=687.9km  →  International (-11.6°, -116.5°)  batt=100.0%
[ep= 184 step= 20 t= 4.67h]  lat=-54.974° lon=-108.152° alt=697.3km  →  International (-55.0°, -108.2°)  batt= 99.7%
[ep= 184 step= 40 t= 6.48h]  lat=-16.838° lon=-117.278° alt=687.6km  →  International (-16.8°, -117.3°)  batt= 99.6%
[ep= 184 step= 60 t= 7.66h]  lat=-60.188° lon= +45.998° alt=695.3km  →  International (-60.2°, +46.0°)  batt= 99.8%
[ep= 184 step= 80 t= 8.15h]  lat=-11.038° lon=-118.082° alt=686.9km  →  International (-11.0°, -118.1°)  batt= 99.6%
[ep= 184 step=100 t= 9.63h]  lat=-45.055° lon=-111.443° alt=694.9km  →  International (-45.1°, -111.4°)  batt= 99.6%
[ep= 184 step=120 t=14.38h]  lat=-79.244° lon= -71.206° alt=701.6km  →  International (-79.2°, -71.2°)  batt= 99.6%
[ep= 184 step=140 t=17.81h]  lat=-50.528° lon=-109.364° alt=696.3km  →  International (-50.5°, -109.4°)  batt= 97.8%
[ep= 184 step=160 t=24.16h]  lat=-79.237° lon= +12.817° alt=700.7km  →  International (-79.2°, +12.8°)  batt= 94.7%
[ep= 184 step=180 t=29.23h]  lat=-64.031° lon=-101.896° alt=699.8km  →  International (-64.0°, -101.9°)  batt= 97.9%
[ep= 184 step=200 t=32.04h]  lat=-13.091° lon= +59.427° alt=679.9km  →  International (-13.1°, +59.4°)  batt= 99.8%
[ep= 184 step=220 t=36.80h]  lat=+22.329° lon= +64.845° alt=681.2km  →  International (+22.3°, +64.8°)  batt=100.0%
[ep= 184 step=240 t=40.24h]  lat=-12.984° lon= +59.782° alt=680.1km  →  International (-13.0°, +59.8°)  batt= 99.2%
[ep= 184 step=260 t=40.82h]  lat=-40.442° lon=-111.390° alt=693.9km  →  International (-40.4°, -111.4°)  batt= 98.9%
[ep= 184 step=280 t=43.56h]  lat=-20.949° lon= +58.679° alt=681.8km  →  International (-20.9°, +58.7°)  batt= 97.5%
[ep= 184 step=300 t=43.73h]  lat=-58.686° lon= +48.329° alt=694.9km  →  International (-58.7°, +48.3°)  batt= 97.4%
[ep= 184 step=320 t=46.83h]  lat=-19.824° lon= +58.995° alt=681.3km  →  International (-19.8°, +59.0°)  batt= 95.8%
[ep= 184 step=340 t=47.99h]  lat=+80.988° lon=+125.235° alt=699.0km  →  International (+81.0°, +125.2°)  batt= 95.2%
[ep= 185 step= 20 t= 4.39h]  lat=-63.028° lon= +44.029° alt=696.3km  →  International (-63.0°, +44.0°)  batt=100.0%
[ep= 185 step= 40 t= 8.18h]  lat= -3.756° lon=-119.129° alt=686.4km  →  International (-3.8°, -119.1°)  batt=100.0%
[ep= 185 step= 60 t=11.04h]  lat=-79.811° lon=  +8.441° alt=700.8km  →  International (-79.8°, +8.4°)   batt=100.0%
[ep= 185 step= 80 t=15.47h]  lat=+24.945° lon= +64.417° alt=682.1km  →  International (+24.9°, +64.4°)  batt= 99.8%
[ep= 185 step=100 t=17.78h]  lat=-57.593° lon=-106.373° alt=698.4km  →  International (-57.6°, -106.4°)  batt=100.0%
[ep= 185 step=120 t=19.01h]  lat=-32.168° lon= +55.679° alt=685.3km  →  International (-32.2°, +55.7°)  batt=100.0%
[ep= 185 step=140 t=20.51h]  lat= -1.585° lon= +60.626° alt=679.1km  →  International (-1.6°, +60.6°)   batt= 99.8%
[ep= 185 step=160 t=20.68h]  lat=-37.930° lon= +54.521° alt=687.3km  →  International (-37.9°, +54.5°)  batt=100.0%
[ep= 185 step=180 t=21.96h]  lat=+39.872° lon= +67.705° alt=686.7km  →  International (+39.9°, +67.7°)  batt= 99.9%
[ep= 185 step=200 t=22.25h]  lat=-23.787° lon= +57.343° alt=682.6km  →  International (-23.8°, +57.3°)  batt=100.0%
[ep= 185 step=220 t=23.40h]  lat=+79.842° lon=+113.206° alt=699.0km  →  International (+79.8°, +113.2°)  batt=100.0%
[ep= 185 step=240 t=23.89h]  lat=-24.134° lon= +57.352° alt=682.6km  →  International (-24.1°, +57.4°)  batt=100.0%
[ep= 185 step=260 t=25.50h]  lat=-17.209° lon= +58.543° alt=680.7km  →  International (-17.2°, +58.5°)  batt=100.0%
[ep= 185 step=280 t=27.67h]  lat=-46.699° lon=-110.214° alt=695.7km  →  International (-46.7°, -110.2°)  batt=100.0%
[ep= 185 step=300 t=31.44h]  lat=+60.486° lon=-133.184° alt=697.5km  →  International (+60.5°, -133.2°)  batt=100.0%
[ep= 185 step=320 t=32.69h]  lat=-24.060° lon=-115.021° alt=689.8km  →  International (-24.1°, -115.0°)  batt=100.0%
[ep= 185 step=340 t=34.21h]  lat=-51.303° lon=-108.398° alt=697.1km  →  International (-51.3°, -108.4°)  batt=100.0%
[ep= 185 step=360 t=35.76h]  lat=-68.957° lon= -96.916° alt=701.0km  →  International (-69.0°, -96.9°)  batt=100.0%
[ep= 185 step=380 t=37.67h]  lat=-12.126° lon=-116.696° alt=687.9km  →  International (-12.1°, -116.7°)  batt=100.0%
[ep= 185 step=400 t=41.98h]  lat=-35.143° lon= +56.021° alt=686.1km  →  International (-35.1°, +56.0°)  batt=100.0%
[ep= 185 step=420 t=43.57h]  lat=-22.794° lon= +58.395° alt=682.1km  →  International (-22.8°, +58.4°)  batt=100.0%
[ep= 185 step=440 t=44.73h]  lat=+79.332° lon=+110.591° alt=698.6km  →  International (+79.3°, +110.6°)  batt=100.0%
[ep= 185 step=460 t=46.86h]  lat=-25.299° lon= +58.104° alt=682.7km  →  International (-25.3°, +58.1°)  batt=100.0%
[ep= 185 step=480 t=47.03h]  lat=-62.869° lon= +45.905° alt=696.2km  →  International (-62.9°, +45.9°)  batt=100.0%
[ep= 186 step= 20 t= 5.71h]  lat= +7.014° lon= +61.236° alt=679.6km  →  International (+7.0°, +61.2°)   batt=100.0%
[ep= 186 step= 40 t= 6.55h]  lat= -2.308° lon=-119.400° alt=686.1km  →  International (-2.3°, -119.4°)  batt= 99.9%
[ep= 186 step= 60 t= 8.03h]  lat=-36.441° lon=-113.659° alt=692.4km  →  International (-36.4°, -113.7°)  batt=100.0%
[ep= 186 step= 80 t=12.79h]  lat=-70.642° lon= -95.691° alt=700.9km  →  International (-70.6°, -95.7°)  batt=100.0%
[ep= 186 step=100 t=17.87h]  lat=-38.058° lon=-112.888° alt=692.7km  →  International (-38.1°, -112.9°)  batt=100.0%
[ep= 186 step=120 t=18.97h]  lat=-23.008° lon= +57.339° alt=682.8km  →  International (-23.0°, +57.3°)  batt= 99.9%
[ep= 186 step=140 t=19.48h]  lat=-44.909° lon=-111.071° alt=694.7km  →  International (-44.9°, -111.1°)  batt= 99.8%
[ep= 186 step=160 t=23.89h]  lat=-24.020° lon= +57.374° alt=682.9km  →  International (-24.0°, +57.4°)  batt=100.0%
[ep= 186 step=180 t=27.02h]  lat= +9.942° lon= +62.544° alt=679.6km  →  International (+9.9°, +62.5°)   batt=100.0%
[ep= 186 step=200 t=29.44h]  lat=-18.233° lon=-116.102° alt=688.3km  →  International (-18.2°, -116.1°)  batt=100.0%
[ep= 186 step=220 t=29.53h]  lat= +1.776° lon=-119.025° alt=686.4km  →  International (+1.8°, -119.0°)  batt= 99.9%
[ep= 186 step=240 t=33.96h]  lat=-71.994° lon= +35.571° alt=699.2km  →  International (-72.0°, +35.6°)  batt=100.0%
[ep= 186 step=260 t=37.12h]  lat=-48.334° lon= +52.386° alt=691.3km  →  International (-48.3°, +52.4°)  batt=100.0%
[ep= 186 step=280 t=39.47h]  lat=+22.575° lon=-121.735° alt=688.3km  →  International (+22.6°, -121.7°)  batt= 99.9%
[ep= 186 step=300 t=41.93h]  lat=-24.065° lon= +58.115° alt=682.9km  →  International (-24.1°, +58.1°)  batt=100.0%
[ep= 186 step=320 t=43.40h]  lat=+13.863° lon= +63.807° alt=679.9km  →  International (+13.9°, +63.8°)  batt=100.0%
[ep= 186 step=340 t=48.00h]  lat=+80.163° lon=+116.753° alt=699.0km  →  International (+80.2°, +116.8°)  batt=100.0%
[ep= 187 step= 20 t= 2.48h]  lat= -5.092° lon= +59.378° alt=679.5km  →  International (-5.1°, +59.4°)   batt=100.0%
[ep= 187 step= 40 t= 2.65h]  lat=-41.392° lon= +52.934° alt=688.6km  →  International (-41.4°, +52.9°)  batt=100.0%
[ep= 187 step= 60 t= 4.27h]  lat=-36.324° lon= +54.195° alt=686.6km  →  International (-36.3°, +54.2°)  batt=100.0%
[ep= 187 step= 80 t= 6.99h]  lat=+80.739° lon=+120.579° alt=699.6km  →  International (+80.7°, +120.6°)  batt=100.0%
[ep= 187 step=100 t=11.27h]  lat=-46.541° lon=-110.943° alt=695.4km  →  International (-46.5°, -110.9°)  batt= 99.5%
[ep= 187 step=120 t=13.08h]  lat= -8.227° lon=-118.291° alt=686.9km  →  International (-8.2°, -118.3°)  batt= 99.9%
[ep= 187 step=140 t=14.57h]  lat=-42.286° lon=-111.999° alt=694.3km  →  International (-42.3°, -112.0°)  batt=100.0%
[ep= 187 step=160 t=14.73h]  lat= -6.066° lon=-118.533° alt=686.8km  →  International (-6.1°, -118.5°)  batt= 99.9%
[ep= 187 step=180 t=15.90h]  lat=-68.661° lon= +39.387° alt=698.0km  →  International (-68.7°, +39.4°)  batt=100.0%
[ep= 187 step=200 t=20.32h]  lat=+40.280° lon= +67.727° alt=686.9km  →  International (+40.3°, +67.7°)  batt=100.0%
[ep= 187 step=220 t=24.44h]  lat=-34.892° lon=-113.327° alt=692.2km  →  International (-34.9°, -113.3°)  batt=100.0%
[ep= 187 step=240 t=25.49h]  lat=-15.288° lon= +58.827° alt=680.6km  →  International (-15.3°, +58.8°)  batt=100.0%
[ep= 187 step=260 t=25.66h]  lat=-51.412° lon= +50.826° alt=692.2km  →  International (-51.4°, +50.8°)  batt=100.0%
[ep= 187 step=280 t=27.15h]  lat=-19.268° lon= +58.275° alt=681.3km  →  International (-19.3°, +58.3°)  batt= 99.8%
[ep= 187 step=300 t=27.32h]  lat=-57.061° lon= +48.490° alt=694.2km  →  International (-57.1°, +48.5°)  batt=100.0%
[ep= 187 step=320 t=32.06h]  lat=-16.641° lon= +58.889° alt=680.6km  →  International (-16.6°, +58.9°)  batt=100.0%
[ep= 187 step=340 t=35.84h]  lat=-52.281° lon=-107.977° alt=697.4km  →  International (-52.3°, -108.0°)  batt= 99.9%
[ep= 187 step=360 t=39.02h]  lat=-73.370° lon= -90.080° alt=701.6km  →  International (-73.4°, -90.1°)  batt= 99.8%
[ep= 187 step=380 t=40.93h]  lat=-15.828° lon=-116.019° alt=688.6km  →  International (-15.8°, -116.0°)  batt= 99.9%
[ep= 187 step=400 t=45.21h]  lat=-22.371° lon= +58.514° alt=682.0km  →  International (-22.4°, +58.5°)  batt=100.0%
[ep= 188 step= 20 t= 5.39h]  lat=+74.456° lon= +90.843° alt=698.2km  →  International (+74.5°, +90.8°)  batt= 98.3%
[ep= 188 step= 40 t=10.78h]  lat=-26.788° lon= +56.341° alt=683.4km  →  International (-26.8°, +56.3°)  batt= 96.3%
[ep= 188 step= 60 t=15.84h]  lat=-56.530° lon= +48.274° alt=694.0km  →  International (-56.5°, +48.3°)  batt= 95.1%
[ep= 188 step= 80 t=19.32h]  lat=-77.230° lon= -80.528° alt=701.5km  →  International (-77.2°, -80.5°)  batt= 99.9%
[ep= 188 step=100 t=22.33h]  lat=-41.787° lon= +53.646° alt=688.7km  →  International (-41.8°, +53.6°)  batt=100.0%
[ep= 188 step=120 t=23.89h]  lat=-24.032° lon= +57.361° alt=682.8km  →  International (-24.0°, +57.4°)  batt= 99.8%
[ep= 188 step=140 t=24.40h]  lat=-43.898° lon=-111.162° alt=694.7km  →  International (-43.9°, -111.2°)  batt= 99.9%
[ep= 188 step=160 t=29.48h]  lat=-10.320° lon=-117.311° alt=687.3km  →  International (-10.3°, -117.3°)  batt= 98.5%
[ep= 188 step=180 t=32.39h]  lat=-81.939° lon= -27.958° alt=701.5km  →  International (-81.9°, -28.0°)  batt= 97.4%
[ep= 188 step=200 t=35.18h]  lat=+17.348° lon= +63.981° alt=680.2km  →  International (+17.3°, +64.0°)  batt= 96.4%
[ep= 188 step=220 t=38.34h]  lat=+45.034° lon= +69.730° alt=688.1km  →  International (+45.0°, +69.7°)  batt= 95.8%
[ep= 188 step=240 t=43.09h]  lat=+79.270° lon=+110.152° alt=698.8km  →  International (+79.3°, +110.2°)  batt= 96.3%
[ep= 188 step=260 t=46.84h]  lat=-20.259° lon= +58.929° alt=681.5km  →  International (-20.3°, +58.9°)  batt= 95.9%
[ep= 188 step=280 t=47.68h]  lat=+24.880° lon=-121.805° alt=689.2km  →  International (+24.9°, -121.8°)  batt= 98.3%
[ep= 189 step= 20 t= 6.03h]  lat=-63.345° lon= +43.867° alt=696.3km  →  International (-63.3°, +43.9°)  batt=100.0%
[ep= 189 step= 40 t=10.48h]  lat=+38.667° lon= +66.941° alt=686.3km  →  International (+38.7°, +66.9°)  batt=100.0%
[ep= 189 step= 60 t=15.56h]  lat= +4.940° lon= +61.343° alt=678.9km  →  International (+4.9°, +61.3°)   batt= 99.9%
[ep= 189 step= 80 t=19.03h]  lat=-37.561° lon= +54.537° alt=687.2km  →  International (-37.6°, +54.5°)  batt= 99.7%
[ep= 189 step=100 t=20.73h]  lat=-50.456° lon= +50.981° alt=692.0km  →  International (-50.5°, +51.0°)  batt= 99.3%
[ep= 189 step=120 t=22.24h]  lat=-21.932° lon= +57.651° alt=682.1km  →  International (-21.9°, +57.7°)  batt=100.0%
[ep= 189 step=140 t=22.41h]  lat=-57.878° lon= +47.889° alt=694.6km  →  International (-57.9°, +47.9°)  batt= 99.9%
[ep= 189 step=160 t=25.34h]  lat=+17.474° lon= +63.603° alt=680.3km  →  International (+17.5°, +63.6°)  batt=100.0%
[ep= 189 step=180 t=25.41h]  lat= +3.500° lon= +61.547° alt=678.8km  →  International (+3.5°, +61.5°)   batt=100.0%
[ep= 189 step=200 t=25.64h]  lat=-48.493° lon= +51.850° alt=691.0km  →  International (-48.5°, +51.9°)  batt=100.0%
[ep= 189 step=220 t=29.89h]  lat=+78.489° lon=-162.807° alt=700.0km  →  International (+78.5°, -162.8°)  batt= 99.6%
[ep= 189 step=240 t=32.40h]  lat=-81.596° lon= -45.225° alt=701.7km  →  International (-81.6°, -45.2°)  batt=100.0%
[ep= 189 step=260 t=34.30h]  lat=-30.414° lon=-113.813° alt=691.4km  →  International (-30.4°, -113.8°)  batt= 99.9%
[ep= 189 step=280 t=38.09h]  lat=+77.507° lon=-158.157° alt=699.7km  →  International (+77.5°, -158.2°)  batt=100.0%
[ep= 189 step=300 t=41.98h]  lat=-34.472° lon= +56.158° alt=685.8km  →  International (-34.5°, +56.2°)  batt= 99.4%
[ep= 189 step=320 t=45.21h]  lat=-22.453° lon= +58.515° alt=682.0km  →  International (-22.5°, +58.5°)  batt=100.0%
[ep= 189 step=340 t=45.37h]  lat=-58.384° lon= +48.576° alt=694.8km  →  International (-58.4°, +48.6°)  batt=100.0%
[ep= 189 step=360 t=46.85h]  lat=-22.794° lon= +58.525° alt=682.0km  →  International (-22.8°, +58.5°)  batt=100.0%
[ep= 189 step=380 t=47.36h]  lat=-43.329° lon=-110.364° alt=695.0km  →  International (-43.3°, -110.4°)  batt=100.0%
[ep= 190 step= 20 t= 4.43h]  lat=-71.455° lon= +35.218° alt=699.1km  →  International (-71.5°, +35.2°)  batt=100.0%
[ep= 190 step= 40 t= 8.22h]  lat= +3.478° lon=-120.153° alt=685.8km  →  International (+3.5°, -120.2°)  batt=100.0%
[ep= 190 step= 60 t= 8.90h]  lat=+26.376° lon= +64.396° alt=683.3km  →  International (+26.4°, +64.4°)  batt= 99.9%
[ep= 190 step= 80 t= 9.14h]  lat=-27.032° lon= +56.234° alt=684.1km  →  International (-27.0°, +56.2°)  batt= 99.8%
[ep= 190 step=100 t= 9.32h]  lat=-64.514° lon= +43.099° alt=697.0km  →  International (-64.5°, +43.1°)  batt=100.0%
[ep= 190 step=120 t=12.38h]  lat=-16.802° lon= +58.061° alt=681.3km  →  International (-16.8°, +58.1°)  batt= 99.8%
[ep= 190 step=140 t=14.12h]  lat=-38.888° lon= +54.026° alt=687.8km  →  International (-38.9°, +54.0°)  batt= 99.8%
[ep= 190 step=160 t=18.50h]  lat=+76.302° lon= +96.284° alt=698.7km  →  International (+76.3°, +96.3°)  batt=100.0%
[ep= 190 step=180 t=21.29h]  lat= -7.817° lon=-118.006° alt=686.7km  →  International (-7.8°, -118.0°)  batt=100.0%
[ep= 190 step=200 t=22.12h]  lat= +4.900° lon= +61.610° alt=679.2km  →  International (+4.9°, +61.6°)   batt= 99.9%
[ep= 190 step=220 t=25.89h]  lat=-74.198° lon= -88.908° alt=701.3km  →  International (-74.2°, -88.9°)  batt=100.0%
[ep= 190 step=240 t=29.34h]  lat=-40.579° lon=-111.821° alt=693.7km  →  International (-40.6°, -111.8°)  batt=100.0%
[ep= 190 step=260 t=30.55h]  lat=-45.763° lon= +52.902° alt=690.4km  →  International (-45.8°, +52.9°)  batt= 99.7%
[ep= 190 step=280 t=32.06h]  lat=-17.151° lon= +58.821° alt=681.3km  →  International (-17.2°, +58.8°)  batt= 99.8%
[ep= 190 step=300 t=32.24h]  lat=-55.001° lon= +49.663° alt=693.8km  →  International (-55.0°, +49.7°)  batt=100.0%
[ep= 190 step=320 t=35.70h]  lat=-79.632° lon= -67.793° alt=701.7km  →  International (-79.6°, -67.8°)  batt=100.0%
[ep= 190 step=340 t=40.76h]  lat=-52.589° lon=-107.650° alt=697.3km  →  International (-52.6°, -107.7°)  batt=100.0%
[ep= 190 step=360 t=43.28h]  lat=+40.540° lon= +68.745° alt=686.9km  →  International (+40.5°, +68.7°)  batt= 99.9%
[ep= 190 step=380 t=45.73h]  lat=-42.678° lon=-110.605° alt=694.7km  →  International (-42.7°, -110.6°)  batt=100.0%
[ep= 190 step=400 t=45.89h]  lat= -6.466° lon=-117.183° alt=687.0km  →  International (-6.5°, -117.2°)  batt=100.0%
[ep= 191 step= 20 t= 4.10h]  lat= +0.048° lon= +60.177° alt=679.6km  →  International (+0.0°, +60.2°)   batt=100.0%
[ep= 191 step= 40 t= 4.29h]  lat=-41.716° lon= +52.921° alt=689.0km  →  International (-41.7°, +52.9°)  batt=100.0%
[ep= 191 step= 60 t= 7.72h]  lat=-73.674° lon= +31.387° alt=699.3km  →  International (-73.7°, +31.4°)  batt=100.0%
[ep= 191 step= 80 t=12.47h]  lat=-36.187° lon= +54.568° alt=686.7km  →  International (-36.2°, +54.6°)  batt=100.0%
[ep= 191 step=100 t=15.62h]  lat= -7.792° lon= +59.534° alt=679.6km  →  International (-7.8°, +59.5°)   batt=100.0%
[ep= 191 step=120 t=17.83h]  lat=-45.208° lon=-111.056° alt=695.0km  →  International (-45.2°, -111.1°)  batt=100.0%
[ep= 191 step=140 t=17.95h]  lat=-19.935° lon=-116.312° alt=688.5km  →  International (-19.9°, -116.3°)  batt=100.0%
[ep= 191 step=160 t=19.71h]  lat= +7.087° lon=-120.194° alt=686.5km  →  International (+7.1°, -120.2°)  batt=100.0%
[ep= 191 step=180 t=22.55h]  lat=-81.931° lon= -31.381° alt=701.5km  →  International (-81.9°, -31.4°)  batt=100.0%
[ep= 191 step=200 t=25.63h]  lat=-44.867° lon= +52.956° alt=690.0km  →  International (-44.9°, +53.0°)  batt=100.0%
[ep= 191 step=220 t=27.26h]  lat=-43.402° lon= +53.430° alt=689.5km  →  International (-43.4°, +53.4°)  batt=100.0%
[ep= 191 step=240 t=28.64h]  lat=+12.589° lon= +62.999° alt=679.9km  →  International (+12.6°, +63.0°)  batt=100.0%
[ep= 191 step=260 t=28.83h]  lat=-27.485° lon= +56.967° alt=683.9km  →  International (-27.5°, +57.0°)  batt=100.0%
[ep= 191 step=280 t=30.63h]  lat=-61.808° lon= +45.939° alt=696.0km  →  International (-61.8°, +45.9°)  batt=100.0%
[ep= 191 step=300 t=32.15h]  lat=-37.213° lon= +55.154° alt=686.9km  →  International (-37.2°, +55.2°)  batt=100.0%
[ep= 191 step=320 t=34.63h]  lat=+40.319° lon=-125.471° alt=692.7km  →  International (+40.3°, -125.5°)  batt=100.0%
[ep= 191 step=340 t=40.03h]  lat=+33.849° lon= +67.108° alt=684.5km  →  International (+33.8°, +67.1°)  batt=100.0%
[ep= 191 step=360 t=40.88h]  lat=-27.308° lon=-114.114° alt=690.5km  →  International (-27.3°, -114.1°)  batt=100.0%
[ep= 191 step=380 t=41.04h]  lat= +9.046° lon=-119.594° alt=686.9km  →  International (+9.0°, -119.6°)  batt=100.0%
[ep= 191 step=400 t=42.54h]  lat=-23.343° lon=-114.734° alt=689.7km  →  International (-23.3°, -114.7°)  batt=100.0%
[ep= 191 step=420 t=46.65h]  lat=+19.787° lon= +64.851° alt=680.5km  →  International (+19.8°, +64.9°)  batt=100.0%
[ep= 192 step= 20 t= 2.54h]  lat=-17.847° lon= +57.489° alt=681.4km  →  International (-17.8°, +57.5°)  batt= 98.7%
[ep= 192 step= 40 t= 2.71h]  lat=-53.909° lon= +48.904° alt=693.1km  →  International (-53.9°, +48.9°)  batt= 98.6%
[ep= 192 step= 60 t= 4.67h]  lat=-54.964° lon=-108.153° alt=697.5km  →  International (-55.0°, -108.2°)  batt= 97.6%
[ep= 192 step= 80 t= 9.07h]  lat=-10.084° lon= +58.928° alt=679.8km  →  International (-10.1°, +58.9°)  batt= 97.5%
[ep= 192 step=100 t=13.15h]  lat= +6.335° lon=-120.361° alt=686.6km  →  International (+6.3°, -120.4°)  batt= 98.6%
[ep= 192 step=120 t=14.64h]  lat=-26.046° lon=-115.428° alt=690.0km  →  International (-26.0°, -115.4°)  batt= 99.8%
[ep= 192 step=140 t=15.82h]  lat=-51.223° lon= +50.492° alt=692.0km  →  International (-51.2°, +50.5°)  batt=100.0%
[ep= 192 step=160 t=17.96h]  lat=-18.113° lon=-116.608° alt=688.5km  →  International (-18.1°, -116.6°)  batt= 99.6%
[ep= 192 step=180 t=21.39h]  lat=+15.296° lon=-121.339° alt=687.3km  →  International (+15.3°, -121.3°)  batt= 99.2%
[ep= 192 step=200 t=28.06h]  lat=+38.370° lon=-125.286° alt=692.2km  →  International (+38.4°, -125.3°)  batt= 95.6%
[ep= 192 step=220 t=32.17h]  lat=-40.202° lon= +54.450° alt=687.8km  →  International (-40.2°, +54.4°)  batt= 93.5%
[ep= 192 step=240 t=36.26h]  lat=+39.423° lon=-125.197° alt=692.6km  →  International (+39.4°, -125.2°)  batt= 99.3%
[ep= 192 step=260 t=37.55h]  lat=-38.224° lon=-112.050° alt=693.6km  →  International (-38.2°, -112.1°)  batt= 99.4%
[ep= 192 step=280 t=37.73h]  lat= +1.076° lon=-118.601° alt=686.9km  →  International (+1.1°, -118.6°)  batt= 99.3%
[ep= 192 step=300 t=39.26h]  lat=-21.613° lon=-115.168° alt=689.6km  →  International (-21.6°, -115.2°)  batt= 99.6%
[ep= 192 step=320 t=43.97h]  lat=-67.516° lon= -98.184° alt=700.9km  →  International (-67.5°, -98.2°)  batt= 99.5%
[ep= 192 step=340 t=46.80h]  lat=-12.999° lon= +60.052° alt=679.9km  →  International (-13.0°, +60.1°)  batt= 98.0%
[ep= 192 step=360 t=46.97h]  lat=-49.173° lon= +52.497° alt=691.4km  →  International (-49.2°, +52.5°)  batt= 97.9%
[ep= 193 step= 20 t= 5.38h]  lat=+77.416° lon= +99.585° alt=698.8km  →  International (+77.4°, +99.6°)  batt= 97.8%
[ep= 193 step= 40 t= 8.20h]  lat= -0.123° lon=-119.646° alt=686.3km  →  International (-0.1°, -119.6°)  batt= 97.2%
[ep= 193 step= 60 t=11.32h]  lat=-33.927° lon=-114.066° alt=691.9km  →  International (-33.9°, -114.1°)  batt= 97.2%
[ep= 193 step= 80 t=11.49h]  lat= +2.386° lon=-119.865° alt=686.4km  →  International (+2.4°, -119.9°)  batt= 97.1%
[ep= 193 step=100 t=12.99h]  lat=-28.161° lon=-115.117° alt=690.5km  →  International (-28.2°, -115.1°)  batt= 98.2%
[ep= 193 step=120 t=14.16h]  lat=-47.355° lon= +51.736° alt=690.5km  →  International (-47.4°, +51.7°)  batt=100.0%
[ep= 193 step=140 t=16.96h]  lat=+56.973° lon= +73.279° alt=692.7km  →  International (+57.0°, +73.3°)  batt= 99.7%
[ep= 193 step=160 t=19.40h]  lat=-60.788° lon=-104.531° alt=699.1km  →  International (-60.8°, -104.5°)  batt= 99.9%
[ep= 193 step=180 t=22.18h]  lat= -9.202° lon= +59.598° alt=679.6km  →  International (-9.2°, +59.6°)   batt= 99.2%
[ep= 193 step=200 t=22.35h]  lat=-45.443° lon= +52.649° alt=690.0km  →  International (-45.4°, +52.6°)  batt= 99.1%
[ep= 193 step=220 t=24.18h]  lat=-81.203° lon=  -5.257° alt=701.1km  →  International (-81.2°, -5.3°)   batt= 99.8%
[ep= 193 step=240 t=28.24h]  lat=+76.403° lon=-154.667° alt=699.8km  →  International (+76.4°, -154.7°)  batt= 98.6%
[ep= 193 step=260 t=32.36h]  lat=-79.152° lon= +13.680° alt=700.7km  →  International (-79.2°, +13.7°)  batt= 97.1%
[ep= 193 step=280 t=34.28h]  lat=-36.407° lon=-112.594° alt=693.0km  →  International (-36.4°, -112.6°)  batt= 97.0%
[ep= 193 step=300 t=35.85h]  lat=-50.999° lon=-108.451° alt=697.1km  →  International (-51.0°, -108.5°)  batt= 98.7%
[ep= 193 step=320 t=38.38h]  lat=+35.906° lon= +67.463° alt=684.8km  →  International (+35.9°, +67.5°)  batt=100.0%
[ep= 193 step=340 t=40.53h]  lat=-73.842° lon= +32.413° alt=699.6km  →  International (-73.8°, +32.4°)  batt=100.0%
[ep= 193 step=360 t=45.59h]  lat=-70.452° lon= -94.615° alt=701.2km  →  International (-70.5°, -94.6°)  batt= 98.2%
[ep= 193 step=380 t=46.80h]  lat=-13.121° lon= +60.034° alt=679.8km  →  International (-13.1°, +60.0°)  batt= 97.9%
[ep= 193 step=400 t=46.97h]  lat=-49.294° lon= +52.457° alt=691.3km  →  International (-49.3°, +52.5°)  batt= 97.8%
[ep= 193 step=420 t=47.93h]  lat=+77.235° lon=-156.729° alt=699.6km  →  International (+77.2°, -156.7°)  batt= 97.7%
[ep= 194 step= 20 t= 3.19h]  lat=-19.944° lon=-116.921° alt=688.2km  →  International (-19.9°, -116.9°)  batt=100.0%
[ep= 194 step= 40 t= 4.81h]  lat=-23.236° lon=-116.313° alt=689.0km  →  International (-23.2°, -116.3°)  batt=100.0%
[ep= 194 step= 60 t= 6.31h]  lat=-53.469° lon=-108.715° alt=697.3km  →  International (-53.5°, -108.7°)  batt=100.0%
[ep= 194 step= 80 t= 9.78h]  lat=-13.161° lon=-117.698° alt=687.1km  →  International (-13.2°, -117.7°)  batt=100.0%
[ep= 194 step=100 t=12.48h]  lat=-39.163° lon= +53.889° alt=688.1km  →  International (-39.2°, +53.9°)  batt=100.0%
[ep= 194 step=120 t=13.98h]  lat= -8.642° lon= +59.342° alt=680.1km  →  International (-8.6°, +59.3°)   batt=100.0%
[ep= 194 step=140 t=18.73h]  lat=+28.596° lon= +65.199° alt=683.4km  →  International (+28.6°, +65.2°)  batt=100.0%
[ep= 194 step=160 t=22.46h]  lat=-67.603° lon= +40.823° alt=697.9km  →  International (-67.6°, +40.8°)  batt=100.0%
[ep= 194 step=180 t=26.21h]  lat= -8.020° lon=-117.780° alt=686.9km  →  International (-8.0°, -117.8°)  batt=100.0%
[ep= 194 step=200 t=27.69h]  lat=-42.086° lon=-111.510° alt=694.4km  →  International (-42.1°, -111.5°)  batt=100.0%
[ep= 194 step=220 t=31.47h]  lat=+66.659° lon=-137.873° alt=698.7km  →  International (+66.7°, -137.9°)  batt=100.0%
[ep= 194 step=240 t=36.22h]  lat=+30.322° lon=-123.263° alt=689.9km  →  International (+30.3°, -123.3°)  batt=100.0%
[ep= 194 step=260 t=37.09h]  lat=-40.511° lon= +54.572° alt=688.4km  →  International (-40.5°, +54.6°)  batt=100.0%
[ep= 194 step=280 t=39.88h]  lat=+65.367° lon= +79.638° alt=695.4km  →  International (+65.4°, +79.6°)  batt=100.0%
[ep= 194 step=300 t=40.37h]  lat=-41.175° lon= +54.539° alt=688.5km  →  International (-41.2°, +54.5°)  batt=100.0%
[ep= 194 step=320 t=42.83h]  lat=+40.667° lon=-125.232° alt=692.7km  →  International (+40.7°, -125.2°)  batt=100.0%
[ep= 195 step= 20 t= 1.01h]  lat=-41.055° lon= +52.953° alt=688.6km  →  International (-41.1°, +53.0°)  batt= 99.6%
[ep= 195 step= 40 t= 1.85h]  lat=+45.621° lon=-128.249° alt=693.8km  →  International (+45.6°, -128.2°)  batt= 99.1%
[ep= 195 step= 60 t= 4.11h]  lat= -1.782° lon= +59.915° alt=679.3km  →  International (-1.8°, +59.9°)   batt= 98.0%
[ep= 195 step= 80 t= 4.28h]  lat=-38.124° lon= +53.790° alt=687.3km  →  International (-38.1°, +53.8°)  batt= 97.9%
[ep= 195 step=100 t= 7.07h]  lat=+67.616° lon= +80.404° alt=696.4km  →  International (+67.6°, +80.4°)  batt= 96.4%
[ep= 195 step=120 t=10.91h]  lat=-53.769° lon= +49.301° alt=693.0km  →  International (-53.8°, +49.3°)  batt= 94.7%
[ep= 195 step=140 t=14.06h]  lat=-25.650° lon= +56.674° alt=683.0km  →  International (-25.7°, +56.7°)  batt= 99.8%
[ep= 195 step=160 t=16.87h]  lat=+75.541° lon= +94.018° alt=698.1km  →  International (+75.5°, +94.0°)  batt= 99.3%
[ep= 195 step=180 t=20.97h]  lat=-75.505° lon= -85.921° alt=701.5km  →  International (-75.5°, -85.9°)  batt= 99.8%
[ep= 195 step=200 t=24.76h]  lat=+34.080° lon=-124.483° alt=690.9km  →  International (+34.1°, -124.5°)  batt= 97.9%
[ep= 195 step=220 t=25.57h]  lat=-31.625° lon= +56.045° alt=685.0km  →  International (-31.6°, +56.0°)  batt= 97.5%
[ep= 195 step=240 t=27.72h]  lat=-36.032° lon=-112.948° alt=692.5km  →  International (-36.0°, -112.9°)  batt= 96.3%
[ep= 195 step=260 t=28.80h]  lat=-21.415° lon= +57.996° alt=681.8km  →  International (-21.4°, +58.0°)  batt= 95.8%
[ep= 195 step=280 t=29.97h]  lat=+79.035° lon=+108.216° alt=698.9km  →  International (+79.0°, +108.2°)  batt= 95.1%
[ep= 195 step=300 t=33.32h]  lat=+65.999° lon= +79.912° alt=695.7km  →  International (+66.0°, +79.9°)  batt= 93.4%
[ep= 195 step=320 t=37.42h]  lat=-64.246° lon=-101.387° alt=700.1km  →  International (-64.2°, -101.4°)  batt= 92.6%
[ep= 195 step=340 t=40.90h]  lat=-22.502° lon=-114.957° alt=689.8km  →  International (-22.5°, -115.0°)  batt= 99.7%
[ep= 195 step=360 t=43.07h]  lat=+81.447° lon=+132.143° alt=699.4km  →  International (+81.4°, +132.1°)  batt= 99.3%
[ep= 195 step=380 t=46.22h]  lat=+63.265° lon=-134.430° alt=698.1km  →  International (+63.3°, -134.4°)  batt= 99.4%
[ep= 196 step= 20 t= 4.16h]  lat=-12.714° lon= +58.341° alt=680.7km  →  International (-12.7°, +58.3°)  batt=100.0%
[ep= 196 step= 40 t= 4.33h]  lat=-48.887° lon= +50.836° alt=691.6km  →  International (-48.9°, +50.8°)  batt=100.0%
[ep= 196 step= 60 t= 5.80h]  lat=-13.053° lon= +58.357° alt=680.7km  →  International (-13.1°, +58.4°)  batt=100.0%
[ep= 196 step= 80 t= 5.97h]  lat=-49.220° lon= +50.791° alt=691.6km  →  International (-49.2°, +50.8°)  batt=100.0%
[ep= 196 step=100 t= 9.04h]  lat= -4.626° lon= +59.718° alt=679.5km  →  International (-4.6°, +59.7°)   batt=100.0%
[ep= 196 step=120 t=10.87h]  lat=-44.859° lon= +52.348° alt=689.9km  →  International (-44.9°, +52.3°)  batt=100.0%
[ep= 196 step=140 t=14.65h]  lat=-24.242° lon=-115.736° alt=689.3km  →  International (-24.2°, -115.7°)  batt= 99.9%
[ep= 196 step=160 t=16.16h]  lat=-52.679° lon=-108.620° alt=697.0km  →  International (-52.7°, -108.6°)  batt= 99.9%
[ep= 196 step=180 t=17.04h]  lat=+39.748° lon= +67.473° alt=686.8km  →  International (+39.7°, +67.5°)  batt=100.0%
[ep= 196 step=200 t=17.92h]  lat=-26.585° lon=-115.190° alt=689.9km  →  International (-26.6°, -115.2°)  batt=100.0%
[ep= 196 step=220 t=17.98h]  lat=-13.274° lon=-117.338° alt=687.4km  →  International (-13.3°, -117.3°)  batt=100.0%
[ep= 196 step=240 t=18.84h]  lat= +4.897° lon= +61.477° alt=679.0km  →  International (+4.9°, +61.5°)   batt=100.0%
[ep= 196 step=260 t=23.60h]  lat=+40.204° lon= +67.855° alt=686.9km  →  International (+40.2°, +67.9°)  batt=100.0%
[ep= 196 step=280 t=27.96h]  lat=+16.043° lon=-121.173° alt=687.2km  →  International (+16.0°, -121.2°)  batt=100.0%
[ep= 196 step=300 t=28.78h]  lat=-17.184° lon= +58.684° alt=681.2km  →  International (-17.2°, +58.7°)  batt=100.0%
[ep= 196 step=320 t=28.96h]  lat=-55.034° lon= +49.513° alt=693.7km  →  International (-55.0°, +49.5°)  batt=100.0%
[ep= 196 step=340 t=32.06h]  lat=-17.867° lon= +58.713° alt=681.1km  →  International (-17.9°, +58.7°)  batt=100.0%
[ep= 196 step=360 t=32.58h]  lat=-48.173° lon=-109.539° alt=696.0km  →  International (-48.2°, -109.5°)  batt= 99.9%
[ep= 196 step=380 t=37.66h]  lat=-14.680° lon=-116.312° alt=687.9km  →  International (-14.7°, -116.3°)  batt=100.0%
[ep= 196 step=400 t=42.41h]  lat=-51.536° lon=-107.965° alt=697.2km  →  International (-51.5°, -108.0°)  batt=100.0%
[ep= 196 step=420 t=42.57h]  lat=-15.482° lon=-115.983° alt=688.2km  →  International (-15.5°, -116.0°)  batt=100.0%
[ep= 196 step=440 t=43.74h]  lat=-59.755° lon= +47.751° alt=695.2km  →  International (-59.8°, +47.8°)  batt=100.0%
[ep= 196 step=460 t=46.88h]  lat=-29.989° lon= +57.258° alt=684.2km  →  International (-30.0°, +57.3°)  batt=100.0%
[ep= 197 step= 20 t= 4.17h]  lat=-14.551° lon= +58.065° alt=680.6km  →  International (-14.6°, +58.1°)  batt= 99.8%
[ep= 197 step= 40 t= 6.29h]  lat=-58.164° lon=-106.557° alt=698.4km  →  International (-58.2°, -106.6°)  batt=100.0%
[ep= 197 step= 60 t= 9.72h]  lat=-27.058° lon=-115.451° alt=690.1km  →  International (-27.1°, -115.5°)  batt=100.0%
[ep= 197 step= 80 t=12.85h]  lat=-58.623° lon=-106.036° alt=698.6km  →  International (-58.6°, -106.0°)  batt=100.0%
[ep= 197 step=100 t=14.65h]  lat=-24.231° lon=-115.737° alt=689.6km  →  International (-24.2°, -115.7°)  batt=100.0%
[ep= 197 step=120 t=15.49h]  lat=+19.539° lon= +63.523° alt=680.7km  →  International (+19.5°, +63.5°)  batt= 99.8%
[ep= 197 step=140 t=19.26h]  lat=-81.478° lon= -10.112° alt=701.3km  →  International (-81.5°, -10.1°)  batt=100.0%
[ep= 197 step=160 t=22.25h]  lat=-23.713° lon= +57.358° alt=682.7km  →  International (-23.7°, +57.4°)  batt= 99.7%
[ep= 197 step=180 t=22.43h]  lat=-63.086° lon= +44.733° alt=696.5km  →  International (-63.1°, +44.7°)  batt=100.0%
[ep= 197 step=200 t=25.45h]  lat= -6.182° lon= +60.177° alt=679.3km  →  International (-6.2°, +60.2°)   batt= 99.8%
[ep= 197 step=220 t=25.62h]  lat=-42.471° lon= +53.613° alt=688.8km  →  International (-42.5°, +53.6°)  batt= 99.7%
[ep= 197 step=240 t=27.25h]  lat=-41.011° lon= +54.055° alt=688.2km  →  International (-41.0°, +54.1°)  batt= 99.7%
[ep= 197 step=260 t=30.03h]  lat=+66.606° lon= +80.350° alt=695.7km  →  International (+66.6°, +80.3°)  batt=100.0%
[ep= 197 step=280 t=33.48h]  lat=+32.188° lon= +66.502° alt=684.0km  →  International (+32.2°, +66.5°)  batt= 99.9%
[ep= 197 step=300 t=37.27h]  lat=-78.551° lon= +17.169° alt=700.7km  →  International (-78.6°, +17.2°)  batt=100.0%
[ep= 197 step=320 t=39.14h]  lat=-48.040° lon=-109.312° alt=696.4km  →  International (-48.0°, -109.3°)  batt=100.0%
[ep= 197 step=340 t=41.68h]  lat=+30.498° lon= +66.513° alt=683.2km  →  International (+30.5°, +66.5°)  batt= 99.9%
[ep= 197 step=360 t=45.26h]  lat=-33.865° lon= +56.427° alt=685.7km  →  International (-33.9°, +56.4°)  batt= 99.7%
[ep= 197 step=380 t=46.82h]  lat=-17.259° lon= +59.423° alt=680.8km  →  International (-17.3°, +59.4°)  batt= 99.8%
[ep= 197 step=400 t=48.00h]  lat=+80.129° lon=+116.466° alt=698.9km  →  International (+80.1°, +116.5°)  batt=100.0%
[ep= 198 step= 20 t= 0.94h]  lat=-26.594° lon= +55.971° alt=683.7km  →  International (-26.6°, +56.0°)  batt= 99.6%
[ep= 198 step= 40 t= 1.77h]  lat=+27.600° lon=-124.175° alt=689.2km  →  International (+27.6°, -124.2°)  batt= 99.2%
[ep= 198 step= 60 t= 6.21h]  lat=-74.990° lon= -87.860° alt=701.3km  →  International (-75.0°, -87.9°)  batt= 96.9%
[ep= 198 step= 80 t= 9.96h]  lat=+25.648° lon=-123.492° alt=689.2km  →  International (+25.6°, -123.5°)  batt= 99.5%
[ep= 198 step=100 t=11.43h]  lat=-12.202° lon=-117.776° alt=687.3km  →  International (-12.2°, -117.8°)  batt= 98.7%
[ep= 198 step=120 t=15.53h]  lat=+10.435° lon= +62.133° alt=679.2km  →  International (+10.4°, +62.1°)  batt= 99.3%
[ep= 198 step=140 t=19.01h]  lat=-32.113° lon= +55.682° alt=685.0km  →  International (-32.1°, +55.7°)  batt=100.0%
[ep= 198 step=160 t=23.78h]  lat= -0.367° lon= +60.927° alt=679.0km  →  International (-0.4°, +60.9°)   batt= 97.6%
[ep= 198 step=180 t=23.95h]  lat=-36.725° lon= +54.920° alt=686.8km  →  International (-36.7°, +54.9°)  batt= 97.5%
[ep= 198 step=200 t=25.44h]  lat= -4.354° lon= +60.429° alt=679.1km  →  International (-4.4°, +60.4°)   batt= 96.8%
[ep= 198 step=220 t=30.51h]  lat=-36.270° lon= +55.291° alt=686.4km  →  International (-36.3°, +55.3°)  batt= 94.1%
[ep= 198 step=240 t=34.29h]  lat=-32.884° lon=-113.337° alt=692.0km  →  International (-32.9°, -113.3°)  batt= 98.0%
[ep= 198 step=260 t=36.08h]  lat= +0.130° lon=-118.534° alt=686.8km  →  International (+0.1°, -118.5°)  batt= 97.0%
[ep= 198 step=280 t=39.53h]  lat=+37.096° lon=-124.522° alt=692.0km  →  International (+37.1°, -124.5°)  batt= 99.5%
[ep= 198 step=300 t=43.64h]  lat=-38.946° lon= +55.225° alt=687.3km  →  International (-38.9°, +55.2°)  batt= 99.2%
[ep= 198 step=320 t=47.73h]  lat=+36.959° lon=-124.152° alt=691.8km  →  International (+37.0°, -124.2°)  batt= 97.4%
[ep= 199 step= 20 t= 4.62h]  lat=-63.754° lon=-103.117° alt=699.4km  →  International (-63.8°, -103.1°)  batt= 99.4%
[ep= 199 step= 40 t= 5.95h]  lat=-45.615° lon= +51.927° alt=690.6km  →  International (-45.6°, +51.9°)  batt= 98.7%
[ep= 199 step= 60 t= 7.50h]  lat=-26.090° lon= +56.333° alt=684.0km  →  International (-26.1°, +56.3°)  batt= 98.4%
[ep= 199 step= 80 t= 7.68h]  lat=-65.339° lon= +42.349° alt=697.3km  →  International (-65.3°, +42.3°)  batt= 98.4%
[ep= 199 step=100 t=12.75h]  lat=-78.275° lon= -76.442° alt=701.5km  →  International (-78.3°, -76.4°)  batt= 97.3%
[ep= 199 step=120 t=17.49h]  lat=-58.550° lon= +47.333° alt=694.9km  →  International (-58.5°, +47.3°)  batt=100.0%
[ep= 199 step=140 t=19.63h]  lat=-10.589° lon=-117.674° alt=686.9km  →  International (-10.6°, -117.7°)  batt= 99.6%
[ep= 199 step=160 t=21.14h]  lat=-39.235° lon=-112.485° alt=693.3km  →  International (-39.2°, -112.5°)  batt= 99.7%
[ep= 199 step=180 t=21.31h]  lat= -2.973° lon=-118.700° alt=686.3km  →  International (-3.0°, -118.7°)  batt= 99.6%
[ep= 199 step=200 t=23.44h]  lat=+72.891° lon= +88.361° alt=697.6km  →  International (+72.9°, +88.4°)  batt= 99.3%
[ep= 199 step=220 t=25.28h]  lat=+30.323° lon= +65.793° alt=683.9km  →  International (+30.3°, +65.8°)  batt=100.0%
[ep= 199 step=240 t=27.77h]  lat=-25.271° lon=-115.021° alt=689.6km  →  International (-25.3°, -115.0°)  batt= 99.7%
[ep= 199 step=260 t=30.57h]  lat=-50.514° lon= +51.364° alt=692.2km  →  International (-50.5°, +51.4°)  batt= 99.2%
[ep= 199 step=280 t=33.08h]  lat=+60.611° lon=-133.202° alt=697.5km  →  International (+60.6°, -133.2°)  batt= 98.9%
[ep= 199 step=300 t=34.56h]  lat=+25.137° lon=-122.386° alt=688.8km  →  International (+25.1°, -122.4°)  batt= 98.2%
[ep= 199 step=320 t=39.32h]  lat=-10.239° lon=-116.915° alt=687.3km  →  International (-10.2°, -116.9°)  batt= 97.7%
[ep= 199 step=340 t=45.03h]  lat=+15.446° lon= +64.099° alt=679.9km  →  International (+15.4°, +64.1°)  batt=100.0%
[ep= 199 step=360 t=45.87h]  lat=-12.551° lon=-116.301° alt=687.7km  →  International (-12.6°, -116.3°)  batt= 99.8%
[ep= 199 step=380 t=46.72h]  lat= +5.993° lon= +62.778° alt=678.8km  →  International (+6.0°, +62.8°)   batt=100.0%
[ep= 200 step= 20 t= 1.74h]  lat=+22.166° lon=-123.237° alt=688.2km  →  International (+22.2°, -123.2°)  batt= 99.0%
[ep= 200 step= 40 t= 7.13h]  lat=+53.667° lon= +71.394° alt=691.8km  →  International (+53.7°, +71.4°)  batt= 96.2%
[ep= 200 step= 60 t=10.28h]  lat=+80.385° lon=+117.156° alt=699.2km  →  International (+80.4°, +117.2°)  batt= 97.0%
[ep= 200 step= 80 t=11.43h]  lat=-12.177° lon=-117.778° alt=687.3km  →  International (-12.2°, -117.8°)  batt= 96.6%
[ep= 200 step=100 t=13.25h]  lat=+28.161° lon=-123.803° alt=689.6km  →  International (+28.2°, -123.8°)  batt= 99.5%
[ep= 200 step=120 t=18.32h]  lat=+59.585° lon=-133.200° alt=697.2km  →  International (+59.6°, -133.2°)  batt= 99.5%
[ep= 200 step=140 t=23.05h]  lat=+19.314° lon=-121.896° alt=687.8km  →  International (+19.3°, -121.9°)  batt= 97.1%
[ep= 200 step=160 t=23.94h]  lat=-34.971° lon= +55.300° alt=686.0km  →  International (-35.0°, +55.3°)  batt= 96.6%
[ep= 200 step=180 t=25.09h]  lat=+70.850° lon= +85.105° alt=696.9km  →  International (+70.8°, +85.1°)  batt= 96.0%
[ep= 200 step=200 t=27.90h]  lat= +3.974° lon=-119.415° alt=686.7km  →  International (+4.0°, -119.4°)  batt= 94.5%
[ep= 200 step=220 t=31.68h]  lat=+64.527° lon= +78.596° alt=695.0km  →  International (+64.5°, +78.6°)  batt= 92.6%
[ep= 200 step=240 t=34.18h]  lat=-56.076° lon=-106.435° alt=698.3km  →  International (-56.1°, -106.4°)  batt= 95.5%
[ep= 200 step=260 t=36.72h]  lat=+40.468° lon= +68.451° alt=686.3km  →  International (+40.5°, +68.5°)  batt= 98.6%
[ep= 200 step=280 t=40.18h]  lat= -0.192° lon= +61.628° alt=678.4km  →  International (-0.2°, +61.6°)   batt=100.0%
[ep= 200 step=300 t=44.92h]  lat=+38.785° lon= +68.385° alt=685.9km  →  International (+38.8°, +68.4°)  batt= 97.8%
[ep= 200 step=320 t=45.28h]  lat=-39.367° lon= +55.193° alt=687.6km  →  International (-39.4°, +55.2°)  batt= 97.6%
[ep= 200 step=340 t=46.72h]  lat= +5.743° lon= +62.741° alt=678.6km  →  International (+5.7°, +62.7°)   batt= 96.9%
[ep= 200 step=360 t=46.88h]  lat=-30.672° lon= +57.113° alt=684.4km  →  International (-30.7°, +57.1°)  batt= 96.8%
[ep= 200 step=380 t=47.72h]  lat=+33.454° lon=-123.404° alt=691.0km  →  International (+33.5°, -123.4°)  batt= 96.3%
[ep= 201 step= 20 t= 5.38h]  lat=+77.425° lon= +99.658° alt=698.6km  →  International (+77.4°, +99.7°)  batt= 97.2%
[ep= 201 step= 40 t= 7.54h]  lat=-35.166° lon= +54.583° alt=686.5km  →  International (-35.2°, +54.6°)  batt=100.0%
[ep= 201 step= 60 t=12.40h]  lat=-21.645° lon= +57.291° alt=682.7km  →  International (-21.6°, +57.3°)  batt= 98.2%
[ep= 201 step= 80 t=13.89h]  lat=+10.825° lon= +62.127° alt=680.1km  →  International (+10.8°, +62.1°)  batt= 97.4%
[ep= 201 step=100 t=14.08h]  lat=-31.047° lon= +55.690° alt=685.4km  →  International (-31.0°, +55.7°)  batt= 97.3%
[ep= 201 step=120 t=14.58h]  lat=-38.750° lon=-112.867° alt=693.0km  →  International (-38.7°, -112.9°)  batt= 97.0%
[ep= 201 step=140 t=15.72h]  lat=-31.378° lon= +55.692° alt=685.4km  →  International (-31.4°, +55.7°)  batt= 96.4%
[ep= 201 step=160 t=16.58h]  lat=+37.782° lon=-125.621° alt=691.6km  →  International (+37.8°, -125.6°)  batt= 96.0%
[ep= 201 step=180 t=19.02h]  lat=-33.856° lon= +55.331° alt=686.1km  →  International (-33.9°, +55.3°)  batt= 94.7%
[ep= 201 step=200 t=20.68h]  lat=-39.600° lon= +54.125° alt=688.1km  →  International (-39.6°, +54.1°)  batt= 94.2%
[ep= 201 step=220 t=25.12h]  lat=+65.938° lon= +79.533° alt=695.7km  →  International (+65.9°, +79.5°)  batt= 97.8%
[ep= 201 step=240 t=27.92h]  lat= +7.450° lon=-119.910° alt=686.6km  →  International (+7.4°, -119.9°)  batt= 98.9%
[ep= 201 step=260 t=30.42h]  lat=-16.206° lon= +58.894° alt=680.8km  →  International (-16.2°, +58.9°)  batt=100.0%
[ep= 201 step=280 t=35.17h]  lat=+21.079° lon= +64.581° alt=681.4km  →  International (+21.1°, +64.6°)  batt= 99.1%
[ep= 201 step=300 t=37.05h]  lat=-32.044° lon= +56.442° alt=685.5km  →  International (-32.0°, +56.4°)  batt= 98.1%
[ep= 201 step=320 t=38.57h]  lat= -5.099° lon= +60.867° alt=679.4km  →  International (-5.1°, +60.9°)   batt= 97.2%
[ep= 201 step=340 t=38.73h]  lat=-41.398° lon= +54.423° alt=688.8km  →  International (-41.4°, +54.4°)  batt= 97.1%
[ep= 201 step=360 t=40.55h]  lat=-77.594° lon= +21.570° alt=700.6km  →  International (-77.6°, +21.6°)  batt= 96.2%
[ep= 201 step=380 t=44.62h]  lat=+72.910° lon=-145.592° alt=699.4km  →  International (+72.9°, -145.6°)  batt= 94.4%
[ep= 202 step= 20 t= 2.77h]  lat=-66.130° lon= +41.450° alt=697.3km  →  International (-66.1°, +41.4°)  batt=100.0%
[ep= 202 step= 40 t= 5.58h]  lat=+36.074° lon= +66.155° alt=685.8km  →  International (+36.1°, +66.2°)  batt= 99.9%
[ep= 202 step= 60 t= 9.36h]  lat=-72.390° lon= +33.877° alt=699.1km  →  International (-72.4°, +33.9°)  batt=100.0%
[ep= 202 step= 80 t=11.18h]  lat=-64.153° lon=-102.534° alt=699.7km  →  International (-64.2°, -102.5°)  batt=100.0%
[ep= 202 step=100 t=15.72h]  lat=-29.640° lon= +56.031° alt=684.8km  →  International (-29.6°, +56.0°)  batt=100.0%
[ep= 202 step=120 t=17.53h]  lat=-65.588° lon= +42.542° alt=697.3km  →  International (-65.6°, +42.5°)  batt=100.0%
[ep= 202 step=140 t=20.63h]  lat=-28.847° lon= +56.381° alt=684.3km  →  International (-28.8°, +56.4°)  batt=100.0%
[ep= 202 step=160 t=21.78h]  lat=+76.166° lon= +96.025° alt=698.3km  →  International (+76.2°, +96.0°)  batt=100.0%
[ep= 202 step=180 t=23.35h]  lat=+80.651° lon=-178.382° alt=699.8km  →  International (+80.7°, -178.4°)  batt=100.0%
[ep= 202 step=200 t=27.37h]  lat=-65.799° lon= +42.770° alt=697.2km  →  International (-65.8°, +42.8°)  batt=100.0%
[ep= 202 step=220 t=29.49h]  lat= -7.847° lon=-117.658° alt=686.8km  →  International (-7.8°, -117.7°)  batt=100.0%
[ep= 202 step=240 t=29.54h]  lat= +4.287° lon=-119.382° alt=686.4km  →  International (+4.3°, -119.4°)  batt=100.0%
[ep= 202 step=260 t=32.01h]  lat= -5.759° lon= +60.510° alt=679.1km  →  International (-5.8°, +60.5°)   batt=100.0%
[ep= 202 step=280 t=32.84h]  lat= +8.613° lon=-119.865° alt=686.7km  →  International (+8.6°, -119.9°)  batt=100.0%
[ep= 202 step=300 t=35.64h]  lat=-79.582° lon= +11.102° alt=700.9km  →  International (-79.6°, +11.1°)  batt=100.0%
[ep= 202 step=320 t=39.08h]  lat=-62.122° lon=-102.848° alt=699.7km  →  International (-62.1°, -102.8°)  batt=100.0%
[ep= 202 step=340 t=40.39h]  lat=-45.523° lon= +53.386° alt=690.2km  →  International (-45.5°, +53.4°)  batt=100.0%
[ep= 202 step=360 t=41.94h]  lat=-26.001° lon= +57.781° alt=683.3km  →  International (-26.0°, +57.8°)  batt=100.0%
[ep= 202 step=380 t=42.12h]  lat=-63.536° lon= +45.218° alt=696.7km  →  International (-63.5°, +45.2°)  batt=100.0%
[ep= 202 step=400 t=45.12h]  lat= -3.017° lon= +61.446° alt=678.9km  →  International (-3.0°, +61.4°)   batt=100.0%
[ep= 202 step=420 t=45.28h]  lat=-39.348° lon= +55.211° alt=687.6km  →  International (-39.3°, +55.2°)  batt=100.0%
[ep= 202 step=440 t=47.74h]  lat=+38.847° lon=-124.567° alt=692.3km  →  International (+38.8°, -124.6°)  batt=100.0%
[ep= 203 step= 20 t= 4.27h]  lat=-36.296° lon= +54.209° alt=687.2km  →  International (-36.3°, +54.2°)  batt=100.0%
[ep= 203 step= 40 t= 7.38h]  lat= -0.602° lon= +60.222° alt=679.8km  →  International (-0.6°, +60.2°)   batt=100.0%
[ep= 203 step= 60 t= 7.56h]  lat=-38.755° lon= +53.786° alt=688.1km  →  International (-38.8°, +53.8°)  batt=100.0%
[ep= 203 step= 80 t= 8.96h]  lat=+13.649° lon= +62.343° alt=680.7km  →  International (+13.6°, +62.3°)  batt=100.0%
[ep= 203 step=100 t= 9.12h]  lat=-22.792° lon= +56.966° alt=683.0km  →  International (-22.8°, +57.0°)  batt=100.0%
[ep= 203 step=120 t= 9.95h]  lat=+23.808° lon=-123.170° alt=688.2km  →  International (+23.8°, -123.2°)  batt= 99.9%
[ep= 203 step=140 t=14.71h]  lat=-11.571° lon=-117.730° alt=687.0km  →  International (-11.6°, -117.7°)  batt=100.0%
[ep= 203 step=160 t=18.81h]  lat=+11.659° lon= +62.453° alt=680.0km  →  International (+11.7°, +62.5°)  batt=100.0%
[ep= 203 step=180 t=24.21h]  lat=-81.175° lon= -53.177° alt=701.7km  →  International (-81.2°, -53.2°)  batt=100.0%
[ep= 203 step=200 t=27.18h]  lat=-26.449° lon= +57.088° alt=683.7km  →  International (-26.4°, +57.1°)  batt=100.0%
[ep= 203 step=220 t=30.45h]  lat=-23.474° lon= +57.737° alt=682.9km  →  International (-23.5°, +57.7°)  batt=100.0%
[ep= 203 step=240 t=30.62h]  lat=-61.116° lon= +46.396° alt=696.0km  →  International (-61.1°, +46.4°)  batt=100.0%
[ep= 203 step=260 t=32.04h]  lat=-12.891° lon= +59.471° alt=680.6km  →  International (-12.9°, +59.5°)  batt= 99.9%
[ep= 203 step=280 t=32.21h]  lat=-49.062° lon= +51.938° alt=691.6km  →  International (-49.1°, +51.9°)  batt=100.0%
[ep= 203 step=300 t=33.63h]  lat= -0.463° lon= +61.328° alt=679.3km  →  International (-0.5°, +61.3°)   batt=100.0%
[ep= 203 step=320 t=33.79h]  lat=-36.819° lon= +55.314° alt=687.0km  →  International (-36.8°, +55.3°)  batt=100.0%
[ep= 203 step=340 t=35.38h]  lat=-26.294° lon= +57.454° alt=683.5km  →  International (-26.3°, +57.5°)  batt=100.0%
[ep= 203 step=360 t=36.88h]  lat= +6.159° lon= +62.404° alt=679.2km  →  International (+6.2°, +62.4°)   batt=100.0%
[ep= 203 step=380 t=41.63h]  lat=+41.483° lon= +68.917° alt=687.4km  →  International (+41.5°, +68.9°)  batt=100.0%
[ep= 203 step=400 t=47.03h]  lat=-62.570° lon= +46.112° alt=696.3km  →  International (-62.6°, +46.1°)  batt=100.0%
[ep= 204 step= 20 t= 6.67h]  lat=+23.143° lon=-123.194° alt=688.0km  →  International (+23.1°, -123.2°)  batt= 96.3%
[ep= 204 step= 40 t= 7.50h]  lat=-26.093° lon= +56.333° alt=683.9km  →  International (-26.1°, +56.3°)  batt= 95.9%
[ep= 204 step= 60 t= 7.67h]  lat=-61.885° lon= +44.944° alt=696.2km  →  International (-61.9°, +44.9°)  batt= 95.8%
[ep= 204 step= 80 t=11.78h]  lat=+63.458° lon=-135.986° alt=698.1km  →  International (+63.5°, -136.0°)  batt= 93.7%
[ep= 204 step=100 t=14.22h]  lat=-61.427° lon= +45.519° alt=696.0km  →  International (-61.4°, +45.5°)  batt= 92.4%
[ep= 204 step=120 t=19.29h]  lat=-80.815° lon= -58.036° alt=701.6km  →  International (-80.8°, -58.0°)  batt= 89.7%
[ep= 204 step=140 t=22.40h]  lat=-56.015° lon= +48.795° alt=694.1km  →  International (-56.0°, +48.8°)  batt= 90.6%
[ep= 204 step=160 t=27.79h]  lat=-19.818° lon=-115.925° alt=688.4km  →  International (-19.8°, -115.9°)  batt= 90.9%
[ep= 204 step=180 t=29.58h]  lat=+13.257° lon=-120.688° alt=686.8km  →  International (+13.3°, -120.7°)  batt= 90.6%
[ep= 204 step=200 t=33.36h]  lat=+57.364° lon= +74.157° alt=693.1km  →  International (+57.4°, +74.2°)  batt= 88.6%
[ep= 204 step=220 t=35.45h]  lat=-40.772° lon= +54.450° alt=688.3km  →  International (-40.8°, +54.4°)  batt= 87.5%
[ep= 204 step=240 t=39.11h]  lat=-55.274° lon=-106.599° alt=698.0km  →  International (-55.3°, -106.6°)  batt= 85.6%
[ep= 204 step=260 t=40.97h]  lat= -8.074° lon=-117.157° alt=687.0km  →  International (-8.1°, -117.2°)  batt= 85.1%
[ep= 204 step=280 t=45.73h]  lat=-43.275° lon=-110.446° alt=694.9km  →  International (-43.3°, -110.4°)  batt= 87.3%
[ep= 205 step= 20 t= 4.12h]  lat= -3.608° lon= +59.659° alt=679.4km  →  International (-3.6°, +59.7°)   batt= 99.3%
[ep= 205 step= 40 t= 7.59h]  lat=-45.977° lon= +51.888° alt=690.4km  →  International (-46.0°, +51.9°)  batt=100.0%
[ep= 205 step= 60 t=10.85h]  lat=-41.241° lon= +53.319° alt=688.9km  →  International (-41.2°, +53.3°)  batt=100.0%
[ep= 205 step= 80 t=13.02h]  lat=-22.788° lon=-116.047° alt=688.8km  →  International (-22.8°, -116.0°)  batt= 98.8%
[ep= 205 step=100 t=13.97h]  lat= -7.433° lon= +59.522° alt=680.0km  →  International (-7.4°, +59.5°)   batt= 99.9%
[ep= 205 step=120 t=14.14h]  lat=-43.697° lon= +52.808° alt=689.7km  →  International (-43.7°, +52.8°)  batt= 99.8%
[ep= 205 step=140 t=16.93h]  lat=+62.292° lon= +76.353° alt=694.7km  →  International (+62.3°, +76.4°)  batt= 98.4%
[ep= 205 step=160 t=21.68h]  lat=+75.207° lon=-151.531° alt=699.9km  →  International (+75.2°, -151.5°)  batt= 97.5%
[ep= 205 step=180 t=25.78h]  lat=-76.723° lon= +24.171° alt=700.3km  →  International (-76.7°, +24.2°)  batt= 99.4%
[ep= 205 step=200 t=26.60h]  lat=+76.029° lon=-153.609° alt=699.7km  →  International (+76.0°, -153.6°)  batt= 99.2%
[ep= 205 step=220 t=29.08h]  lat=-79.800° lon=  +9.263° alt=701.1km  →  International (-79.8°, +9.3°)   batt=100.0%
[ep= 205 step=240 t=33.78h]  lat=-35.059° lon= +55.698° alt=686.4km  →  International (-35.1°, +55.7°)  batt= 99.1%
[ep= 205 step=260 t=35.49h]  lat=-49.760° lon= +51.838° alt=692.0km  →  International (-49.8°, +51.8°)  batt= 98.4%
[ep= 205 step=280 t=38.53h]  lat= +2.138° lon= +61.901° alt=679.1km  →  International (+2.1°, +61.9°)   batt= 96.8%
[ep= 205 step=300 t=38.70h]  lat=-34.244° lon= +56.071° alt=686.1km  →  International (-34.2°, +56.1°)  batt= 96.7%
[ep= 205 step=320 t=39.88h]  lat=+66.492° lon= +80.661° alt=695.7km  →  International (+66.5°, +80.7°)  batt= 96.1%
[ep= 205 step=340 t=45.27h]  lat=-37.378° lon= +55.667° alt=687.0km  →  International (-37.4°, +55.7°)  batt= 94.8%
[ep= 206 step= 20 t= 4.73h]  lat=-40.728° lon=-112.795° alt=693.5km  →  International (-40.7°, -112.8°)  batt=100.0%
[ep= 206 step= 40 t= 4.90h]  lat= -4.482° lon=-119.160° alt=686.1km  →  International (-4.5°, -119.2°)  batt=100.0%
[ep= 206 step= 60 t= 6.72h]  lat=+33.992° lon=-125.204° alt=690.7km  →  International (+34.0°, -125.2°)  batt=100.0%
[ep= 206 step= 80 t=11.14h]  lat=-72.606° lon= -92.652° alt=701.2km  →  International (-72.6°, -92.7°)  batt=100.0%
[ep= 206 step=100 t=14.10h]  lat=-34.637° lon= +54.970° alt=686.7km  →  International (-34.6°, +55.0°)  batt= 99.7%
[ep= 206 step=120 t=16.24h]  lat=-34.849° lon=-113.663° alt=691.8km  →  International (-34.8°, -113.7°)  batt=100.0%
[ep= 206 step=140 t=18.13h]  lat=+19.375° lon=-122.104° alt=687.5km  →  International (+19.4°, -122.1°)  batt=100.0%
[ep= 206 step=160 t=19.00h]  lat=-29.590° lon= +56.173° alt=684.8km  →  International (-29.6°, +56.2°)  batt= 99.7%
[ep= 206 step=180 t=19.52h]  lat=-34.791° lon=-113.540° alt=691.9km  →  International (-34.8°, -113.5°)  batt=100.0%
[ep= 206 step=200 t=24.91h]  lat=+65.336° lon=-136.935° alt=698.6km  →  International (+65.3°, -136.9°)  batt=100.0%
[ep= 206 step=220 t=29.34h]  lat=-38.850° lon=-112.230° alt=693.4km  →  International (-38.8°, -112.2°)  batt=100.0%
[ep= 206 step=240 t=29.44h]  lat=-18.347° lon=-116.086° alt=688.4km  →  International (-18.3°, -116.1°)  batt=100.0%
[ep= 206 step=260 t=33.50h]  lat=+26.915° lon= +65.512° alt=682.7km  →  International (+26.9°, +65.5°)  batt= 99.9%
[ep= 206 step=280 t=39.53h]  lat=+36.891° lon=-124.464° alt=691.5km  →  International (+36.9°, -124.5°)  batt=100.0%
[ep= 206 step=300 t=43.64h]  lat=-38.713° lon= +55.288° alt=687.7km  →  International (-38.7°, +55.3°)  batt= 99.7%
[ep= 206 step=320 t=45.27h]  lat=-37.241° lon= +55.695° alt=687.1km  →  International (-37.2°, +55.7°)  batt= 99.7%
[ep= 207 step= 20 t= 4.73h]  lat=-40.729° lon=-112.796° alt=693.5km  →  International (-40.7°, -112.8°)  batt= 99.2%
[ep= 207 step= 40 t= 4.90h]  lat= -4.483° lon=-119.161° alt=686.2km  →  International (-4.5°, -119.2°)  batt= 99.1%
[ep= 207 step= 60 t= 5.74h]  lat= -0.264° lon= +60.200° alt=679.5km  →  International (-0.3°, +60.2°)   batt= 99.7%
[ep= 207 step= 80 t= 8.88h]  lat=+30.019° lon= +65.061° alt=684.1km  →  International (+30.0°, +65.1°)  batt=100.0%
[ep= 207 step=100 t=14.04h]  lat=-21.938° lon= +57.309° alt=682.9km  →  International (-21.9°, +57.3°)  batt= 99.0%
[ep= 207 step=120 t=14.22h]  lat=-59.634° lon= +46.594° alt=695.8km  →  International (-59.6°, +46.6°)  batt= 99.1%
[ep= 207 step=140 t=17.34h]  lat=-26.225° lon= +56.712° alt=683.9km  →  International (-26.2°, +56.7°)  batt= 99.9%
[ep= 207 step=160 t=17.52h]  lat=-63.745° lon= +44.027° alt=696.9km  →  International (-63.7°, +44.0°)  batt= 99.9%
[ep= 207 step=180 t=21.96h]  lat=+40.067° lon= +67.748° alt=687.1km  →  International (+40.1°, +67.7°)  batt= 98.6%
[ep= 207 step=200 t=25.98h]  lat=-56.176° lon=-106.725° alt=698.1km  →  International (-56.2°, -106.7°)  batt= 98.9%
[ep= 207 step=220 t=27.79h]  lat=-19.908° lon=-115.914° alt=688.6km  →  International (-19.9°, -115.9°)  batt= 98.4%
[ep= 207 step=240 t=28.98h]  lat=-60.725° lon= +46.551° alt=695.9km  →  International (-60.7°, +46.6°)  batt= 98.6%
[ep= 207 step=260 t=31.11h]  lat=-11.979° lon=-116.995° alt=687.5km  →  International (-12.0°, -117.0°)  batt= 99.1%
[ep= 207 step=280 t=33.94h]  lat=-68.538° lon= +40.278° alt=698.3km  →  International (-68.5°, +40.3°)  batt=100.0%
[ep= 207 step=300 t=37.06h]  lat=-33.765° lon= +56.093° alt=686.2km  →  International (-33.8°, +56.1°)  batt= 99.1%
[ep= 207 step=320 t=38.88h]  lat=-71.086° lon= +37.178° alt=699.2km  →  International (-71.1°, +37.2°)  batt= 99.6%
[ep= 207 step=340 t=40.27h]  lat=-18.086° lon= +59.007° alt=681.6km  →  International (-18.1°, +59.0°)  batt= 99.9%
[ep= 207 step=360 t=40.43h]  lat=-54.138° lon= +50.362° alt=693.7km  →  International (-54.1°, +50.4°)  batt=100.0%
[ep= 207 step=380 t=41.88h]  lat=-11.131° lon= +60.127° alt=680.2km  →  International (-11.1°, +60.1°)  batt= 99.9%
[ep= 207 step=400 t=42.05h]  lat=-49.123° lon= +52.309° alt=691.7km  →  International (-49.1°, +52.3°)  batt= 99.9%
[ep= 207 step=420 t=43.60h]  lat=-29.644° lon= +57.170° alt=684.5km  →  International (-29.6°, +57.2°)  batt=100.0%
[ep= 207 step=440 t=45.23h]  lat=-28.162° lon= +57.514° alt=684.0km  →  International (-28.2°, +57.5°)  batt= 99.9%
[ep= 207 step=460 t=47.27h]  lat=-64.303° lon=-100.936° alt=700.3km  →  International (-64.3°, -100.9°)  batt= 99.6%
[ep= 208 step= 20 t= 5.71h]  lat= +7.005° lon= +61.234° alt=679.5km  →  International (+7.0°, +61.2°)   batt= 99.8%
[ep= 208 step= 40 t=10.47h]  lat=+40.470° lon= +67.376° alt=687.1km  →  International (+40.5°, +67.4°)  batt= 99.9%
[ep= 208 step= 60 t=16.18h]  lat=-47.328° lon=-110.488° alt=695.4km  →  International (-47.3°, -110.5°)  batt=100.0%
[ep= 208 step= 80 t=18.96h]  lat=-21.231° lon= +57.633° alt=682.3km  →  International (-21.2°, +57.6°)  batt= 99.7%
[ep= 208 step=100 t=19.12h]  lat=-57.196° lon= +48.097° alt=694.5km  →  International (-57.2°, +48.1°)  batt=100.0%
[ep= 208 step=120 t=22.92h]  lat= -9.816° lon=-117.643° alt=686.9km  →  International (-9.8°, -117.6°)  batt=100.0%
[ep= 208 step=140 t=25.02h]  lat=+81.457° lon=+131.543° alt=699.6km  →  International (+81.5°, +131.5°)  batt=100.0%
[ep= 208 step=160 t=29.34h]  lat=-39.273° lon=-112.130° alt=693.5km  →  International (-39.3°, -112.1°)  batt=100.0%
[ep= 208 step=180 t=29.49h]  lat= -7.867° lon=-117.654° alt=686.8km  →  International (-7.9°, -117.7°)  batt=100.0%
[ep= 208 step=200 t=30.23h]  lat=+24.976° lon= +65.039° alt=682.0km  →  International (+25.0°, +65.0°)  batt= 99.8%
[ep= 208 step=220 t=31.09h]  lat=-15.405° lon=-116.471° alt=687.9km  →  International (-15.4°, -116.5°)  batt=100.0%
[ep= 208 step=240 t=31.97h]  lat= +3.382° lon= +61.808° alt=678.8km  →  International (+3.4°, +61.8°)   batt= 99.8%
[ep= 208 step=260 t=33.12h]  lat=+67.634° lon=-138.762° alt=698.6km  →  International (+67.6°, -138.8°)  batt=100.0%
[ep= 208 step=280 t=36.28h]  lat=+41.868° lon=-125.786° alt=693.0km  →  International (+41.9°, -125.8°)  batt=100.0%
[ep= 208 step=300 t=38.71h]  lat=-36.165° lon= +55.668° alt=686.7km  →  International (-36.2°, +55.7°)  batt= 99.7%
[ep= 208 step=320 t=40.25h]  lat=-14.723° lon= +59.540° alt=680.6km  →  International (-14.7°, +59.5°)  batt= 99.8%
[ep= 208 step=340 t=40.75h]  lat=-54.805° lon=-106.721° alt=697.8km  →  International (-54.8°, -106.7°)  batt=100.0%
[ep= 208 step=360 t=41.95h]  lat=-27.788° lon= +57.463° alt=683.9km  →  International (-27.8°, +57.5°)  batt= 99.7%
[ep= 208 step=380 t=44.08h]  lat=-45.232° lon=-109.958° alt=695.2km  →  International (-45.2°, -110.0°)  batt=100.0%
[ep= 209 step= 20 t= 1.05h]  lat=-50.011° lon= +50.319° alt=692.0km  →  International (-50.0°, +50.3°)  batt= 99.4%
[ep= 209 step= 40 t= 5.45h]  lat=+62.788° lon= +76.222° alt=695.1km  →  International (+62.8°, +76.2°)  batt= 97.1%
[ep= 209 step= 60 t= 9.22h]  lat=-44.518° lon= +52.374° alt=689.7km  →  International (-44.5°, +52.4°)  batt= 96.2%
[ep= 209 step= 80 t=13.97h]  lat= -7.436° lon= +59.517° alt=679.5km  →  International (-7.4°, +59.5°)   batt= 99.1%
[ep= 209 step=100 t=17.12h]  lat=+22.863° lon= +64.133° alt=681.6km  →  International (+22.9°, +64.1°)  batt= 99.1%
[ep= 209 step=120 t=17.95h]  lat=-19.949° lon=-116.309° alt=688.7km  →  International (-19.9°, -116.3°)  batt= 99.6%
[ep= 209 step=140 t=19.15h]  lat=-62.432° lon= +45.044° alt=696.1km  →  International (-62.4°, +45.0°)  batt=100.0%
[ep= 209 step=160 t=23.85h]  lat=-14.931° lon= +58.824° alt=680.7km  →  International (-14.9°, +58.8°)  batt= 99.1%
[ep= 209 step=180 t=25.45h]  lat= -6.151° lon= +60.180° alt=679.5km  →  International (-6.2°, +60.2°)   batt= 98.9%
[ep= 209 step=200 t=25.62h]  lat=-42.438° lon= +53.619° alt=689.0km  →  International (-42.4°, +53.6°)  batt= 98.9%
[ep= 209 step=220 t=30.03h]  lat=+66.632° lon= +80.388° alt=695.9km  →  International (+66.6°, +80.4°)  batt= 96.6%
[ep= 209 step=240 t=31.33h]  lat=+37.211° lon=-124.879° alt=691.9km  →  International (+37.2°, -124.9°)  batt= 99.3%
[ep= 209 step=260 t=33.87h]  lat=-53.040° lon= +50.554° alt=692.7km  →  International (-53.0°, +50.6°)  batt= 98.7%
[ep= 209 step=280 t=37.66h]  lat=-14.120° lon=-116.400° alt=687.9km  →  International (-14.1°, -116.4°)  batt= 99.6%
[ep= 209 step=300 t=40.82h]  lat=-40.588° lon=-111.337° alt=694.2km  →  International (-40.6°, -111.3°)  batt= 99.6%
[ep= 209 step=320 t=40.91h]  lat=-20.104° lon=-115.333° alt=689.1km  →  International (-20.1°, -115.3°)  batt= 99.6%
[ep= 209 step=340 t=41.02h]  lat= +4.145° lon=-118.889° alt=686.9km  →  International (+4.1°, -118.9°)  batt= 99.5%
[ep= 209 step=360 t=44.49h]  lat=+44.652° lon=-126.203° alt=694.0km  →  International (+44.7°, -126.2°)  batt= 99.5%
[ep= 209 step=380 t=47.96h]  lat=+80.995° lon=+178.656° alt=699.8km  →  International (+81.0°, +178.7°)  batt= 98.6%
[ep= 210 step= 20 t= 4.13h]  lat= -5.422° lon= +59.399° alt=679.8km  →  International (-5.4°, +59.4°)   batt= 98.4%
[ep= 210 step= 40 t= 4.29h]  lat=-41.715° lon= +52.920° alt=688.9km  →  International (-41.7°, +52.9°)  batt= 98.4%
[ep= 210 step= 60 t= 6.43h]  lat=-27.732° lon=-115.464° alt=689.8km  →  International (-27.7°, -115.5°)  batt= 98.1%
[ep= 210 step= 80 t= 7.58h]  lat=-42.388° lon= +52.879° alt=689.0km  →  International (-42.4°, +52.9°)  batt= 97.5%
[ep= 210 step=100 t= 9.18h]  lat=-35.519° lon= +54.572° alt=686.5km  →  International (-35.5°, +54.6°)  batt= 99.1%
[ep= 210 step=120 t=13.30h]  lat=+38.963° lon=-126.033° alt=692.2km  →  International (+39.0°, -126.0°)  batt= 99.7%
[ep= 210 step=140 t=16.11h]  lat=-63.220° lon=-103.034° alt=699.5km  →  International (-63.2°, -103.0°)  batt=100.0%
[ep= 210 step=160 t=16.32h]  lat=-17.256° lon=-116.808° alt=687.9km  →  International (-17.3°, -116.8°)  batt= 99.9%
[ep= 210 step=180 t=16.74h]  lat=+71.725° lon=-144.724° alt=699.4km  →  International (+71.7°, -144.7°)  batt= 99.8%
[ep= 210 step=200 t=16.90h]  lat=+68.562° lon= +81.848° alt=696.5km  →  International (+68.6°, +81.8°)  batt=100.0%
[ep= 210 step=220 t=17.07h]  lat=+33.132° lon= +66.007° alt=684.6km  →  International (+33.1°, +66.0°)  batt=100.0%
[ep= 210 step=240 t=17.24h]  lat= -3.264° lon= +60.244° alt=679.1km  →  International (-3.3°, +60.2°)   batt=100.0%
[ep= 210 step=260 t=17.40h]  lat=-39.590° lon= +53.984° alt=687.8km  →  International (-39.6°, +54.0°)  batt=100.0%
[ep= 210 step=280 t=17.59h]  lat=-77.335° lon= +21.622° alt=700.2km  →  International (-77.3°, +21.6°)  batt=100.0%
[ep= 210 step=300 t=17.79h]  lat=-53.533° lon=-108.214° alt=697.3km  →  International (-53.5°, -108.2°)  batt=100.0%
[ep= 210 step=320 t=18.93h]  lat=-15.760° lon= +58.485° alt=680.7km  →  International (-15.8°, +58.5°)  batt=100.0%
[ep= 210 step=340 t=23.68h]  lat=+23.317° lon= +64.474° alt=681.9km  →  International (+23.3°, +64.5°)  batt=100.0%
[ep= 210 step=360 t=25.65h]  lat=-49.625° lon= +51.465° alt=691.8km  →  International (-49.6°, +51.5°)  batt= 99.7%
[ep= 210 step=380 t=27.22h]  lat=-33.775° lon= +55.682° alt=685.9km  →  International (-33.8°, +55.7°)  batt= 99.3%
[ep= 210 step=400 t=28.68h]  lat= +4.095° lon= +61.761° alt=679.2km  →  International (+4.1°, +61.8°)   batt= 99.2%
[ep= 210 step=420 t=28.85h]  lat=-32.302° lon= +56.047° alt=685.4km  →  International (-32.3°, +56.0°)  batt= 99.1%
[ep= 210 step=440 t=30.33h]  lat= +1.931° lon= +61.521° alt=679.1km  →  International (+1.9°, +61.5°)   batt= 99.3%
[ep= 210 step=460 t=30.52h]  lat=-39.862° lon= +54.459° alt=687.9km  →  International (-39.9°, +54.5°)  batt= 99.2%
[ep= 210 step=480 t=33.74h]  lat=-26.072° lon= +57.412° alt=683.2km  →  International (-26.1°, +57.4°)  batt= 99.2%
[ep= 210 step=500 t=36.88h]  lat= +4.232° lon= +62.117° alt=678.9km  →  International (+4.2°, +62.1°)   batt=100.0%
[ep= 210 step=520 t=39.35h]  lat= -2.840° lon=-117.980° alt=686.7km  →  International (-2.8°, -118.0°)  batt= 99.8%
[ep= 210 step=540 t=40.91h]  lat=-20.681° lon=-115.252° alt=689.1km  →  International (-20.7°, -115.3°)  batt= 99.8%
[ep= 210 step=560 t=41.41h]  lat=+81.861° lon=+159.474° alt=699.6km  →  International (+81.9°, +159.5°)  batt= 99.6%
[ep= 210 step=580 t=44.22h]  lat=-14.551° lon=-116.074° alt=688.1km  →  International (-14.6°, -116.1°)  batt= 99.4%
[ep= 211 step= 20 t= 4.43h]  lat=-71.445° lon= +35.211° alt=699.1km  →  International (-71.4°, +35.2°)  batt=100.0%
[ep= 211 step= 40 t= 8.23h]  lat= +7.104° lon=-120.671° alt=686.3km  →  International (+7.1°, -120.7°)  batt=100.0%
[ep= 211 step= 60 t=12.97h]  lat=-31.894° lon=-114.404° alt=691.1km  →  International (-31.9°, -114.4°)  batt=100.0%
[ep= 211 step= 80 t=14.15h]  lat=-45.432° lon= +52.317° alt=690.6km  →  International (-45.4°, +52.3°)  batt=100.0%
[ep= 211 step=100 t=15.65h]  lat=-14.993° lon= +58.474° alt=681.3km  →  International (-15.0°, +58.5°)  batt=100.0%
[ep= 211 step=120 t=15.82h]  lat=-52.895° lon= +49.859° alt=693.3km  →  International (-52.9°, +49.9°)  batt=100.0%
[ep= 211 step=140 t=18.92h]  lat=-12.012° lon= +59.055° alt=680.5km  →  International (-12.0°, +59.1°)  batt=100.0%
[ep= 211 step=160 t=19.09h]  lat=-49.984° lon= +51.073° alt=692.1km  →  International (-50.0°, +51.1°)  batt=100.0%
[ep= 211 step=180 t=23.83h]  lat=-11.168° lon= +59.383° alt=680.3km  →  International (-11.2°, +59.4°)  batt=100.0%
[ep= 211 step=200 t=27.28h]  lat=-48.014° lon= +52.069° alt=691.2km  →  International (-48.0°, +52.1°)  batt=100.0%
[ep= 211 step=220 t=31.06h]  lat=-22.870° lon=-115.289° alt=689.4km  →  International (-22.9°, -115.3°)  batt=100.0%
[ep= 211 step=240 t=32.58h]  lat=-49.557° lon=-109.086° alt=696.7km  →  International (-49.6°, -109.1°)  batt=100.0%
[ep= 211 step=260 t=34.73h]  lat=+60.850° lon=-133.276° alt=697.6km  →  International (+60.8°, -133.3°)  batt=100.0%
[ep= 211 step=280 t=37.09h]  lat=-40.987° lon= +54.465° alt=688.8km  →  International (-41.0°, +54.5°)  batt=100.0%
[ep= 211 step=300 t=40.56h]  lat=-78.843° lon= +15.753° alt=701.0km  →  International (-78.8°, +15.8°)  batt=100.0%
[ep= 211 step=320 t=46.59h]  lat=+33.387° lon= +67.282° alt=684.5km  →  International (+33.4°, +67.3°)  batt=100.0%
[ep= 212 step= 20 t= 3.13h]  lat=-32.003° lon=-114.794° alt=691.2km  →  International (-32.0°, -114.8°)  batt=100.0%
[ep= 212 step= 40 t= 7.28h]  lat=+21.226° lon= +63.451° alt=681.4km  →  International (+21.2°, +63.5°)  batt= 99.9%
[ep= 212 step= 60 t=10.76h]  lat=-21.377° lon= +57.263° alt=681.8km  →  International (-21.4°, +57.3°)  batt= 99.8%
[ep= 212 step= 80 t=12.89h]  lat=-49.741° lon=-109.841° alt=696.4km  →  International (-49.7°, -109.8°)  batt= 99.9%
[ep= 212 step=100 t=13.06h]  lat=-13.646° lon=-117.493° alt=687.6km  →  International (-13.6°, -117.5°)  batt=100.0%
[ep= 212 step=120 t=17.18h]  lat=+10.060° lon= +62.145° alt=679.4km  →  International (+10.1°, +62.1°)  batt= 99.9%
[ep= 212 step=140 t=20.58h]  lat=-17.965° lon= +58.214° alt=681.2km  →  International (-18.0°, +58.2°)  batt= 99.8%
[ep= 212 step=160 t=20.75h]  lat=-54.024° lon= +49.601° alt=693.3km  →  International (-54.0°, +49.6°)  batt=100.0%
[ep= 212 step=180 t=23.88h]  lat=-22.289° lon= +57.652° alt=682.1km  →  International (-22.3°, +57.7°)  batt= 99.8%
[ep= 212 step=200 t=25.38h]  lat=+10.170° lon= +62.498° alt=679.2km  →  International (+10.2°, +62.5°)  batt= 99.9%
[ep= 212 step=220 t=25.59h]  lat=-37.130° lon= +54.894° alt=686.7km  →  International (-37.1°, +54.9°)  batt= 99.8%
[ep= 212 step=240 t=29.36h]  lat=-35.618° lon=-112.975° alt=692.7km  →  International (-35.6°, -113.0°)  batt=100.0%
[ep= 212 step=260 t=31.83h]  lat=+32.453° lon= +66.473° alt=683.9km  →  International (+32.5°, +66.5°)  batt=100.0%
[ep= 212 step=280 t=34.98h]  lat=+60.969° lon= +76.223° alt=693.6km  →  International (+61.0°, +76.2°)  batt=100.0%
[ep= 212 step=300 t=36.84h]  lat=+13.852° lon= +63.513° alt=679.2km  →  International (+13.9°, +63.5°)  batt= 99.8%
[ep= 212 step=320 t=40.28h]  lat=-21.465° lon= +58.462° alt=681.6km  →  International (-21.5°, +58.5°)  batt= 99.8%
[ep= 212 step=340 t=41.97h]  lat=-32.687° lon= +56.511° alt=685.2km  →  International (-32.7°, +56.5°)  batt= 99.8%
[ep= 212 step=360 t=43.17h]  lat=+62.818° lon= +77.780° alt=694.2km  →  International (+62.8°, +77.8°)  batt=100.0%
[ep= 212 step=380 t=45.25h]  lat=-31.553° lon= +56.868° alt=684.8km  →  International (-31.6°, +56.9°)  batt= 99.8%
[ep= 212 step=400 t=46.08h]  lat=+34.331° lon=-123.659° alt=691.1km  →  International (+34.3°, -123.7°)  batt=100.0%
[ep= 212 step=420 t=46.91h]  lat=-35.511° lon= +56.124° alt=686.1km  →  International (-35.5°, +56.1°)  batt= 99.8%
[ep= 212 step=440 t=47.76h]  lat=+41.875° lon=-125.335° alt=693.0km  →  International (+41.9°, -125.3°)  batt=100.0%
[ep= 213 step= 20 t= 5.39h]  lat=+74.467° lon= +90.862° alt=698.2km  →  International (+74.5°, +90.9°)  batt=100.0%
[ep= 213 step= 40 t=10.72h]  lat=-12.844° lon= +58.591° alt=680.6km  →  International (-12.8°, +58.6°)  batt= 99.8%
[ep= 213 step= 60 t=11.24h]  lat=-53.085° lon=-108.668° alt=696.9km  →  International (-53.1°, -108.7°)  batt=100.0%
[ep= 213 step= 80 t=15.99h]  lat=-81.869° lon= -21.740° alt=701.3km  →  International (-81.9°, -21.7°)  batt=100.0%
[ep= 213 step=100 t=17.88h]  lat=-35.657° lon=-113.431° alt=692.1km  →  International (-35.7°, -113.4°)  batt=100.0%
[ep= 213 step=120 t=18.01h]  lat= -7.244° lon=-118.227° alt=686.5km  →  International (-7.2°, -118.2°)  batt=100.0%
[ep= 213 step=140 t=19.43h]  lat=-55.002° lon=-107.526° alt=697.6km  →  International (-55.0°, -107.5°)  batt=100.0%
[ep= 213 step=160 t=22.85h]  lat=-23.792° lon=-115.478° alt=689.4km  →  International (-23.8°, -115.5°)  batt=100.0%
[ep= 213 step=180 t=27.60h]  lat=-60.415° lon=-104.417° alt=699.0km  →  International (-60.4°, -104.4°)  batt=100.0%
[ep= 213 step=200 t=30.75h]  lat=-81.936° lon= -29.671° alt=701.5km  →  International (-81.9°, -29.7°)  batt=100.0%
[ep= 213 step=220 t=32.02h]  lat= -8.096° lon= +60.164° alt=679.8km  →  International (-8.1°, +60.2°)   batt= 99.8%
[ep= 213 step=240 t=32.19h]  lat=-44.352° lon= +53.364° alt=689.7km  →  International (-44.4°, +53.4°)  batt=100.0%
[ep= 213 step=260 t=35.47h]  lat=-45.025° lon= +53.311° alt=689.9km  →  International (-45.0°, +53.3°)  batt=100.0%
[ep= 213 step=280 t=38.44h]  lat=+23.365° lon= +65.089° alt=681.8km  →  International (+23.4°, +65.1°)  batt= 99.8%
[ep= 213 step=300 t=41.61h]  lat=+46.191° lon= +70.204° alt=688.8km  →  International (+46.2°, +70.2°)  batt= 99.9%
[ep= 213 step=320 t=45.09h]  lat= +1.974° lon= +62.136° alt=678.7km  →  International (+2.0°, +62.1°)   batt= 99.8%
[ep= 213 step=340 t=46.64h]  lat=+23.497° lon= +65.449° alt=681.4km  →  International (+23.5°, +65.4°)  batt= 99.8%
[ep= 214 step= 20 t= 3.47h]  lat=+40.567° lon=-126.825° alt=692.4km  →  International (+40.6°, -126.8°)  batt= 99.8%
[ep= 214 step= 40 t= 8.83h]  lat=+40.821° lon= +67.391° alt=687.4km  →  International (+40.8°, +67.4°)  batt=100.0%
[ep= 214 step= 60 t=12.30h]  lat= +0.198° lon= +60.534° alt=679.1km  →  International (+0.2°, +60.5°)   batt=100.0%
[ep= 214 step= 80 t=17.05h]  lat=+37.359° lon= +66.912° alt=685.8km  →  International (+37.4°, +66.9°)  batt=100.0%
[ep= 214 step=100 t=20.83h]  lat=-71.225° lon= +36.233° alt=698.7km  →  International (-71.2°, +36.2°)  batt=100.0%
[ep= 214 step=120 t=25.26h]  lat=+35.698° lon= +66.885° alt=685.5km  →  International (+35.7°, +66.9°)  batt=100.0%
[ep= 214 step=140 t=27.13h]  lat=-15.597° lon= +58.853° alt=680.7km  →  International (-15.6°, +58.9°)  batt=100.0%
[ep= 214 step=160 t=27.31h]  lat=-53.491° lon= +50.091° alt=693.0km  →  International (-53.5°, +50.1°)  batt=100.0%
[ep= 214 step=180 t=29.78h]  lat=+56.527° lon=-131.146° alt=696.7km  →  International (+56.5°, -131.1°)  batt= 99.5%
[ep= 214 step=200 t=33.23h]  lat=+80.791° lon=+122.249° alt=699.4km  →  International (+80.8°, +122.2°)  batt= 99.8%
[ep= 214 step=220 t=36.04h]  lat= -9.004° lon=-117.228° alt=687.3km  →  International (-9.0°, -117.2°)  batt= 99.9%
[ep= 214 step=240 t=37.56h]  lat=-35.864° lon=-112.573° alt=692.8km  →  International (-35.9°, -112.6°)  batt=100.0%
[ep= 214 step=260 t=37.76h]  lat= +7.708° lon=-119.542° alt=687.0km  →  International (+7.7°, -119.5°)  batt= 99.9%
[ep= 214 step=280 t=39.03h]  lat=-70.714° lon= -94.503° alt=701.1km  →  International (-70.7°, -94.5°)  batt=100.0%
[ep= 214 step=300 t=39.25h]  lat=-24.075° lon=-114.751° alt=689.9km  →  International (-24.1°, -114.8°)  batt= 99.9%
[ep= 214 step=320 t=39.33h]  lat= -6.514° lon=-117.450° alt=687.2km  →  International (-6.5°, -117.5°)  batt= 99.9%
[ep= 214 step=340 t=40.86h]  lat=-32.182° lon=-113.198° alt=692.0km  →  International (-32.2°, -113.2°)  batt= 99.9%
[ep= 214 step=360 t=41.69h]  lat=+29.339° lon= +66.287° alt=682.8km  →  International (+29.3°, +66.3°)  batt=100.0%
[ep= 214 step=380 t=44.51h]  lat=+48.222° lon=-127.287° alt=694.9km  →  International (+48.2°, -127.3°)  batt= 99.7%
[ep= 215 step= 20 t= 1.50h]  lat=-30.547° lon=-115.142° alt=690.6km  →  International (-30.5°, -115.1°)  batt=100.0%
[ep= 215 step= 40 t= 1.67h]  lat= +5.796° lon=-120.755° alt=686.1km  →  International (+5.8°, -120.8°)  batt=100.0%
[ep= 215 step= 60 t= 4.47h]  lat=-77.594° lon= +20.085° alt=700.4km  →  International (-77.6°, +20.1°)  batt=100.0%
[ep= 215 step= 80 t= 6.93h]  lat=+78.546° lon=-164.076° alt=700.0km  →  International (+78.5°, -164.1°)  batt=100.0%
[ep= 215 step=100 t=11.69h]  lat=+45.798° lon=-127.892° alt=693.7km  →  International (+45.8°, -127.9°)  batt=100.0%
[ep= 215 step=120 t=15.68h]  lat=-20.514° lon= +57.606° alt=682.1km  →  International (-20.5°, +57.6°)  batt= 99.9%
[ep= 215 step=140 t=17.15h]  lat=+15.596° lon= +62.972° alt=680.5km  →  International (+15.6°, +63.0°)  batt= 99.9%
[ep= 215 step=160 t=20.81h]  lat=-66.168° lon= +42.156° alt=697.5km  →  International (-66.2°, +42.2°)  batt=100.0%
[ep= 215 step=180 t=23.94h]  lat=-34.864° lon= +55.320° alt=686.2km  →  International (-34.9°, +55.3°)  batt= 99.8%
[ep= 215 step=200 t=28.05h]  lat=+36.506° lon=-124.867° alt=691.6km  →  International (+36.5°, -124.9°)  batt=100.0%
[ep= 215 step=220 t=32.82h]  lat= +3.035° lon=-119.081° alt=686.5km  →  International (+3.0°, -119.1°)  batt=100.0%
[ep= 215 step=240 t=38.52h]  lat= +5.792° lon= +62.406° alt=679.2km  →  International (+5.8°, +62.4°)   batt= 99.9%
[ep= 215 step=260 t=38.68h]  lat=-30.618° lon= +56.780° alt=684.8km  →  International (-30.6°, +56.8°)  batt= 99.8%
[ep= 215 step=280 t=38.86h]  lat=-67.893° lon= +41.183° alt=698.1km  →  International (-67.9°, +41.2°)  batt=100.0%
[ep= 215 step=300 t=43.58h]  lat=-24.370° lon= +58.112° alt=682.7km  →  International (-24.4°, +58.1°)  batt= 99.8%
[ep= 215 step=320 t=45.41h]  lat=-65.742° lon= +43.550° alt=697.3km  →  International (-65.7°, +43.5°)  batt=100.0%
[ep= 216 step= 20 t= 1.03h]  lat=-44.652° lon= +51.997° alt=689.7km  →  International (-44.7°, +52.0°)  batt= 99.9%
[ep= 216 step= 40 t= 4.26h]  lat=-34.523° lon= +54.585° alt=686.0km  →  International (-34.5°, +54.6°)  batt= 98.7%
[ep= 216 step= 60 t= 8.35h]  lat=+32.555° lon=-124.845° alt=690.7km  →  International (+32.6°, -124.8°)  batt= 97.7%
[ep= 216 step= 80 t=13.12h]  lat= -0.934° lon=-119.329° alt=686.5km  →  International (-0.9°, -119.3°)  batt= 96.0%
[ep= 216 step=100 t=14.62h]  lat=-31.461° lon=-114.428° alt=691.4km  →  International (-31.5°, -114.4°)  batt= 99.8%
[ep= 216 step=120 t=16.10h]  lat=-64.915° lon=-101.730° alt=700.0km  →  International (-64.9°, -101.7°)  batt= 99.7%
[ep= 216 step=140 t=19.04h]  lat=-39.345° lon= +54.117° alt=687.8km  →  International (-39.3°, +54.1°)  batt=100.0%
[ep= 216 step=160 t=22.80h]  lat=-35.210° lon=-113.326° alt=692.2km  →  International (-35.2°, -113.3°)  batt= 99.3%
[ep= 216 step=180 t=25.57h]  lat=-31.659° lon= +56.039° alt=684.9km  →  International (-31.7°, +56.0°)  batt= 97.9%
[ep= 216 step=200 t=27.14h]  lat=-17.476° lon= +58.559° alt=680.8km  →  International (-17.5°, +58.6°)  batt= 97.3%
[ep= 216 step=220 t=28.32h]  lat=+80.346° lon=+117.515° alt=699.1km  →  International (+80.3°, +117.5°)  batt= 96.9%
[ep= 216 step=240 t=32.73h]  lat=-16.892° lon=-116.192° alt=688.4km  →  International (-16.9°, -116.2°)  batt= 95.3%
[ep= 216 step=260 t=34.26h]  lat=-40.070° lon=-111.751° alt=694.0km  →  International (-40.1°, -111.8°)  batt= 94.7%
[ep= 216 step=280 t=35.11h]  lat=+33.641° lon= +66.850° alt=684.2km  →  International (+33.6°, +66.9°)  batt= 95.5%
[ep= 216 step=300 t=38.56h]  lat= -3.447° lon= +61.094° alt=678.5km  →  International (-3.4°, +61.1°)   batt= 95.7%
[ep= 216 step=320 t=42.02h]  lat=-42.241° lon= +54.340° alt=688.6km  →  International (-42.2°, +54.3°)  batt= 99.0%
[ep= 216 step=340 t=44.05h]  lat=-50.600° lon=-108.262° alt=697.1km  →  International (-50.6°, -108.3°)  batt= 99.8%
[ep= 216 step=360 t=45.23h]  lat=-28.454° lon= +57.458° alt=683.8km  →  International (-28.5°, +57.5°)  batt=100.0%
[ep= 216 step=380 t=46.39h]  lat=+75.008° lon= +93.836° alt=697.7km  →  International (+75.0°, +93.8°)  batt= 99.4%
[ep= 216 step=400 t=46.88h]  lat=-30.604° lon= +57.121° alt=684.5km  →  International (-30.6°, +57.1°)  batt= 99.2%
[ep= 217 step= 20 t= 2.58h]  lat=-26.924° lon= +55.982° alt=684.1km  →  International (-26.9°, +56.0°)  batt= 99.9%
[ep= 217 step= 40 t= 4.22h]  lat=-25.445° lon= +56.310° alt=683.6km  →  International (-25.4°, +56.3°)  batt= 99.9%
[ep= 217 step= 60 t= 5.05h]  lat=+28.267° lon=-124.159° alt=689.1km  →  International (+28.3°, -124.2°)  batt=100.0%
[ep= 217 step= 80 t= 5.83h]  lat=-18.516° lon= +57.522° alt=681.8km  →  International (-18.5°, +57.5°)  batt= 99.9%
[ep= 217 step=100 t= 6.00h]  lat=-56.326° lon= +47.970° alt=694.3km  →  International (-56.3°, +48.0°)  batt=100.0%
[ep= 217 step=120 t= 7.43h]  lat=-11.574° lon= +58.645° alt=680.4km  →  International (-11.6°, +58.6°)  batt= 99.9%
[ep= 217 step=140 t= 7.61h]  lat=-49.556° lon= +50.746° alt=691.7km  →  International (-49.6°, +50.7°)  batt= 99.8%
[ep= 217 step=160 t=10.72h]  lat=-12.261° lon= +58.680° alt=680.4km  →  International (-12.3°, +58.7°)  batt= 99.9%
[ep= 217 step=180 t=13.83h]  lat=+23.519° lon= +64.106° alt=682.2km  →  International (+23.5°, +64.1°)  batt= 99.9%
[ep= 217 step=200 t=16.38h]  lat= -5.727° lon=-118.509° alt=686.4km  →  International (-5.7°, -118.5°)  batt=100.0%
[ep= 217 step=220 t=17.91h]  lat=-28.391° lon=-114.867° alt=690.3km  →  International (-28.4°, -114.9°)  batt=100.0%
[ep= 217 step=240 t=21.02h]  lat=-65.678° lon=-100.860° alt=700.2km  →  International (-65.7°, -100.9°)  batt=100.0%
[ep= 217 step=260 t=25.45h]  lat= -6.198° lon= +60.173° alt=679.5km  →  International (-6.2°, +60.2°)   batt= 99.9%
[ep= 217 step=280 t=27.16h]  lat=-21.104° lon= +57.992° alt=682.2km  →  International (-21.1°, +58.0°)  batt= 99.9%
[ep= 217 step=300 t=27.33h]  lat=-58.833° lon= +47.589° alt=695.2km  →  International (-58.8°, +47.6°)  batt=100.0%
[ep= 217 step=320 t=30.32h]  lat= +5.554° lon= +62.045° alt=679.2km  →  International (+5.6°, +62.0°)   batt= 99.9%
[ep= 217 step=340 t=30.48h]  lat=-30.854° lon= +56.407° alt=684.9km  →  International (-30.9°, +56.4°)  batt= 99.8%
[ep= 217 step=360 t=31.64h]  lat=+72.917° lon= +88.767° alt=697.5km  →  International (+72.9°, +88.8°)  batt=100.0%
[ep= 217 step=380 t=37.04h]  lat=-30.396° lon= +56.769° alt=684.5km  →  International (-30.4°, +56.8°)  batt= 99.8%
[ep= 217 step=400 t=41.79h]  lat= +6.826° lon= +62.702° alt=678.8km  →  International (+6.8°, +62.7°)   batt= 99.9%
[ep= 217 step=420 t=43.97h]  lat=-68.045° lon= -97.601° alt=700.9km  →  International (-68.0°, -97.6°)  batt=100.0%
[ep= 217 step=440 t=47.43h]  lat=-28.347° lon=-113.653° alt=690.9km  →  International (-28.3°, -113.7°)  batt=100.0%
[ep= 218 step= 20 t= 5.08h]  lat=+33.700° lon=-125.212° alt=690.9km  →  International (+33.7°, -125.2°)  batt=100.0%
[ep= 218 step= 40 t= 8.37h]  lat=+36.164° lon=-125.598° alt=691.6km  →  International (+36.2°, -125.6°)  batt=100.0%
[ep= 218 step= 60 t=12.14h]  lat=+34.738° lon= +66.136° alt=685.0km  →  International (+34.7°, +66.1°)  batt=100.0%
[ep= 218 step= 80 t=12.98h]  lat=-30.005° lon=-114.773° alt=690.9km  →  International (-30.0°, -114.8°)  batt=100.0%
[ep= 218 step=100 t=13.15h]  lat= +6.336° lon=-120.360° alt=686.6km  →  International (+6.3°, -120.4°)  batt=100.0%
[ep= 218 step=120 t=15.62h]  lat= -9.628° lon= +59.265° alt=679.5km  →  International (-9.6°, +59.3°)   batt=100.0%
[ep= 218 step=140 t=19.06h]  lat=-42.936° lon= +53.215° alt=689.0km  →  International (-42.9°, +53.2°)  batt=100.0%
[ep= 218 step=160 t=22.27h]  lat=-29.153° lon= +56.387° alt=684.3km  →  International (-29.2°, +56.4°)  batt=100.0%
[ep= 218 step=180 t=23.11h]  lat=+31.950° lon=-124.114° alt=690.4km  →  International (+31.9°, -124.1°)  batt=100.0%
[ep= 218 step=200 t=23.93h]  lat=-31.301° lon= +56.045° alt=684.9km  →  International (-31.3°, +56.0°)  batt=100.0%
[ep= 218 step=220 t=24.43h]  lat=-36.692° lon=-112.934° alt=692.7km  →  International (-36.7°, -112.9°)  batt=100.0%
[ep= 218 step=240 t=27.16h]  lat=-21.092° lon= +57.987° alt=681.7km  →  International (-21.1°, +58.0°)  batt=100.0%
[ep= 218 step=260 t=29.01h]  lat=-66.095° lon= +42.561° alt=697.3km  →  International (-66.1°, +42.6°)  batt=100.0%
[ep= 218 step=280 t=32.13h]  lat=-32.980° lon= +56.052° alt=685.2km  →  International (-33.0°, +56.1°)  batt=100.0%
[ep= 218 step=300 t=35.91h]  lat=-37.960° lon=-112.177° alt=693.5km  →  International (-38.0°, -112.2°)  batt=100.0%
[ep= 218 step=320 t=39.09h]  lat=-59.845° lon=-104.277° alt=699.4km  →  International (-59.8°, -104.3°)  batt=100.0%
[ep= 218 step=340 t=39.67h]  lat=+66.596° lon=-137.467° alt=698.6km  →  International (+66.6°, -137.5°)  batt=100.0%
[ep= 218 step=360 t=44.43h]  lat=+32.082° lon=-123.260° alt=690.7km  →  International (+32.1°, -123.3°)  batt=100.0%
[ep= 218 step=380 t=45.38h]  lat=-60.060° lon= +47.638° alt=695.5km  →  International (-60.1°, +47.6°)  batt=100.0%
[ep= 218 step=400 t=46.74h]  lat= +1.588° lon= +62.152° alt=678.6km  →  International (+1.6°, +62.2°)   batt=100.0%
[ep= 219 step= 20 t= 2.46h]  lat= +0.987° lon= +60.242° alt=679.4km  →  International (+1.0°, +60.2°)   batt=100.0%
[ep= 219 step= 40 t= 6.91h]  lat=+73.693° lon=-148.673° alt=699.7km  →  International (+73.7°, -148.7°)  batt= 99.4%
[ep= 219 step= 60 t=10.24h]  lat=+81.519° lon=+168.667° alt=699.9km  →  International (+81.5°, +168.7°)  batt= 99.2%
[ep= 219 step= 80 t=11.94h]  lat=+76.855° lon= +97.835° alt=698.6km  →  International (+76.9°, +97.8°)  batt= 98.6%
[ep= 219 step=100 t=14.07h]  lat=-28.657° lon= +56.145° alt=684.5km  →  International (-28.7°, +56.1°)  batt= 97.8%
[ep= 219 step=120 t=14.57h]  lat=-41.118° lon=-112.290° alt=693.6km  →  International (-41.1°, -112.3°)  batt= 97.5%
[ep= 219 step=140 t=17.29h]  lat=-14.795° lon= +58.575° alt=680.8km  →  International (-14.8°, +58.6°)  batt= 96.1%
[ep= 219 step=160 t=18.44h]  lat=+81.471° lon=+169.950° alt=699.9km  →  International (+81.5°, +169.9°)  batt= 95.6%
[ep= 219 step=180 t=23.83h]  lat=-10.654° lon= +59.463° alt=680.0km  →  International (-10.7°, +59.5°)  batt= 97.0%
[ep= 219 step=200 t=26.98h]  lat=+17.838° lon= +63.734° alt=680.5km  →  International (+17.8°, +63.7°)  batt=100.0%
[ep= 219 step=220 t=30.46h]  lat=-24.743° lon= +57.522° alt=682.8km  →  International (-24.7°, +57.5°)  batt= 99.8%
[ep= 219 step=240 t=35.35h]  lat=-18.464° lon= +58.759° alt=681.5km  →  International (-18.5°, +58.8°)  batt= 98.1%
[ep= 219 step=260 t=35.54h]  lat=-59.796° lon= +47.397° alt=695.6km  →  International (-59.8°, +47.4°)  batt= 98.0%
[ep= 219 step=280 t=39.96h]  lat=+47.728° lon= +70.626° alt=689.4km  →  International (+47.7°, +70.6°)  batt= 95.8%
[ep= 219 step=300 t=43.64h]  lat=-38.265° lon= +55.401° alt=687.3km  →  International (-38.3°, +55.4°)  batt= 94.4%
[ep= 219 step=320 t=46.78h]  lat= -8.050° lon= +60.795° alt=679.3km  →  International (-8.1°, +60.8°)   batt=100.0%
[ep= 220 step= 20 t= 2.62h]  lat=-35.994° lon= +54.204° alt=686.5km  →  International (-36.0°, +54.2°)  batt= 98.6%
[ep= 220 step= 40 t= 5.97h]  lat=-51.020° lon= +50.171° alt=692.0km  →  International (-51.0°, +50.2°)  batt= 98.7%
[ep= 220 step= 60 t= 8.13h]  lat=-16.502° lon=-117.260° alt=687.9km  →  International (-16.5°, -117.3°)  batt= 97.6%
[ep= 220 step= 80 t=11.27h]  lat=-46.525° lon=-110.941° alt=695.4km  →  International (-46.5°, -110.9°)  batt= 99.7%
[ep= 220 step=100 t=11.43h]  lat=-10.369° lon=-118.041° alt=687.1km  →  International (-10.4°, -118.0°)  batt= 99.6%
[ep= 220 step=120 t=12.28h]  lat= +5.631° lon= +61.309° alt=678.9km  →  International (+5.6°, +61.3°)   batt=100.0%
[ep= 220 step=140 t=16.07h]  lat=-69.984° lon= -96.460° alt=700.8km  →  International (-70.0°, -96.5°)  batt= 99.6%
[ep= 220 step=160 t=19.86h]  lat=+38.523° lon=-125.646° alt=692.0km  →  International (+38.5°, -125.6°)  batt= 98.5%
[ep= 220 step=180 t=20.72h]  lat=-46.872° lon= +52.166° alt=690.6km  →  International (-46.9°, +52.2°)  batt= 98.1%
[ep= 220 step=200 t=22.17h]  lat= -5.528° lon= +60.135° alt=679.3km  →  International (-5.5°, +60.1°)   batt= 97.3%
[ep= 220 step=220 t=22.33h]  lat=-41.824° lon= +53.647° alt=688.7km  →  International (-41.8°, +53.6°)  batt= 97.2%
[ep= 220 step=240 t=23.19h]  lat=+49.945° lon=-128.735° alt=695.0km  →  International (+49.9°, -128.7°)  batt= 96.8%
[ep= 220 step=260 t=23.88h]  lat=-22.260° lon= +57.668° alt=682.2km  →  International (-22.3°, +57.7°)  batt= 96.4%
[ep= 220 step=280 t=25.36h]  lat=+13.848° lon= +63.053° alt=679.8km  →  International (+13.8°, +63.1°)  batt= 95.6%
[ep= 220 step=300 t=28.53h]  lat=+36.768° lon= +67.257° alt=685.4km  →  International (+36.8°, +67.3°)  batt= 93.9%
[ep= 220 step=320 t=32.34h]  lat=-76.425° lon= +25.443° alt=700.1km  →  International (-76.4°, +25.4°)  batt= 98.3%
[ep= 220 step=340 t=35.13h]  lat=+29.999° lon= +66.147° alt=683.0km  →  International (+30.0°, +66.1°)  batt= 96.8%
[ep= 220 step=360 t=37.64h]  lat=-17.061° lon=-115.946° alt=688.6km  →  International (-17.1°, -115.9°)  batt= 99.6%
[ep= 220 step=380 t=40.34h]  lat=-35.320° lon= +55.917° alt=685.9km  →  International (-35.3°, +55.9°)  batt= 98.2%
[ep= 220 step=400 t=43.64h]  lat=-39.594° lon= +55.088° alt=687.8km  →  International (-39.6°, +55.1°)  batt= 99.0%
[ep= 220 step=420 t=46.47h]  lat=+59.307° lon= +75.730° alt=693.1km  →  International (+59.3°, +75.7°)  batt= 97.6%
[ep= 221 step= 20 t= 4.72h]  lat=-42.525° lon=-112.336° alt=694.0km  →  International (-42.5°, -112.3°)  batt=100.0%
[ep= 221 step= 40 t= 4.89h]  lat= -6.303° lon=-118.900° alt=686.3km  →  International (-6.3°, -118.9°)  batt=100.0%
[ep= 221 step= 60 t= 7.37h]  lat= +3.049° lon= +60.737° alt=679.5km  →  International (+3.0°, +60.7°)   batt= 99.8%
[ep= 221 step= 80 t= 8.87h]  lat=+33.638° lon= +65.776° alt=685.1km  →  International (+33.6°, +65.8°)  batt= 99.9%
[ep= 221 step=100 t=13.61h]  lat=+71.450° lon= +85.535° alt=697.4km  →  International (+71.5°, +85.5°)  batt=100.0%
[ep= 221 step=120 t=15.72h]  lat=-31.337° lon= +55.703° alt=685.6km  →  International (-31.3°, +55.7°)  batt= 99.8%
[ep= 221 step=140 t=16.23h]  lat=-36.660° lon=-113.273° alt=692.4km  →  International (-36.7°, -113.3°)  batt=100.0%
[ep= 221 step=160 t=18.98h]  lat=-24.744° lon= +57.041° alt=683.4km  →  International (-24.7°, +57.0°)  batt= 99.8%
[ep= 221 step=180 t=20.61h]  lat=-23.261° lon= +57.362° alt=682.9km  →  International (-23.3°, +57.4°)  batt= 99.8%
[ep= 221 step=200 t=21.46h]  lat=+29.692° lon=-123.745° alt=689.8km  →  International (+29.7°, -123.7°)  batt=100.0%
[ep= 221 step=220 t=26.52h]  lat=+61.015° lon=-133.720° alt=697.6km  →  International (+61.0°, -133.7°)  batt=100.0%
[ep= 221 step=240 t=30.63h]  lat=-62.790° lon= +45.269° alt=696.6km  →  International (-62.8°, +45.3°)  batt=100.0%
[ep= 221 step=260 t=36.02h]  lat=-14.630° lon=-116.389° alt=687.8km  →  International (-14.6°, -116.4°)  batt=100.0%
[ep= 221 step=280 t=39.15h]  lat=-46.500° lon=-109.793° alt=695.6km  →  International (-46.5°, -109.8°)  batt=100.0%
[ep= 221 step=300 t=41.95h]  lat=-27.506° lon= +57.505° alt=684.0km  →  International (-27.5°, +57.5°)  batt= 99.8%
[ep= 221 step=320 t=43.12h]  lat=+74.265° lon= +91.978° alt=697.8km  →  International (+74.3°, +92.0°)  batt=100.0%
[ep= 221 step=340 t=43.68h]  lat=-47.670° lon= +52.858° alt=691.1km  →  International (-47.7°, +52.9°)  batt= 99.7%
[ep= 222 step= 20 t= 3.78h]  lat=+68.252° lon= +80.958° alt=696.7km  →  International (+68.3°, +81.0°)  batt= 99.7%
[ep= 222 step= 40 t= 7.60h]  lat=-47.765° lon= +51.336° alt=691.1km  →  International (-47.8°, +51.3°)  batt= 99.9%
[ep= 222 step= 60 t=10.07h]  lat=+50.840° lon=-129.601° alt=695.1km  →  International (+50.8°, -129.6°)  batt= 99.7%
[ep= 222 step= 80 t=13.88h]  lat=+14.429° lon= +62.666° alt=680.4km  →  International (+14.4°, +62.7°)  batt= 99.9%
[ep= 222 step=100 t=15.73h]  lat=-33.229° lon= +55.330° alt=686.0km  →  International (-33.2°, +55.3°)  batt= 99.9%
[ep= 222 step=120 t=16.90h]  lat=+69.121° lon= +82.504° alt=696.7km  →  International (+69.1°, +82.5°)  batt=100.0%
[ep= 222 step=140 t=17.39h]  lat=-37.177° lon= +54.555° alt=687.3km  →  International (-37.2°, +54.6°)  batt=100.0%
[ep= 222 step=160 t=18.57h]  lat=+61.955° lon= +76.196° alt=694.6km  →  International (+62.0°, +76.2°)  batt= 99.8%
[ep= 222 step=180 t=22.22h]  lat=-16.432° lon= +58.528° alt=681.0km  →  International (-16.4°, +58.5°)  batt= 98.5%
[ep= 222 step=200 t=22.76h]  lat=-44.220° lon=-111.131° alt=694.8km  →  International (-44.2°, -111.1°)  batt= 98.6%
[ep= 222 step=220 t=26.39h]  lat=+32.607° lon=-124.104° alt=690.6km  →  International (+32.6°, -124.1°)  batt= 99.6%
[ep= 222 step=240 t=29.26h]  lat=-57.145° lon=-106.114° alt=698.4km  →  International (-57.1°, -106.1°)  batt= 99.5%
[ep= 222 step=260 t=29.46h]  lat=-13.968° lon=-116.759° alt=687.6km  →  International (-14.0°, -116.8°)  batt= 99.4%
[ep= 222 step=280 t=29.56h]  lat= +7.262° lon=-119.808° alt=686.5km  →  International (+7.3°, -119.8°)  batt= 99.6%
[ep= 222 step=300 t=32.68h]  lat=-26.597° lon=-114.575° alt=690.3km  →  International (-26.6°, -114.6°)  batt= 99.9%
[ep= 222 step=320 t=33.53h]  lat=+20.090° lon= +64.361° alt=680.8km  →  International (+20.1°, +64.4°)  batt=100.0%
[ep= 222 step=340 t=37.31h]  lat=-81.934° lon= -30.593° alt=701.8km  →  International (-81.9°, -30.6°)  batt= 99.9%
[ep= 222 step=360 t=40.23h]  lat=-10.418° lon= +60.178° alt=680.0km  →  International (-10.4°, +60.2°)  batt=100.0%
[ep= 222 step=380 t=40.40h]  lat=-46.636° lon= +53.052° alt=690.7km  →  International (-46.6°, +53.1°)  batt=100.0%
[ep= 222 step=400 t=41.88h]  lat=-12.579° lon= +59.927° alt=680.2km  →  International (-12.6°, +59.9°)  batt= 99.9%
[ep= 222 step=420 t=42.05h]  lat=-48.758° lon= +52.447° alt=691.4km  →  International (-48.8°, +52.4°)  batt= 99.9%
[ep= 222 step=440 t=45.81h]  lat=-25.723° lon=-114.186° alt=690.1km  →  International (-25.7°, -114.2°)  batt= 99.4%
[ep= 222 step=460 t=47.28h]  lat=-61.156° lon=-103.136° alt=699.6km  →  International (-61.2°, -103.1°)  batt=100.0%
[ep= 223 step= 20 t= 1.08h]  lat=-57.107° lon= +47.391° alt=694.5km  →  International (-57.1°, +47.4°)  batt= 99.9%
[ep= 223 step= 40 t= 2.57h]  lat=-23.291° lon= +56.609° alt=682.9km  →  International (-23.3°, +56.6°)  batt= 99.9%
[ep= 223 step= 60 t= 2.74h]  lat=-60.939° lon= +45.340° alt=695.8km  →  International (-60.9°, +45.3°)  batt= 99.8%
[ep= 223 step= 80 t= 7.49h]  lat=-24.308° lon= +56.638° alt=682.9km  →  International (-24.3°, +56.6°)  batt= 98.8%
[ep= 223 step=100 t= 9.17h]  lat=-31.898° lon= +55.319° alt=685.2km  →  International (-31.9°, +55.3°)  batt=100.0%
[ep= 223 step=120 t=13.59h]  lat=+74.590° lon= +91.488° alt=698.3km  →  International (+74.6°, +91.5°)  batt= 99.9%
[ep= 223 step=140 t=14.75h]  lat= -2.443° lon=-119.046° alt=686.4km  →  International (-2.4°, -119.0°)  batt= 99.7%
[ep= 223 step=160 t=17.23h]  lat= -0.825° lon= +60.593° alt=679.0km  →  International (-0.8°, +60.6°)   batt=100.0%
[ep= 223 step=180 t=20.37h]  lat=+29.448° lon= +65.427° alt=683.4km  →  International (+29.4°, +65.4°)  batt=100.0%
[ep= 223 step=200 t=26.39h]  lat=+32.600° lon=-124.107° alt=690.5km  →  International (+32.6°, -124.1°)  batt= 99.2%
[ep= 223 step=220 t=27.19h]  lat=-28.325° lon= +56.743° alt=684.1km  →  International (-28.3°, +56.7°)  batt= 99.0%
[ep= 223 step=240 t=28.65h]  lat=+11.407° lon= +62.821° alt=679.7km  →  International (+11.4°, +62.8°)  batt= 98.5%
[ep= 223 step=260 t=28.82h]  lat=-26.243° lon= +57.184° alt=683.4km  →  International (-26.2°, +57.2°)  batt=100.0%
[ep= 223 step=280 t=29.00h]  lat=-63.767° lon= +44.486° alt=696.6km  →  International (-63.8°, +44.5°)  batt=100.0%
[ep= 223 step=300 t=34.38h]  lat=-13.563° lon=-116.623° alt=687.8km  →  International (-13.6°, -116.6°)  batt= 98.9%
[ep= 223 step=320 t=38.51h]  lat= +8.178° lon= +62.756° alt=679.0km  →  International (+8.2°, +62.8°)   batt=100.0%
[ep= 223 step=340 t=39.35h]  lat= -3.471° lon=-117.884° alt=686.9km  →  International (-3.5°, -117.9°)  batt= 99.6%
[ep= 223 step=360 t=40.86h]  lat=-31.571° lon=-113.317° alt=691.7km  →  International (-31.6°, -113.3°)  batt= 99.7%
[ep= 223 step=380 t=40.92h]  lat=-18.889° lon=-115.531° alt=688.8km  →  International (-18.9°, -115.5°)  batt= 99.7%
[ep= 223 step=400 t=45.01h]  lat=+21.392° lon= +65.039° alt=680.9km  →  International (+21.4°, +65.0°)  batt= 99.8%
[ep= 224 step= 20 t= 3.13h]  lat=-32.043° lon=-114.782° alt=691.0km  →  International (-32.0°, -114.8°)  batt=100.0%
[ep= 224 step= 40 t= 3.98h]  lat=+25.564° lon= +64.052° alt=683.0km  →  International (+25.6°, +64.1°)  batt= 99.9%
[ep= 224 step= 60 t= 7.76h]  lat=-79.333° lon= +11.527° alt=701.0km  →  International (-79.3°, +11.5°)  batt=100.0%
[ep= 224 step= 80 t=12.51h]  lat=-45.122° lon= +52.343° alt=690.5km  →  International (-45.1°, +52.3°)  batt= 99.7%
[ep= 224 step=100 t=14.55h]  lat=-45.957° lon=-110.970° alt=695.1km  →  International (-46.0°, -111.0°)  batt=100.0%
[ep= 224 step=120 t=18.67h]  lat=+42.502° lon= +68.238° alt=688.1km  →  International (+42.5°, +68.2°)  batt= 99.9%
[ep= 224 step=140 t=19.07h]  lat=-46.418° lon= +52.230° alt=690.8km  →  International (-46.4°, +52.2°)  batt= 99.7%
[ep= 224 step=160 t=20.71h]  lat=-44.957° lon= +52.728° alt=690.2km  →  International (-45.0°, +52.7°)  batt= 99.7%
[ep= 224 step=180 t=25.44h]  lat= -4.218° lon= +60.459° alt=679.5km  →  International (-4.2°, +60.5°)   batt= 99.8%
[ep= 224 step=200 t=27.67h]  lat=-46.947° lon=-110.128° alt=695.7km  →  International (-46.9°, -110.1°)  batt=100.0%
[ep= 224 step=220 t=28.57h]  lat=+29.112° lon= +65.712° alt=683.4km  →  International (+29.1°, +65.7°)  batt= 99.9%
[ep= 224 step=240 t=29.42h]  lat=-23.182° lon=-115.298° alt=689.3km  →  International (-23.2°, -115.3°)  batt=100.0%
[ep= 224 step=260 t=30.16h]  lat=+40.829° lon= +68.286° alt=687.0km  →  International (+40.8°, +68.3°)  batt= 99.9%
[ep= 224 step=280 t=31.03h]  lat=-28.888° lon=-114.225° alt=690.8km  →  International (-28.9°, -114.2°)  batt=100.0%
[ep= 224 step=300 t=32.56h]  lat=-53.682° lon=-107.533° alt=697.8km  →  International (-53.7°, -107.5°)  batt=100.0%
[ep= 224 step=320 t=37.94h]  lat=+46.753° lon=-127.082° alt=694.1km  →  International (+46.8°, -127.1°)  batt=100.0%
[ep= 224 step=340 t=42.69h]  lat= +9.760° lon=-119.622° alt=686.7km  →  International (+9.8°, -119.6°)  batt=100.0%
[ep= 224 step=360 t=43.61h]  lat=-30.889° lon= +56.950° alt=685.0km  →  International (-30.9°, +57.0°)  batt= 99.8%
[ep= 224 step=380 t=45.27h]  lat=-36.647° lon= +55.832° alt=686.9km  →  International (-36.6°, +55.8°)  batt= 99.7%
[ep= 225 step= 20 t= 4.11h]  lat= -1.756° lon= +59.921° alt=679.7km  →  International (-1.8°, +59.9°)   batt=100.0%
[ep= 225 step= 40 t= 8.53h]  lat=+69.630° lon=-142.080° alt=699.0km  →  International (+69.6°, -142.1°)  batt=100.0%
[ep= 225 step= 60 t=12.30h]  lat= +0.225° lon= +60.543° alt=679.6km  →  International (+0.2°, +60.5°)   batt=100.0%
[ep= 225 step= 80 t=15.72h]  lat=-29.549° lon= +56.046° alt=685.0km  →  International (-29.5°, +56.0°)  batt= 99.5%
[ep= 225 step=100 t=17.52h]  lat=-63.771° lon= +44.012° alt=696.9km  →  International (-63.8°, +44.0°)  batt=100.0%
[ep= 225 step=120 t=19.09h]  lat=-48.817° lon= +51.470° alt=691.6km  →  International (-48.8°, +51.5°)  batt=100.0%
[ep= 225 step=140 t=20.59h]  lat=-20.260° lon= +57.856° alt=682.1km  →  International (-20.3°, +57.9°)  batt=100.0%
[ep= 225 step=160 t=21.43h]  lat=+23.081° lon=-122.573° alt=688.4km  →  International (+23.1°, -122.6°)  batt=100.0%
[ep= 225 step=180 t=25.86h]  lat=-79.771° lon= -67.217° alt=701.8km  →  International (-79.8°, -67.2°)  batt=100.0%
[ep= 225 step=200 t=27.79h]  lat=-21.072° lon=-115.720° alt=688.8km  →  International (-21.1°, -115.7°)  batt=100.0%
[ep= 225 step=220 t=29.35h]  lat=-38.222° lon=-112.377° alt=693.2km  →  International (-38.2°, -112.4°)  batt=100.0%
[ep= 225 step=240 t=29.44h]  lat=-17.714° lon=-116.186° alt=688.2km  →  International (-17.7°, -116.2°)  batt=100.0%
[ep= 225 step=260 t=29.94h]  lat=+81.907° lon=+146.485° alt=699.5km  →  International (+81.9°, +146.5°)  batt=100.0%
[ep= 225 step=280 t=31.09h]  lat=-14.957° lon=-116.542° alt=687.8km  →  International (-15.0°, -116.5°)  batt=100.0%
[ep= 225 step=300 t=31.93h]  lat=+12.052° lon= +63.056° alt=679.6km  →  International (+12.1°, +63.1°)  batt=100.0%
[ep= 225 step=320 t=34.72h]  lat=+59.735° lon=-132.613° alt=697.4km  →  International (+59.7°, -132.6°)  batt=100.0%
[ep= 225 step=340 t=36.98h]  lat=-16.284° lon= +59.162° alt=681.1km  →  International (-16.3°, +59.2°)  batt= 99.9%
[ep= 225 step=360 t=40.77h]  lat=-50.872° lon=-108.280° alt=696.8km  →  International (-50.9°, -108.3°)  batt=100.0%
[ep= 225 step=380 t=41.92h]  lat=-20.911° lon= +58.634° alt=682.1km  →  International (-20.9°, +58.6°)  batt=100.0%
[ep= 225 step=400 t=42.09h]  lat=-58.647° lon= +48.297° alt=695.2km  →  International (-58.6°, +48.3°)  batt=100.0%
[ep= 225 step=420 t=43.58h]  lat=-24.879° lon= +58.038° alt=683.1km  →  International (-24.9°, +58.0°)  batt=100.0%
[ep= 225 step=440 t=44.09h]  lat=-43.066° lon=-110.563° alt=694.7km  →  International (-43.1°, -110.6°)  batt=100.0%
[ep= 226 step= 20 t= 2.53h]  lat=-16.029° lon= +57.771° alt=681.0km  →  International (-16.0°, +57.8°)  batt= 99.2%
[ep= 226 step= 40 t= 2.73h]  lat=-59.205° lon= +46.362° alt=695.0km  →  International (-59.2°, +46.4°)  batt= 99.1%
[ep= 226 step= 60 t= 4.62h]  lat=-63.716° lon=-103.144° alt=699.6km  →  International (-63.7°, -103.1°)  batt= 98.1%
[ep= 226 step= 80 t=10.02h]  lat=+38.297° lon=-126.008° alt=692.1km  →  International (+38.3°, -126.0°)  batt= 95.4%
[ep= 226 step=100 t=14.44h]  lat=-68.642° lon= -98.165° alt=700.7km  →  International (-68.6°, -98.2°)  batt= 95.8%
[ep= 226 step=120 t=18.23h]  lat=+39.974° lon=-126.064° alt=692.6km  →  International (+40.0°, -126.1°)  batt= 99.4%
[ep= 226 step=140 t=22.27h]  lat=-27.342° lon= +56.722° alt=683.7km  →  International (-27.3°, +56.7°)  batt= 97.3%
[ep= 226 step=160 t=22.77h]  lat=-42.422° lon=-111.622° alt=694.3km  →  International (-42.4°, -111.6°)  batt= 97.1%
[ep= 226 step=180 t=23.88h]  lat=-20.414° lon= +57.966° alt=681.8km  →  International (-20.4°, +58.0°)  batt= 96.5%
[ep= 226 step=200 t=24.05h]  lat=-58.169° lon= +47.806° alt=694.7km  →  International (-58.2°, +47.8°)  batt= 96.5%
[ep= 226 step=220 t=25.48h]  lat=-13.472° lon= +59.109° alt=680.2km  →  International (-13.5°, +59.1°)  batt= 95.7%
[ep= 226 step=240 t=25.65h]  lat=-49.636° lon= +51.468° alt=691.5km  →  International (-49.6°, +51.5°)  batt= 95.6%
[ep= 226 step=260 t=27.16h]  lat=-21.096° lon= +57.991° alt=681.7km  →  International (-21.1°, +58.0°)  batt= 94.7%
[ep= 226 step=280 t=29.32h]  lat=-44.665° lon=-110.742° alt=695.2km  →  International (-44.7°, -110.7°)  batt= 93.7%
[ep= 226 step=300 t=32.46h]  lat=-73.493° lon= -90.122° alt=701.4km  →  International (-73.5°, -90.1°)  batt= 92.2%
[ep= 226 step=320 t=35.91h]  lat=-37.956° lon=-112.172° alt=693.5km  →  International (-38.0°, -112.2°)  batt= 90.4%
[ep= 226 step=340 t=36.08h]  lat= -1.686° lon=-118.270° alt=686.9km  →  International (-1.7°, -118.3°)  batt= 90.3%
[ep= 226 step=360 t=38.57h]  lat= -5.247° lon= +60.849° alt=678.7km  →  International (-5.2°, +60.8°)   batt= 95.4%
[ep= 226 step=380 t=41.03h]  lat= +6.617° lon=-119.245° alt=687.1km  →  International (+6.6°, -119.2°)  batt= 99.5%
[ep= 226 step=400 t=45.25h]  lat=-32.052° lon= +56.786° alt=685.0km  →  International (-32.1°, +56.8°)  batt= 98.2%
[ep= 226 step=420 t=46.42h]  lat=+70.227° lon= +85.118° alt=696.5km  →  International (+70.2°, +85.1°)  batt= 97.6%
[ep= 226 step=440 t=46.73h]  lat= +2.191° lon= +62.244° alt=678.6km  →  International (+2.2°, +62.2°)   batt=100.0%
[ep= 227 step= 20 t= 5.39h]  lat=+74.483° lon= +90.914° alt=698.1km  →  International (+74.5°, +90.9°)  batt= 98.3%
[ep= 227 step= 40 t= 8.87h]  lat=+33.638° lon= +65.774° alt=685.1km  →  International (+33.6°, +65.8°)  batt=100.0%
[ep= 227 step= 60 t=14.10h]  lat=-34.630° lon= +54.968° alt=686.8km  →  International (-34.6°, +55.0°)  batt= 99.1%
[ep= 227 step= 80 t=17.04h]  lat=+39.239° lon= +67.349° alt=687.1km  →  International (+39.2°, +67.3°)  batt= 97.6%
[ep= 227 step=100 t=20.19h]  lat=+67.464° lon= +80.800° alt=696.3km  →  International (+67.5°, +80.8°)  batt= 98.4%
[ep= 227 step=120 t=23.65h]  lat=+29.501° lon= +65.571° alt=683.8km  →  International (+29.5°, +65.6°)  batt= 96.6%
[ep= 227 step=140 t=27.11h]  lat= -9.392° lon= +59.774° alt=680.0km  →  International (-9.4°, +59.8°)   batt= 95.1%
[ep= 227 step=160 t=30.56h]  lat=-46.283° lon= +52.736° alt=690.6km  →  International (-46.3°, +52.7°)  batt= 96.7%
[ep= 227 step=180 t=32.71h]  lat=-21.329° lon=-115.481° alt=689.1km  →  International (-21.3°, -115.5°)  batt= 99.6%
[ep= 227 step=200 t=35.20h]  lat=+14.481° lon= +63.547° alt=680.2km  →  International (+14.5°, +63.5°)  batt=100.0%
[ep= 227 step=220 t=38.66h]  lat=-26.247° lon= +57.589° alt=683.8km  →  International (-26.2°, +57.6°)  batt= 98.3%
[ep= 227 step=240 t=38.83h]  lat=-62.032° lon= +46.127° alt=696.5km  →  International (-62.0°, +46.1°)  batt= 98.3%
[ep= 227 step=260 t=40.31h]  lat=-26.575° lon= +57.597° alt=683.8km  →  International (-26.6°, +57.6°)  batt= 97.5%
[ep= 227 step=280 t=41.14h]  lat=+29.371° lon=-122.878° alt=689.7km  →  International (+29.4°, -122.9°)  batt= 97.1%
[ep= 227 step=300 t=45.19h]  lat=-18.483° lon= +59.148° alt=681.4km  →  International (-18.5°, +59.1°)  batt= 95.0%
[ep= 227 step=320 t=47.59h]  lat= +5.256° lon=-118.787° alt=686.8km  →  International (+5.3°, -118.8°)  batt= 93.8%
[ep= 228 step= 20 t= 4.13h]  lat= -5.421° lon= +59.399° alt=679.7km  →  International (-5.4°, +59.4°)   batt= 97.9%
[ep= 228 step= 40 t= 4.29h]  lat=-41.715° lon= +52.920° alt=688.8km  →  International (-41.7°, +52.9°)  batt= 97.8%
[ep= 228 step= 60 t= 7.72h]  lat=-73.674° lon= +31.387° alt=699.3km  →  International (-73.7°, +31.4°)  batt= 96.1%
[ep= 228 step= 80 t=13.18h]  lat=+11.782° lon=-121.150° alt=686.9km  →  International (+11.8°, -121.2°)  batt= 94.6%
[ep= 228 step=100 t=14.67h]  lat=-20.626° lon=-116.338° alt=688.6km  →  International (-20.6°, -116.3°)  batt= 98.9%
[ep= 228 step=120 t=19.44h]  lat=-52.023° lon=-108.739° alt=697.0km  →  International (-52.0°, -108.7°)  batt= 98.8%
[ep= 228 step=140 t=23.24h]  lat=+60.506° lon=-133.539° alt=697.6km  →  International (+60.5°, -133.5°)  batt= 99.5%
[ep= 228 step=160 t=25.48h]  lat=-11.623° lon= +59.385° alt=680.2km  →  International (-11.6°, +59.4°)  batt= 99.2%
[ep= 228 step=180 t=25.64h]  lat=-47.820° lon= +52.067° alt=691.0km  →  International (-47.8°, +52.1°)  batt= 99.2%
[ep= 228 step=200 t=27.12h]  lat=-13.782° lon= +59.131° alt=680.5km  →  International (-13.8°, +59.1°)  batt= 98.4%
[ep= 228 step=220 t=27.29h]  lat=-49.937° lon= +51.431° alt=691.8km  →  International (-49.9°, +51.4°)  batt= 98.3%
[ep= 228 step=240 t=28.73h]  lat= -6.829° lon= +60.217° alt=679.4km  →  International (-6.8°, +60.2°)   batt= 97.6%
[ep= 228 step=260 t=28.90h]  lat=-43.107° lon= +53.575° alt=689.1km  →  International (-43.1°, +53.6°)  batt= 97.5%
[ep= 228 step=280 t=30.38h]  lat= -7.170° lon= +60.236° alt=679.3km  →  International (-7.2°, +60.2°)   batt= 96.8%
[ep= 228 step=300 t=30.54h]  lat=-43.444° lon= +53.551° alt=689.1km  →  International (-43.4°, +53.6°)  batt= 96.7%
[ep= 228 step=320 t=33.68h]  lat=-13.315° lon= +59.473° alt=680.1km  →  International (-13.3°, +59.5°)  batt= 97.3%
[ep= 228 step=340 t=36.83h]  lat=+17.020° lon= +64.008° alt=680.2km  →  International (+17.0°, +64.0°)  batt=100.0%
[ep= 228 step=360 t=39.31h]  lat=-10.749° lon=-116.832° alt=687.5km  →  International (-10.7°, -116.8°)  batt= 99.6%
[ep= 228 step=380 t=40.48h]  lat=-64.277° lon= +44.570° alt=696.7km  →  International (-64.3°, +44.6°)  batt=100.0%
[ep= 228 step=400 t=40.91h]  lat=-21.310° lon=-115.138° alt=689.3km  →  International (-21.3°, -115.1°)  batt= 99.8%
[ep= 228 step=420 t=41.00h]  lat= -0.705° lon=-118.203° alt=686.8km  →  International (-0.7°, -118.2°)  batt= 99.7%
[ep= 228 step=440 t=42.49h]  lat=-33.040° lon=-112.953° alt=692.2km  →  International (-33.0°, -113.0°)  batt= 99.6%
[ep= 228 step=460 t=44.98h]  lat=+28.054° lon= +66.190° alt=682.6km  →  International (+28.1°, +66.2°)  batt=100.0%
[ep= 229 step= 20 t= 4.69h]  lat=-49.646° lon=-110.212° alt=695.9km  →  International (-49.6°, -110.2°)  batt= 99.9%
[ep= 229 step= 40 t= 8.13h]  lat=-16.491° lon=-117.259° alt=687.6km  →  International (-16.5°, -117.3°)  batt= 99.9%
[ep= 229 step= 60 t= 9.29h]  lat=-58.773° lon= +46.870° alt=694.9km  →  International (-58.8°, +46.9°)  batt=100.0%
[ep= 229 step= 80 t=14.03h]  lat=-20.250° lon= +57.587° alt=681.8km  →  International (-20.3°, +57.6°)  batt= 98.5%
[ep= 229 step=100 t=19.09h]  lat=-50.142° lon= +51.023° alt=691.9km  →  International (-50.1°, +51.0°)  batt= 99.7%
[ep= 229 step=120 t=20.51h]  lat= -1.576° lon= +60.627° alt=679.2km  →  International (-1.6°, +60.6°)   batt= 99.7%
[ep= 229 step=140 t=20.68h]  lat=-37.920° lon= +54.521° alt=687.3km  →  International (-37.9°, +54.5°)  batt=100.0%
[ep= 229 step=160 t=23.77h]  lat= +1.377° lon= +61.181° alt=678.9km  →  International (+1.4°, +61.2°)   batt=100.0%
[ep= 229 step=180 t=29.80h]  lat=+60.147° lon=-133.053° alt=697.4km  →  International (+60.1°, -133.1°)  batt= 99.9%
[ep= 229 step=200 t=33.91h]  lat=-61.972° lon= +45.971° alt=696.0km  →  International (-62.0°, +46.0°)  batt=100.0%
[ep= 229 step=220 t=37.36h]  lat=-77.080° lon= -80.330° alt=701.7km  →  International (-77.1°, -80.3°)  batt=100.0%
[ep= 229 step=240 t=40.28h]  lat=-22.091° lon= +58.376° alt=682.2km  →  International (-22.1°, +58.4°)  batt=100.0%
[ep= 229 step=260 t=41.14h]  lat=+30.334° lon=-123.046° alt=690.0km  →  International (+30.3°, -123.0°)  batt= 99.8%
[ep= 229 step=280 t=43.60h]  lat=-30.034° lon= +57.110° alt=684.4km  →  International (-30.0°, +57.1°)  batt=100.0%
[ep= 229 step=300 t=45.39h]  lat=-62.521° lon= +46.076° alt=696.2km  →  International (-62.5°, +46.1°)  batt= 99.7%
[ep= 229 step=320 t=47.27h]  lat=-62.156° lon=-102.486° alt=699.7km  →  International (-62.2°, -102.5°)  batt=100.0%
[ep= 230 step= 20 t= 5.71h]  lat= +7.001° lon= +61.232° alt=679.5km  →  International (+7.0°, +61.2°)   batt= 98.8%
[ep= 230 step= 40 t= 9.82h]  lat= -3.422° lon=-119.108° alt=686.3km  →  International (-3.4°, -119.1°)  batt= 97.4%
[ep= 230 step= 60 t=13.28h]  lat=+35.390° lon=-125.225° alt=691.1km  →  International (+35.4°, -125.2°)  batt= 99.5%
[ep= 230 step= 80 t=17.46h]  lat=-51.565° lon= +50.440° alt=692.5km  →  International (-51.6°, +50.4°)  batt= 98.8%
[ep= 230 step=100 t=20.27h]  lat=+50.998° lon= +70.914° alt=690.8km  →  International (+51.0°, +70.9°)  batt= 99.6%
[ep= 230 step=120 t=20.77h]  lat=-57.547° lon= +47.985° alt=694.5km  →  International (-57.5°, +48.0°)  batt= 99.4%
[ep= 230 step=140 t=22.29h]  lat=-32.821° lon= +55.679° alt=685.5km  →  International (-32.8°, +55.7°)  batt= 99.0%
[ep= 230 step=160 t=24.57h]  lat= -5.815° lon=-118.158° alt=686.7km  →  International (-5.8°, -118.2°)  batt= 98.1%
[ep= 230 step=180 t=28.38h]  lat=+70.246° lon= +84.402° alt=696.8km  →  International (+70.2°, +84.4°)  batt= 97.2%
[ep= 230 step=200 t=29.51h]  lat= -2.379° lon=-118.444° alt=686.5km  →  International (-2.4°, -118.4°)  batt= 96.8%
[ep= 230 step=220 t=30.23h]  lat=+23.737° lon= +64.821° alt=681.7km  →  International (+23.7°, +64.8°)  batt= 96.5%
[ep= 230 step=240 t=33.73h]  lat=-24.323° lon= +57.722° alt=682.6km  →  International (-24.3°, +57.7°)  batt= 99.7%
[ep= 230 step=260 t=37.22h]  lat=-67.731° lon= +41.306° alt=697.9km  →  International (-67.7°, +41.3°)  batt=100.0%
[ep= 230 step=280 t=40.75h]  lat=-54.766° lon=-106.746° alt=697.9km  →  International (-54.8°, -106.7°)  batt= 99.0%
[ep= 230 step=300 t=42.02h]  lat=-44.077° lon= +53.855° alt=689.6km  →  International (-44.1°, +53.9°)  batt= 98.4%
[ep= 230 step=320 t=43.42h]  lat=+10.082° lon= +63.239° alt=679.3km  →  International (+10.1°, +63.2°)  batt= 97.9%
[ep= 230 step=340 t=43.58h]  lat=-26.354° lon= +57.778° alt=683.3km  →  International (-26.4°, +57.8°)  batt= 97.8%
[ep= 230 step=360 t=45.38h]  lat=-60.728° lon= +47.237° alt=695.6km  →  International (-60.7°, +47.2°)  batt= 97.4%
[ep= 231 step= 20 t= 4.10h]  lat= +0.031° lon= +60.173° alt=679.1km  →  International (+0.0°, +60.2°)   batt= 99.0%
[ep= 231 step= 40 t= 8.18h]  lat= -3.756° lon=-119.131° alt=686.4km  →  International (-3.8°, -119.1°)  batt= 98.5%
[ep= 231 step= 60 t=11.30h]  lat=-39.322° lon=-112.871° alt=693.4km  →  International (-39.3°, -112.9°)  batt= 98.3%
[ep= 231 step= 80 t=13.75h]  lat=+41.567° lon= +67.780° alt=687.2km  →  International (+41.6°, +67.8°)  batt= 98.2%
[ep= 231 step=100 t=16.60h]  lat=+43.284° lon=-126.979° alt=693.2km  →  International (+43.3°, -127.0°)  batt=100.0%
[ep= 231 step=120 t=18.52h]  lat=+72.054° lon= +86.690° alt=697.2km  →  International (+72.1°, +86.7°)  batt= 99.8%
[ep= 231 step=140 t=20.53h]  lat= -6.449° lon= +59.928° alt=679.4km  →  International (-6.4°, +59.9°)   batt= 99.6%
[ep= 231 step=160 t=20.70h]  lat=-42.732° lon= +53.334° alt=689.0km  →  International (-42.7°, +53.3°)  batt= 99.6%
[ep= 231 step=180 t=21.53h]  lat=+45.490° lon=-127.398° alt=693.7km  →  International (+45.5°, -127.4°)  batt=100.0%
[ep= 231 step=200 t=22.37h]  lat=-49.045° lon= +51.528° alt=691.3km  →  International (-49.0°, +51.5°)  batt= 99.9%
[ep= 231 step=220 t=23.23h]  lat=+57.090° lon=-131.687° alt=696.6km  →  International (+57.1°, -131.7°)  batt=100.0%
[ep= 231 step=240 t=24.73h]  lat=+26.947° lon=-123.112° alt=689.3km  →  International (+26.9°, -123.1°)  batt= 99.9%
[ep= 231 step=260 t=28.19h]  lat=+66.752° lon=-138.083° alt=698.8km  →  International (+66.8°, -138.1°)  batt= 99.2%
[ep= 231 step=280 t=31.99h]  lat= -2.166° lon= +61.009° alt=678.6km  →  International (-2.2°, +61.0°)   batt= 99.0%
[ep= 231 step=300 t=32.61h]  lat=-42.111° lon=-111.303° alt=694.5km  →  International (-42.1°, -111.3°)  batt= 99.2%
[ep= 231 step=320 t=34.19h]  lat=-55.438° lon=-106.727° alt=698.2km  →  International (-55.4°, -106.7°)  batt= 99.1%
[ep= 231 step=340 t=34.41h]  lat= -6.756° lon=-117.622° alt=687.1km  →  International (-6.8°, -117.6°)  batt= 99.3%
[ep= 231 step=360 t=35.97h]  lat=-24.576° lon=-114.806° alt=690.1km  →  International (-24.6°, -114.8°)  batt=100.0%
[ep= 231 step=380 t=39.13h]  lat=-49.694° lon=-108.780° alt=696.8km  →  International (-49.7°, -108.8°)  batt=100.0%
[ep= 231 step=400 t=41.99h]  lat=-36.948° lon= +55.615° alt=686.8km  →  International (-36.9°, +55.6°)  batt= 99.6%
[ep= 231 step=420 t=43.60h]  lat=-30.053° lon= +57.095° alt=684.3km  →  International (-30.1°, +57.1°)  batt= 99.3%
[ep= 231 step=440 t=43.77h]  lat=-67.367° lon= +41.945° alt=697.8km  →  International (-67.4°, +41.9°)  batt= 99.5%
[ep= 231 step=460 t=45.14h]  lat= -8.572° lon= +60.635° alt=679.2km  →  International (-8.6°, +60.6°)   batt= 99.8%
[ep= 231 step=480 t=45.31h]  lat=-44.826° lon= +53.772° alt=689.6km  →  International (-44.8°, +53.8°)  batt= 99.8%
[ep= 231 step=500 t=46.79h]  lat=-10.741° lon= +60.386° alt=679.4km  →  International (-10.7°, +60.4°)  batt= 99.9%
[ep= 231 step=520 t=46.96h]  lat=-46.959° lon= +53.208° alt=690.4km  →  International (-47.0°, +53.2°)  batt= 99.8%
[ep= 232 step= 20 t= 4.19h]  lat=-20.010° lon= +57.214° alt=681.7km  →  International (-20.0°, +57.2°)  batt= 97.8%
[ep= 232 step= 40 t= 5.83h]  lat=-20.348° lon= +57.228° alt=681.8km  →  International (-20.3°, +57.2°)  batt= 96.9%
[ep= 232 step= 60 t= 7.73h]  lat=-75.231° lon= +27.829° alt=699.7km  →  International (-75.2°, +27.8°)  batt= 96.2%
[ep= 232 step= 80 t=10.55h]  lat=+24.202° lon= +64.081° alt=682.1km  →  International (+24.2°, +64.1°)  batt= 97.3%
[ep= 232 step=100 t=14.00h]  lat=-12.928° lon= +58.710° alt=680.0km  →  International (-12.9°, +58.7°)  batt=100.0%
[ep= 232 step=120 t=16.49h]  lat=+19.742° lon=-122.238° alt=688.2km  →  International (+19.7°, -122.2°)  batt= 99.7%
[ep= 232 step=140 t=19.32h]  lat=-77.227° lon= -80.550° alt=701.6km  →  International (-77.2°, -80.5°)  batt= 99.8%
[ep= 232 step=160 t=23.76h]  lat= +5.108° lon= +61.701° alt=679.1km  →  International (+5.1°, +61.7°)   batt= 98.4%
[ep= 232 step=180 t=23.93h]  lat=-31.299° lon= +56.042° alt=684.9km  →  International (-31.3°, +56.0°)  batt= 98.3%
[ep= 232 step=200 t=24.45h]  lat=-33.087° lon=-113.700° alt=691.7km  →  International (-33.1°, -113.7°)  batt= 98.0%
[ep= 232 step=220 t=28.83h]  lat=-28.694° lon= +56.737° alt=683.8km  →  International (-28.7°, +56.7°)  batt= 95.6%
[ep= 232 step=240 t=32.93h]  lat=+28.528° lon=-123.065° alt=690.1km  →  International (+28.5°, -123.1°)  batt= 93.4%
[ep= 232 step=260 t=35.08h]  lat=+39.090° lon= +68.046° alt=686.1km  →  International (+39.1°, +68.0°)  batt= 93.0%
[ep= 232 step=280 t=36.66h]  lat=+52.496° lon= +72.141° alt=690.8km  →  International (+52.5°, +72.1°)  batt= 96.7%
[ep= 232 step=300 t=38.25h]  lat=+63.306° lon= +77.934° alt=694.4km  →  International (+63.3°, +77.9°)  batt= 97.4%
[ep= 232 step=320 t=39.12h]  lat=-51.613° lon=-108.093° alt=697.4km  →  International (-51.6°, -108.1°)  batt= 99.6%
[ep= 232 step=340 t=40.36h]  lat=-38.879° lon= +55.098° alt=687.2km  →  International (-38.9°, +55.1°)  batt=100.0%
[ep= 232 step=360 t=43.56h]  lat=-21.431° lon= +58.602° alt=681.6km  →  International (-21.4°, +58.6°)  batt=100.0%
[ep= 232 step=380 t=46.98h]  lat=-50.955° lon= +51.873° alt=692.1km  →  International (-51.0°, +51.9°)  batt= 98.2%
[ep= 233 step= 20 t= 1.03h]  lat=-46.440° lon= +51.474° alt=690.6km  →  International (-46.4°, +51.5°)  batt=100.0%
[ep= 233 step= 40 t= 2.52h]  lat=-14.201° lon= +58.049° alt=680.8km  →  International (-14.2°, +58.0°)  batt= 99.7%
[ep= 233 step= 60 t= 2.69h]  lat=-50.346° lon= +50.268° alt=691.9km  →  International (-50.3°, +50.3°)  batt=100.0%
[ep= 233 step= 80 t= 4.15h]  lat=-10.896° lon= +58.607° alt=680.2km  →  International (-10.9°, +58.6°)  batt= 99.7%
[ep= 233 step=100 t= 4.32h]  lat=-47.106° lon= +51.405° alt=690.6km  →  International (-47.1°, +51.4°)  batt=100.0%
[ep= 233 step=120 t= 5.86h]  lat=-25.793° lon= +56.315° alt=683.3km  →  International (-25.8°, +56.3°)  batt=100.0%
[ep= 233 step=140 t= 8.00h]  lat=-43.615° lon=-111.914° alt=694.5km  →  International (-43.6°, -111.9°)  batt=100.0%
[ep= 233 step=160 t=12.77h]  lat=-75.401° lon= -86.525° alt=701.3km  →  International (-75.4°, -86.5°)  batt=100.0%
[ep= 233 step=180 t=18.16h]  lat=+25.510° lon=-123.126° alt=689.3km  →  International (+25.5°, -123.1°)  batt=100.0%
[ep= 233 step=200 t=22.92h]  lat= -9.855° lon=-117.641° alt=687.1km  →  International (-9.9°, -117.6°)  batt=100.0%
[ep= 233 step=220 t=25.52h]  lat=-22.549° lon= +57.684° alt=682.3km  →  International (-22.5°, +57.7°)  batt=100.0%
[ep= 233 step=240 t=25.69h]  lat=-58.475° lon= +47.710° alt=694.8km  →  International (-58.5°, +47.7°)  batt=100.0%
[ep= 233 step=260 t=28.82h]  lat=-25.042° lon= +57.397° alt=682.8km  →  International (-25.0°, +57.4°)  batt=100.0%
[ep= 233 step=280 t=30.31h]  lat= +7.413° lon= +62.310° alt=678.9km  →  International (+7.4°, +62.3°)   batt= 99.8%
[ep= 233 step=300 t=34.75h]  lat=+66.193° lon=-137.286° alt=698.9km  →  International (+66.2°, -137.3°)  batt=100.0%
[ep= 233 step=320 t=38.54h]  lat= +0.265° lon= +61.632° alt=678.5km  →  International (+0.3°, +61.6°)   batt= 99.8%
[ep= 233 step=340 t=39.19h]  lat=-37.313° lon=-112.179° alt=693.3km  →  International (-37.3°, -112.2°)  batt=100.0%
[ep= 233 step=360 t=40.77h]  lat=-49.525° lon=-108.755° alt=696.8km  →  International (-49.5°, -108.8°)  batt=100.0%
[ep= 233 step=380 t=40.93h]  lat=-15.248° lon=-116.092° alt=688.4km  →  International (-15.2°, -116.1°)  batt=100.0%
[ep= 233 step=400 t=41.71h]  lat=+23.876° lon= +65.320° alt=681.3km  →  International (+23.9°, +65.3°)  batt= 99.8%
[ep= 233 step=420 t=45.89h]  lat= -7.576° lon=-117.020° alt=687.4km  →  International (-7.6°, -117.0°)  batt=100.0%
[ep= 234 step= 20 t= 1.82h]  lat=+40.237° lon=-126.810° alt=692.4km  →  International (+40.2°, -126.8°)  batt=100.0%
[ep= 234 step= 40 t= 4.28h]  lat=-38.126° lon= +53.791° alt=687.3km  →  International (-38.1°, +53.8°)  batt= 99.8%
[ep= 234 step= 60 t= 5.86h]  lat=-25.798° lon= +56.315° alt=683.2km  →  International (-25.8°, +56.3°)  batt= 99.8%
[ep= 234 step= 80 t= 8.99h]  lat= +6.326° lon= +61.270° alt=679.3km  →  International (+6.3°, +61.3°)   batt= 99.9%
[ep= 234 step=100 t=13.10h]  lat= -4.589° lon=-118.808° alt=686.6km  →  International (-4.6°, -118.8°)  batt=100.0%
[ep= 234 step=120 t=15.57h]  lat= +1.322° lon= +60.831° alt=678.8km  →  International (+1.3°, +60.8°)   batt= 99.9%
[ep= 234 step=140 t=19.36h]  lat=-69.385° lon= -97.081° alt=700.7km  →  International (-69.4°, -97.1°)  batt=100.0%
[ep= 234 step=160 t=24.43h]  lat=-36.697° lon=-112.928° alt=692.7km  →  International (-36.7°, -112.9°)  batt=100.0%
[ep= 234 step=180 t=25.57h]  lat=-31.633° lon= +56.052° alt=685.0km  →  International (-31.6°, +56.1°)  batt= 99.8%
[ep= 234 step=200 t=25.74h]  lat=-68.839° lon= +39.599° alt=698.1km  →  International (-68.8°, +39.6°)  batt=100.0%
[ep= 234 step=220 t=30.18h]  lat=+36.471° lon= +67.259° alt=685.3km  →  International (+36.5°, +67.3°)  batt=100.0%
[ep= 234 step=240 t=34.61h]  lat=+36.087° lon=-124.493° alt=691.9km  →  International (+36.1°, -124.5°)  batt=100.0%
[ep= 234 step=260 t=37.44h]  lat=-60.765° lon=-103.789° alt=699.4km  →  International (-60.8°, -103.8°)  batt=100.0%
[ep= 234 step=280 t=39.02h]  lat=-73.375° lon= -90.059° alt=701.5km  →  International (-73.4°, -90.1°)  batt=100.0%
[ep= 234 step=300 t=40.61h]  lat=-81.246° lon= -51.384° alt=701.9km  →  International (-81.2°, -51.4°)  batt=100.0%
[ep= 234 step=320 t=45.20h]  lat=-21.158° lon= +58.731° alt=681.6km  →  International (-21.2°, +58.7°)  batt= 99.8%
[ep= 234 step=340 t=47.01h]  lat=-57.452° lon= +49.127° alt=694.5km  →  International (-57.5°, +49.1°)  batt=100.0%
[ep= 235 step= 20 t= 0.94h]  lat=-26.599° lon= +55.972° alt=683.5km  →  International (-26.6°, +56.0°)  batt= 99.8%
[ep= 235 step= 40 t= 2.49h]  lat= -6.926° lon= +59.118° alt=679.5km  →  International (-6.9°, +59.1°)   batt= 99.8%
[ep= 235 step= 60 t= 4.35h]  lat=-54.251° lon= +48.837° alt=693.2km  →  International (-54.3°, +48.8°)  batt= 99.7%
[ep= 235 step= 80 t= 8.14h]  lat=-12.863° lon=-117.811° alt=687.3km  →  International (-12.9°, -117.8°)  batt=100.0%
[ep= 235 step=100 t=11.29h]  lat=-41.137° lon=-112.424° alt=693.9km  →  International (-41.1°, -112.4°)  batt=100.0%
[ep= 235 step=120 t=11.46h]  lat= -4.901° lon=-118.829° alt=686.6km  →  International (-4.9°, -118.8°)  batt=100.0%
[ep= 235 step=140 t=13.96h]  lat= -3.846° lon= +60.032° alt=678.9km  →  International (-3.8°, +60.0°)   batt= 99.8%
[ep= 235 step=160 t=17.42h]  lat=-42.635° lon= +53.233° alt=689.0km  →  International (-42.6°, +53.2°)  batt= 99.8%
[ep= 235 step=180 t=22.48h]  lat=-73.192° lon= +32.972° alt=699.3km  →  International (-73.2°, +33.0°)  batt=100.0%
[ep= 235 step=200 t=25.38h]  lat= +8.358° lon= +62.245° alt=679.0km  →  International (+8.4°, +62.2°)   batt= 99.9%
[ep= 235 step=220 t=27.11h]  lat= -9.618° lon= +59.749° alt=679.4km  →  International (-9.6°, +59.7°)   batt= 99.8%
[ep= 235 step=240 t=30.98h]  lat=-39.498° lon=-112.015° alt=693.7km  →  International (-39.5°, -112.0°)  batt=100.0%
[ep= 235 step=260 t=34.16h]  lat=-61.921° lon=-103.188° alt=699.7km  →  International (-61.9°, -103.2°)  batt=100.0%
[ep= 235 step=280 t=37.02h]  lat=-25.011° lon= +57.746° alt=682.5km  →  International (-25.0°, +57.7°)  batt= 99.8%
[ep= 235 step=300 t=42.40h]  lat=-52.650° lon=-107.549° alt=697.6km  →  International (-52.7°, -107.5°)  batt=100.0%
[ep= 235 step=320 t=46.80h]  lat=-12.492° lon= +60.143° alt=679.7km  →  International (-12.5°, +60.1°)  batt= 99.8%
[ep= 235 step=340 t=46.98h]  lat=-50.461° lon= +52.070° alt=691.8km  →  International (-50.5°, +52.1°)  batt= 99.8%
[ep= 235 step=360 t=47.96h]  lat=+81.300° lon=+174.242° alt=699.6km  →  International (+81.3°, +174.2°)  batt=100.0%
[ep= 236 step= 20 t= 4.14h]  lat= -9.075° lon= +58.875° alt=680.0km  →  International (-9.1°, +58.9°)   batt= 99.8%
[ep= 236 step= 40 t= 9.53h]  lat=-67.922° lon= -99.167° alt=700.5km  →  International (-67.9°, -99.2°)  batt=100.0%
[ep= 236 step= 60 t=15.48h]  lat=+21.398° lon= +63.823° alt=681.8km  →  International (+21.4°, +63.8°)  batt= 99.8%
[ep= 236 step= 80 t=15.65h]  lat=-15.050° lon= +58.464° alt=681.0km  →  International (-15.1°, +58.5°)  batt= 99.8%
[ep= 236 step=100 t=15.83h]  lat=-54.728° lon= +49.099° alt=693.7km  →  International (-54.7°, +49.1°)  batt=100.0%
[ep= 236 step=120 t=21.72h]  lat=+81.271° lon=+173.617° alt=700.1km  →  International (+81.3°, +173.6°)  batt=100.0%
[ep= 236 step=140 t=26.78h]  lat=+60.394° lon= +75.545° alt=693.8km  →  International (+60.4°, +75.5°)  batt= 99.9%
[ep= 236 step=160 t=27.96h]  lat=+16.576° lon=-121.262° alt=687.5km  →  International (+16.6°, -121.3°)  batt=100.0%
[ep= 236 step=180 t=30.14h]  lat=+43.742° lon= +69.036° alt=687.9km  →  International (+43.7°, +69.0°)  batt= 99.9%
[ep= 236 step=200 t=34.25h]  lat=-41.971° lon=-111.265° alt=694.4km  →  International (-42.0°, -111.3°)  batt=100.0%
[ep= 236 step=220 t=35.53h]  lat=-56.845° lon= +48.947° alt=694.6km  →  International (-56.8°, +48.9°)  batt=100.0%
[ep= 236 step=240 t=39.64h]  lat=+60.170° lon=-132.667° alt=697.3km  →  International (+60.2°, -132.7°)  batt=100.0%
[ep= 236 step=260 t=40.32h]  lat=-29.131° lon= +57.137° alt=684.3km  →  International (-29.1°, +57.1°)  batt= 99.7%
[ep= 236 step=280 t=41.15h]  lat=+31.922° lon=-123.364° alt=690.4km  →  International (+31.9°, -123.4°)  batt=100.0%
[ep= 236 step=300 t=46.64h]  lat=+22.356° lon= +65.265° alt=681.3km  →  International (+22.4°, +65.3°)  batt= 99.8%
[ep= 237 step= 20 t= 3.12h]  lat=-33.828° lon=-114.421° alt=691.6km  →  International (-33.8°, -114.4°)  batt=100.0%
[ep= 237 step= 40 t= 3.29h]  lat= +2.490° lon=-120.216° alt=686.0km  →  International (+2.5°, -120.2°)  batt=100.0%
[ep= 237 step= 60 t= 6.12h]  lat=-79.135° lon= +12.679° alt=700.8km  →  International (-79.1°, +12.7°)  batt=100.0%
[ep= 237 step= 80 t=10.78h]  lat=-24.962° lon= +56.665° alt=683.5km  →  International (-25.0°, +56.7°)  batt= 99.7%
[ep= 237 step=100 t=12.60h]  lat=-64.583° lon= +43.176° alt=697.2km  →  International (-64.6°, +43.2°)  batt=100.0%
[ep= 237 step=120 t=17.20h]  lat= +4.667° lon= +61.371° alt=679.4km  →  International (+4.7°, +61.4°)   batt=100.0%
[ep= 237 step=140 t=17.43h]  lat=-46.149° lon= +52.237° alt=690.5km  →  International (-46.1°, +52.2°)  batt= 99.9%
[ep= 237 step=160 t=20.68h]  lat=-37.817° lon= +54.541° alt=687.4km  →  International (-37.8°, +54.5°)  batt= 99.9%
[ep= 237 step=180 t=24.45h]  lat=-33.148° lon=-113.686° alt=691.7km  →  International (-33.1°, -113.7°)  batt=100.0%
[ep= 237 step=200 t=26.96h]  lat=+22.708° lon= +64.509° alt=681.6km  →  International (+22.7°, +64.5°)  batt=100.0%
[ep= 237 step=220 t=31.72h]  lat=+57.670° lon= +74.239° alt=692.9km  →  International (+57.7°, +74.2°)  batt=100.0%
[ep= 237 step=240 t=35.43h]  lat=-35.372° lon= +55.688° alt=686.6km  →  International (-35.4°, +55.7°)  batt= 99.7%
[ep= 237 step=260 t=38.88h]  lat=-71.214° lon= +36.985° alt=699.0km  →  International (-71.2°, +37.0°)  batt=100.0%
[ep= 237 step=280 t=40.36h]  lat=-38.171° lon= +55.266° alt=687.4km  →  International (-38.2°, +55.3°)  batt= 99.9%
[ep= 237 step=300 t=41.96h]  lat=-29.468° lon= +57.135° alt=684.3km  →  International (-29.5°, +57.1°)  batt= 99.7%
[ep= 237 step=320 t=44.11h]  lat=-38.192° lon=-111.788° alt=693.6km  →  International (-38.2°, -111.8°)  batt= 99.8%
[ep= 238 step= 20 t= 4.43h]  lat=-69.793° lon= +37.538° alt=698.6km  →  International (-69.8°, +37.5°)  batt=100.0%
[ep= 238 step= 40 t= 6.56h]  lat= -0.509° lon=-119.656° alt=686.1km  →  International (-0.5°, -119.7°)  batt=100.0%
[ep= 238 step= 60 t=10.64h]  lat= +4.215° lon= +61.037° alt=679.6km  →  International (+4.2°, +61.0°)   batt=100.0%
[ep= 238 step= 80 t=12.79h]  lat=-70.693° lon= -95.621° alt=701.0km  →  International (-70.7°, -95.6°)  batt=100.0%
[ep= 238 step=100 t=14.55h]  lat=-45.963° lon=-110.974° alt=695.1km  →  International (-46.0°, -111.0°)  batt=100.0%
[ep= 238 step=120 t=15.57h]  lat= +2.018° lon= +60.929° alt=679.7km  →  International (+2.0°, +60.9°)   batt=100.0%
[ep= 238 step=140 t=15.74h]  lat=-34.357° lon= +55.091° alt=686.6km  →  International (-34.4°, +55.1°)  batt=100.0%
[ep= 238 step=160 t=16.95h]  lat=+59.443° lon= +74.587° alt=694.0km  →  International (+59.4°, +74.6°)  batt=100.0%
[ep= 238 step=180 t=17.22h]  lat= +0.472° lon= +60.777° alt=679.7km  →  International (+0.5°, +60.8°)   batt=100.0%
[ep= 238 step=200 t=17.39h]  lat=-37.694° lon= +54.431° alt=687.7km  →  International (-37.7°, +54.4°)  batt=100.0%
[ep= 238 step=220 t=18.23h]  lat=+40.472° lon=-126.193° alt=692.3km  →  International (+40.5°, -126.2°)  batt= 99.9%
[ep= 238 step=240 t=18.96h]  lat=-20.509° lon= +57.743° alt=682.3km  →  International (-20.5°, +57.7°)  batt=100.0%
[ep= 238 step=260 t=19.12h]  lat=-56.495° lon= +48.428° alt=694.4km  →  International (-56.5°, +48.4°)  batt=100.0%
[ep= 238 step=280 t=22.28h]  lat=-30.247° lon= +56.180° alt=685.0km  →  International (-30.2°, +56.2°)  batt=100.0%
[ep= 238 step=300 t=26.99h]  lat=+16.125° lon= +63.459° alt=680.6km  →  International (+16.1°, +63.5°)  batt=100.0%
[ep= 238 step=320 t=29.19h]  lat=-71.556° lon= -93.651° alt=701.2km  →  International (-71.6°, -93.7°)  batt=100.0%
[ep= 238 step=340 t=29.41h]  lat=-25.005° lon=-114.998° alt=689.8km  →  International (-25.0°, -115.0°)  batt=100.0%
[ep= 238 step=360 t=29.56h]  lat= +7.723° lon=-119.883° alt=686.6km  →  International (+7.7°, -119.9°)  batt= 99.9%
[ep= 238 step=380 t=32.07h]  lat=-18.295° lon= +58.635° alt=681.4km  →  International (-18.3°, +58.6°)  batt= 99.8%
[ep= 238 step=400 t=35.51h]  lat=-53.206° lon= +50.546° alt=693.3km  →  International (-53.2°, +50.5°)  batt=100.0%
[ep= 238 step=420 t=39.62h]  lat=+56.540° lon=-130.746° alt=696.4km  →  International (+56.5°, -130.7°)  batt= 99.0%
[ep= 238 step=440 t=41.85h]  lat= -5.684° lon= +60.916° alt=679.5km  →  International (-5.7°, +60.9°)   batt=100.0%
[ep= 238 step=460 t=42.02h]  lat=-41.975° lon= +54.407° alt=689.0km  →  International (-42.0°, +54.4°)  batt=100.0%
[ep= 238 step=480 t=43.57h]  lat=-22.407° lon= +58.445° alt=682.4km  →  International (-22.4°, +58.4°)  batt=100.0%
[ep= 238 step=500 t=45.23h]  lat=-26.372° lon= +57.835° alt=683.5km  →  International (-26.4°, +57.8°)  batt=100.0%
[ep= 239 step= 20 t= 1.06h]  lat=-51.792° lon= +49.675° alt=692.6km  →  International (-51.8°, +49.7°)  batt= 99.8%
[ep= 239 step= 40 t= 5.48h]  lat=+55.774° lon= +72.249° alt=692.8km  →  International (+55.8°, +72.2°)  batt=100.0%
[ep= 239 step= 60 t= 9.57h]  lat=-59.280° lon=-105.816° alt=698.6km  →  International (-59.3°, -105.8°)  batt=100.0%
[ep= 239 step= 80 t=12.56h]  lat=-55.858° lon= +48.460° alt=693.8km  →  International (-55.9°, +48.5°)  batt=100.0%
[ep= 239 step=100 t=13.80h]  lat=+30.801° lon= +65.413° alt=684.0km  →  International (+30.8°, +65.4°)  batt=100.0%
[ep= 239 step=120 t=18.55h]  lat=+67.129° lon= +80.392° alt=696.0km  →  International (+67.1°, +80.4°)  batt=100.0%
[ep= 239 step=140 t=22.32h]  lat=-39.981° lon= +54.101° alt=688.0km  →  International (-40.0°, +54.1°)  batt= 99.8%
[ep= 239 step=160 t=24.66h]  lat=+12.311° lon=-120.751° alt=686.9km  →  International (+12.3°, -120.8°)  batt=100.0%
[ep= 239 step=180 t=28.74h]  lat= -8.648° lon= +59.953° alt=679.6km  →  International (-8.6°, +60.0°)   batt= 99.9%
[ep= 239 step=200 t=28.91h]  lat=-44.898° lon= +53.077° alt=689.7km  →  International (-44.9°, +53.1°)  batt= 99.8%
[ep= 239 step=220 t=31.07h]  lat=-19.084° lon=-115.907° alt=688.6km  →  International (-19.1°, -115.9°)  batt=100.0%
[ep= 239 step=240 t=33.75h]  lat=-27.855° lon= +57.102° alt=683.6km  →  International (-27.9°, +57.1°)  batt= 99.8%
[ep= 239 step=260 t=36.58h]  lat=+68.782° lon= +82.910° alt=696.5km  →  International (+68.8°, +82.9°)  batt=100.0%
[ep= 239 step=280 t=40.38h]  lat=-43.632° lon= +53.905° alt=689.1km  →  International (-43.6°, +53.9°)  batt= 99.8%
[ep= 239 step=300 t=40.89h]  lat=-24.338° lon=-114.635° alt=690.0km  →  International (-24.3°, -114.6°)  batt=100.0%
[ep= 239 step=320 t=42.60h]  lat= -9.469° lon=-116.885° alt=687.5km  →  International (-9.5°, -116.9°)  batt=100.0%
[ep= 239 step=340 t=47.99h]  lat=+81.073° lon=+126.356° alt=699.2km  →  International (+81.1°, +126.4°)  batt=100.0%
[ep= 240 step= 20 t= 4.05h]  lat=+10.987° lon= +61.741° alt=679.9km  →  International (+11.0°, +61.7°)  batt=100.0%
[ep= 240 step= 40 t= 7.19h]  lat=+41.139° lon= +67.404° alt=687.4km  →  International (+41.1°, +67.4°)  batt=100.0%
[ep= 240 step= 60 t= 9.64h]  lat=-43.266° lon=-111.940° alt=694.3km  →  International (-43.3°, -111.9°)  batt= 99.3%
[ep= 240 step= 80 t=11.78h]  lat=+65.235° lon=-137.400° alt=698.4km  →  International (+65.2°, -137.4°)  batt= 99.9%
[ep= 240 step=100 t=15.74h]  lat=-35.085° lon= +54.938° alt=686.5km  →  International (-35.1°, +54.9°)  batt= 99.7%
[ep= 240 step=120 t=17.27h]  lat= -9.994° lon= +59.280° alt=680.1km  →  International (-10.0°, +59.3°)  batt=100.0%
[ep= 240 step=140 t=17.43h]  lat=-46.219° lon= +52.217° alt=690.5km  →  International (-46.2°, +52.2°)  batt=100.0%
[ep= 240 step=160 t=18.89h]  lat= -6.691° lon= +59.824° alt=679.6km  →  International (-6.7°, +59.8°)   batt=100.0%
[ep= 240 step=180 t=19.06h]  lat=-42.969° lon= +53.200° alt=689.2km  →  International (-43.0°, +53.2°)  batt=100.0%
[ep= 240 step=200 t=22.18h]  lat= -7.383° lon= +59.859° alt=679.5km  →  International (-7.4°, +59.9°)   batt= 99.8%
[ep= 240 step=220 t=22.34h]  lat=-43.652° lon= +53.149° alt=689.3km  →  International (-43.7°, +53.1°)  batt=100.0%
[ep= 240 step=240 t=24.32h]  lat=-61.539° lon=-103.855° alt=699.3km  →  International (-61.5°, -103.9°)  batt=100.0%
[ep= 240 step=260 t=28.12h]  lat=+50.971° lon=-128.909° alt=695.3km  →  International (+51.0°, -128.9°)  batt=100.0%
[ep= 240 step=280 t=29.40h]  lat=-26.586° lon=-114.729° alt=690.1km  →  International (-26.6°, -114.7°)  batt= 99.9%
[ep= 240 step=300 t=29.58h]  lat=+12.805° lon=-120.632° alt=687.0km  →  International (+12.8°, -120.6°)  batt=100.0%
[ep= 240 step=320 t=31.31h]  lat=+32.492° lon=-123.892° alt=690.6km  →  International (+32.5°, -123.9°)  batt=100.0%
[ep= 240 step=340 t=35.74h]  lat=-73.874° lon= -89.198° alt=701.5km  →  International (-73.9°, -89.2°)  batt=100.0%
[ep= 240 step=360 t=39.54h]  lat=+37.798° lon=-124.681° alt=691.8km  →  International (+37.8°, -124.7°)  batt=100.0%
[ep= 240 step=380 t=43.97h]  lat=-67.416° lon= -98.280° alt=700.6km  →  International (-67.4°, -98.3°)  batt= 99.9%
[ep= 241 step= 20 t= 2.67h]  lat=-44.995° lon= +51.969° alt=689.8km  →  International (-45.0°, +52.0°)  batt= 98.6%
[ep= 241 step= 40 t= 7.42h]  lat= -7.931° lon= +59.177° alt=679.6km  →  International (-7.9°, +59.2°)   batt= 97.7%
[ep= 241 step= 60 t=10.54h]  lat=+26.004° lon= +64.398° alt=682.4km  →  International (+26.0°, +64.4°)  batt=100.0%
[ep= 241 step= 80 t=13.01h]  lat=-24.555° lon=-115.750° alt=689.6km  →  International (-24.6°, -115.7°)  batt= 99.6%
[ep= 241 step=100 t=15.18h]  lat=+81.522° lon=+132.458° alt=699.5km  →  International (+81.5°, +132.5°)  batt= 99.3%
[ep= 241 step=120 t=20.36h]  lat=+31.224° lon= +65.770° alt=684.0km  →  International (+31.2°, +65.8°)  batt= 97.8%
[ep= 241 step=140 t=20.69h]  lat=-41.487° lon= +53.666° alt=688.6km  →  International (-41.5°, +53.7°)  batt= 97.6%
[ep= 241 step=160 t=23.81h]  lat= -5.868° lon= +60.154° alt=679.2km  →  International (-5.9°, +60.2°)   batt= 95.9%
[ep= 241 step=180 t=23.98h]  lat=-42.161° lon= +53.626° alt=688.7km  →  International (-42.2°, +53.6°)  batt= 95.8%
[ep= 241 step=200 t=25.52h]  lat=-22.603° lon= +57.678° alt=682.1km  →  International (-22.6°, +57.7°)  batt= 95.0%
[ep= 241 step=220 t=27.23h]  lat=-37.440° lon= +54.905° alt=686.8km  →  International (-37.4°, +54.9°)  batt= 94.1%
[ep= 241 step=240 t=31.66h]  lat=+69.647° lon= +83.749° alt=696.6km  →  International (+69.6°, +83.7°)  batt= 91.7%
[ep= 241 step=260 t=33.83h]  lat=-44.170° lon= +53.495° alt=689.3km  →  International (-44.2°, +53.5°)  batt= 99.8%
[ep= 241 step=280 t=37.62h]  lat=-23.110° lon=-114.974° alt=689.8km  →  International (-23.1°, -115.0°)  batt= 99.8%
[ep= 241 step=300 t=40.02h]  lat=+35.618° lon= +67.481° alt=684.8km  →  International (+35.6°, +67.5°)  batt= 99.9%
[ep= 241 step=320 t=42.98h]  lat=+71.718° lon=-143.587° alt=699.2km  →  International (+71.7°, -143.6°)  batt= 99.4%
[ep= 241 step=340 t=45.23h]  lat=-27.269° lon= +57.692° alt=683.4km  →  International (-27.3°, +57.7°)  batt= 98.2%
[ep= 241 step=360 t=45.41h]  lat=-66.457° lon= +42.920° alt=697.6km  →  International (-66.5°, +42.9°)  batt= 98.1%
[ep= 242 step= 20 t= 4.77h]  lat=-33.500° lon=-114.422° alt=691.2km  →  International (-33.5°, -114.4°)  batt=100.0%
[ep= 242 step= 40 t= 5.91h]  lat=-36.642° lon= +54.196° alt=687.2km  →  International (-36.6°, +54.2°)  batt=100.0%
[ep= 242 step= 60 t= 8.98h]  lat= +9.970° lon= +61.798° alt=679.9km  →  International (+10.0°, +61.8°)  batt=100.0%
[ep= 242 step= 80 t= 9.20h]  lat=-39.123° lon= +53.763° alt=687.9km  →  International (-39.1°, +53.8°)  batt=100.0%
[ep= 242 step=100 t=12.65h]  lat=-74.547° lon= +29.705° alt=699.7km  →  International (-74.5°, +29.7°)  batt=100.0%
[ep= 242 step=120 t=17.39h]  lat=-37.184° lon= +54.548° alt=687.0km  →  International (-37.2°, +54.5°)  batt=100.0%
[ep= 242 step=140 t=17.96h]  lat=-18.733° lon=-116.505° alt=688.1km  →  International (-18.7°, -116.5°)  batt=100.0%
[ep= 242 step=160 t=19.43h]  lat=-54.382° lon=-107.790° alt=697.5km  →  International (-54.4°, -107.8°)  batt=100.0%
[ep= 242 step=180 t=21.61h]  lat=+63.104° lon=-135.325° alt=697.9km  →  International (+63.1°, -135.3°)  batt=100.0%
[ep= 242 step=200 t=25.60h]  lat=-38.268° lon= +54.643° alt=687.5km  →  International (-38.3°, +54.6°)  batt=100.0%
[ep= 242 step=220 t=28.75h]  lat= -9.894° lon= +59.772° alt=680.0km  →  International (-9.9°, +59.8°)   batt=100.0%
[ep= 242 step=240 t=30.34h]  lat= +0.708° lon= +61.354° alt=679.2km  →  International (+0.7°, +61.4°)   batt=100.0%
[ep= 242 step=260 t=30.51h]  lat=-35.660° lon= +55.426° alt=686.6km  →  International (-35.7°, +55.4°)  batt=100.0%
[ep= 242 step=280 t=31.34h]  lat=+38.441° lon=-125.162° alt=691.8km  →  International (+38.4°, -125.2°)  batt=100.0%
[ep= 242 step=300 t=32.05h]  lat=-14.218° lon= +59.266° alt=680.6km  →  International (-14.2°, +59.3°)  batt=100.0%
[ep= 242 step=320 t=32.21h]  lat=-50.364° lon= +51.482° alt=691.9km  →  International (-50.4°, +51.5°)  batt=100.0%
[ep= 242 step=340 t=35.34h]  lat=-16.724° lon= +59.020° alt=680.9km  →  International (-16.7°, +59.0°)  batt=100.0%
[ep= 242 step=360 t=40.41h]  lat=-48.448° lon= +52.472° alt=691.1km  →  International (-48.4°, +52.5°)  batt=100.0%
[ep= 242 step=380 t=40.91h]  lat=-19.461° lon=-115.443° alt=688.7km  →  International (-19.5°, -115.4°)  batt=100.0%
[ep= 242 step=400 t=43.06h]  lat=+81.923° lon=+148.447° alt=699.4km  →  International (+81.9°, +148.4°)  batt=100.0%
[ep= 242 step=420 t=46.51h]  lat=+49.895° lon= +71.601° alt=689.9km  →  International (+49.9°, +71.6°)  batt= 99.9%
[ep= 243 step= 20 t= 4.45h]  lat=-74.636° lon= +29.136° alt=699.9km  →  International (-74.6°, +29.1°)  batt=100.0%
[ep= 243 step= 40 t= 8.90h]  lat=+26.382° lon= +64.397° alt=683.0km  →  International (+26.4°, +64.4°)  batt=100.0%
[ep= 243 step= 60 t=12.22h]  lat=+16.638° lon= +62.933° alt=681.0km  →  International (+16.6°, +62.9°)  batt=100.0%
[ep= 243 step= 80 t=14.12h]  lat=-38.252° lon= +54.171° alt=688.0km  →  International (-38.3°, +54.2°)  batt=100.0%
[ep= 243 step=100 t=15.61h]  lat= -5.895° lon= +59.808° alt=680.0km  →  International (-5.9°, +59.8°)   batt=100.0%
[ep= 243 step=120 t=15.78h]  lat=-42.180° lon= +53.276° alt=689.3km  →  International (-42.2°, +53.3°)  batt=100.0%
[ep= 243 step=140 t=17.25h]  lat= -6.227° lon= +59.827° alt=679.9km  →  International (-6.2°, +59.8°)   batt=100.0%
[ep= 243 step=160 t=17.42h]  lat=-42.508° lon= +53.257° alt=689.3km  →  International (-42.5°, +53.3°)  batt=100.0%
[ep= 243 step=180 t=18.98h]  lat=-24.764° lon= +57.037° alt=683.3km  →  International (-24.8°, +57.0°)  batt=100.0%
[ep= 243 step=200 t=21.65h]  lat=+70.366° lon=-142.499° alt=699.3km  →  International (+70.4°, -142.5°)  batt=100.0%
[ep= 243 step=220 t=25.46h]  lat= -7.868° lon= +59.929° alt=679.8km  →  International (-7.9°, +59.9°)   batt=100.0%
[ep= 243 step=240 t=30.23h]  lat=+25.747° lon= +65.166° alt=682.3km  →  International (+25.7°, +65.2°)  batt=100.0%
[ep= 243 step=260 t=34.64h]  lat=+43.127° lon=-126.192° alt=693.3km  →  International (+43.1°, -126.2°)  batt=100.0%
[ep= 243 step=280 t=37.05h]  lat=-31.991° lon= +56.455° alt=685.6km  →  International (-32.0°, +56.5°)  batt=100.0%
[ep= 243 step=300 t=38.57h]  lat= -5.041° lon= +60.878° alt=679.5km  →  International (-5.0°, +60.9°)   batt=100.0%
[ep= 243 step=320 t=38.73h]  lat=-41.341° lon= +54.440° alt=688.9km  →  International (-41.3°, +54.4°)  batt=100.0%
[ep= 243 step=340 t=40.12h]  lat=+12.864° lon= +63.512° alt=680.0km  →  International (+12.9°, +63.5°)  batt=100.0%
[ep= 243 step=360 t=40.29h]  lat=-23.580° lon= +58.119° alt=682.9km  →  International (-23.6°, +58.1°)  batt=100.0%
[ep= 243 step=380 t=41.92h]  lat=-22.095° lon= +58.434° alt=682.3km  →  International (-22.1°, +58.4°)  batt=100.0%
[ep= 243 step=400 t=43.08h]  lat=+79.771° lon=+113.516° alt=698.9km  →  International (+79.8°, +113.5°)  batt=100.0%
[ep= 243 step=420 t=44.35h]  lat=+14.339° lon=-120.244° alt=687.4km  →  International (+14.3°, -120.2°)  batt=100.0%
[ep= 244 step= 20 t= 0.97h]  lat=-32.030° lon= +54.955° alt=685.4km  →  International (-32.0°, +55.0°)  batt=100.0%
[ep= 244 step= 40 t= 1.47h]  lat=-37.764° lon=-113.639° alt=692.5km  →  International (-37.8°, -113.6°)  batt=100.0%
[ep= 244 step= 60 t= 2.55h]  lat=-19.664° lon= +57.202° alt=681.8km  →  International (-19.7°, +57.2°)  batt=100.0%
[ep= 244 step= 80 t= 2.72h]  lat=-55.676° lon= +48.135° alt=693.8km  →  International (-55.7°, +48.1°)  batt=100.0%
[ep= 244 step=100 t= 4.16h]  lat=-12.722° lon= +58.338° alt=680.4km  →  International (-12.7°, +58.3°)  batt= 99.9%
[ep= 244 step=120 t= 4.33h]  lat=-50.683° lon= +50.216° alt=691.9km  →  International (-50.7°, +50.2°)  batt=100.0%
[ep= 244 step=140 t= 8.11h]  lat=-20.133° lon=-116.690° alt=688.6km  →  International (-20.1°, -116.7°)  batt= 99.9%
[ep= 244 step=160 t=10.28h]  lat=+80.397° lon=+117.260° alt=699.6km  →  International (+80.4°, +117.3°)  batt=100.0%
[ep= 244 step=180 t=14.71h]  lat=-11.527° lon=-117.736° alt=687.3km  →  International (-11.5°, -117.7°)  batt=100.0%
[ep= 244 step=200 t=16.52h]  lat=+25.180° lon=-123.136° alt=689.1km  →  International (+25.2°, -123.1°)  batt=100.0%
[ep= 244 step=220 t=20.62h]  lat=-25.191° lon= +57.033° alt=682.9km  →  International (-25.2°, +57.0°)  batt=100.0%
[ep= 244 step=240 t=24.43h]  lat=-36.699° lon=-112.928° alt=692.7km  →  International (-36.7°, -112.9°)  batt=100.0%
[ep= 244 step=260 t=25.53h]  lat=-24.377° lon= +57.376° alt=682.8km  →  International (-24.4°, +57.4°)  batt= 99.9%
[ep= 244 step=280 t=25.72h]  lat=-63.719° lon= +44.393° alt=696.6km  →  International (-63.7°, +44.4°)  batt=100.0%
[ep= 244 step=300 t=30.38h]  lat= -9.017° lon= +59.969° alt=679.3km  →  International (-9.0°, +60.0°)   batt=100.0%
[ep= 244 step=320 t=33.61h]  lat= +3.088° lon= +61.828° alt=678.7km  →  International (+3.1°, +61.8°)   batt=100.0%
[ep= 244 step=340 t=38.36h]  lat=+40.226° lon= +68.469° alt=686.4km  →  International (+40.2°, +68.5°)  batt=100.0%
[ep= 244 step=360 t=40.26h]  lat=-15.900° lon= +59.352° alt=680.2km  →  International (-15.9°, +59.4°)  batt=100.0%
[ep= 244 step=380 t=45.00h]  lat=+23.188° lon= +65.340° alt=681.2km  →  International (+23.2°, +65.3°)  batt= 99.8%
[ep= 244 step=400 t=47.91h]  lat=+74.660° lon=-149.099° alt=699.5km  →  International (+74.7°, -149.1°)  batt=100.0%
[ep= 245 step= 20 t= 4.08h]  lat= +5.522° lon= +60.951° alt=679.7km  →  International (+5.5°, +61.0°)   batt= 99.8%
[ep= 245 step= 40 t= 4.24h]  lat=-30.883° lon= +55.312° alt=685.1km  →  International (-30.9°, +55.3°)  batt= 99.7%
[ep= 245 step= 60 t= 6.70h]  lat=+30.412° lon=-124.498° alt=689.8km  →  International (+30.4°, -124.5°)  batt=100.0%
[ep= 245 step= 80 t=11.46h]  lat= -4.928° lon=-118.832° alt=686.5km  →  International (-4.9°, -118.8°)  batt=100.0%
[ep= 245 step=100 t=14.23h]  lat=-63.190° lon= +44.301° alt=696.3km  →  International (-63.2°, +44.3°)  batt=100.0%
[ep= 245 step=120 t=14.75h]  lat= -2.444° lon=-119.050° alt=686.3km  →  International (-2.4°, -119.1°)  batt=100.0%
[ep= 245 step=140 t=17.26h]  lat= -8.119° lon= +59.549° alt=679.5km  →  International (-8.1°, +59.5°)   batt= 99.8%
[ep= 245 step=160 t=19.09h]  lat=-50.083° lon= +51.030° alt=691.7km  →  International (-50.1°, +51.0°)  batt=100.0%
[ep= 245 step=180 t=21.62h]  lat=+63.663° lon=-135.745° alt=698.3km  →  International (+63.7°, -135.7°)  batt=100.0%
[ep= 245 step=200 t=25.70h]  lat=-60.223° lon= +46.720° alt=695.6km  →  International (-60.2°, +46.7°)  batt=100.0%
[ep= 245 step=220 t=27.16h]  lat=-21.062° lon= +57.987° alt=682.1km  →  International (-21.1°, +58.0°)  batt= 99.8%
[ep= 245 step=240 t=28.31h]  lat=+81.224° lon=+127.782° alt=699.5km  →  International (+81.2°, +127.8°)  batt=100.0%
[ep= 245 step=260 t=28.84h]  lat=-30.474° lon= +56.401° alt=684.7km  →  International (-30.5°, +56.4°)  batt= 99.7%
[ep= 245 step=280 t=29.68h]  lat=+33.271° lon=-124.117° alt=690.7km  →  International (+33.3°, -124.1°)  batt=100.0%
[ep= 245 step=300 t=33.73h]  lat=-24.234° lon= +57.729° alt=682.6km  →  International (-24.2°, +57.7°)  batt= 99.7%
[ep= 245 step=320 t=38.48h]  lat=+13.038° lon= +63.459° alt=679.5km  →  International (+13.0°, +63.5°)  batt= 99.8%
[ep= 245 step=340 t=40.03h]  lat=+33.894° lon= +67.105° alt=684.4km  →  International (+33.9°, +67.1°)  batt= 99.9%
[ep= 245 step=360 t=40.89h]  lat=-25.540° lon=-114.439° alt=690.2km  →  International (-25.5°, -114.4°)  batt=100.0%
[ep= 245 step=380 t=42.26h]  lat=-79.494° lon= -68.431° alt=701.9km  →  International (-79.5°, -68.4°)  batt=100.0%
[ep= 245 step=400 t=46.04h]  lat=+25.153° lon=-121.924° alt=689.4km  →  International (+25.2°, -121.9°)  batt=100.0%
[ep= 246 step= 20 t= 3.78h]  lat=+68.243° lon= +80.951° alt=696.6km  →  International (+68.2°, +81.0°)  batt= 97.9%
[ep= 246 step= 40 t= 4.29h]  lat=-41.716° lon= +52.921° alt=689.0km  →  International (-41.7°, +52.9°)  batt= 97.6%
[ep= 246 step= 60 t= 5.78h]  lat= -7.586° lon= +59.158° alt=680.0km  →  International (-7.6°, +59.2°)   batt= 96.9%
[ep= 246 step= 80 t= 5.94h]  lat=-43.849° lon= +52.423° alt=689.7km  →  International (-43.8°, +52.4°)  batt= 96.8%
[ep= 246 step=100 t= 7.42h]  lat= -9.751° lon= +58.912° alt=680.1km  →  International (-9.8°, +58.9°)   batt= 96.0%
[ep= 246 step=120 t= 7.60h]  lat=-47.770° lon= +51.333° alt=691.0km  →  International (-47.8°, +51.3°)  batt= 95.9%
[ep= 246 step=140 t= 9.88h]  lat= +9.311° lon=-120.922° alt=686.5km  →  International (+9.3°, -120.9°)  batt= 94.7%
[ep= 246 step=160 t=13.02h]  lat=-22.760° lon=-116.056° alt=688.9km  →  International (-22.8°, -116.1°)  batt= 95.3%
[ep= 246 step=180 t=16.20h]  lat=-43.754° lon=-111.533° alt=694.5km  →  International (-43.8°, -111.5°)  batt= 99.6%
[ep= 246 step=200 t=17.01h]  lat=+45.739° lon= +69.064° alt=688.9km  →  International (+45.7°, +69.1°)  batt= 99.2%
[ep= 246 step=220 t=17.91h]  lat=-28.395° lon=-114.865° alt=690.4km  →  International (-28.4°, -114.9°)  batt= 98.7%
[ep= 246 step=240 t=18.01h]  lat= -7.817° lon=-118.139° alt=686.7km  →  International (-7.8°, -118.1°)  batt= 98.7%
[ep= 246 step=260 t=21.78h]  lat=+76.676° lon= +97.641° alt=698.5km  →  International (+76.7°, +97.6°)  batt= 98.6%
[ep= 246 step=280 t=28.45h]  lat=+55.301° lon= +72.987° alt=692.2km  →  International (+55.3°, +73.0°)  batt= 95.1%
[ep= 246 step=300 t=30.57h]  lat=-50.037° lon= +51.533° alt=691.8km  →  International (-50.0°, +51.5°)  batt= 94.0%
[ep= 246 step=320 t=32.12h]  lat=-30.582° lon= +56.529° alt=684.6km  →  International (-30.6°, +56.5°)  batt= 93.2%
[ep= 246 step=340 t=33.71h]  lat=-18.212° lon= +58.726° alt=681.1km  →  International (-18.2°, +58.7°)  batt= 92.3%
[ep= 246 step=360 t=35.27h]  lat= -2.144° lon= +61.159° alt=678.9km  →  International (-2.1°, +61.2°)   batt= 92.1%
[ep= 246 step=380 t=37.90h]  lat=+37.976° lon=-124.778° alt=692.1km  →  International (+38.0°, -124.8°)  batt= 93.0%
[ep= 246 step=400 t=42.64h]  lat= -0.927° lon=-118.101° alt=686.8km  →  International (-0.9°, -118.1°)  batt= 95.0%
[ep= 246 step=420 t=44.46h]  lat=+37.517° lon=-124.401° alt=692.0km  →  International (+37.5°, -124.4°)  batt= 99.5%
[ep= 246 step=440 t=47.28h]  lat=-61.120° lon=-103.160° alt=699.6km  →  International (-61.1°, -103.2°)  batt= 99.6%
[ep= 247 step= 20 t= 5.08h]  lat=+35.505° lon=-125.593° alt=691.3km  →  International (+35.5°, -125.6°)  batt= 97.3%
[ep= 247 step= 40 t= 9.17h]  lat=-31.897° lon= +55.319° alt=685.0km  →  International (-31.9°, +55.3°)  batt= 95.6%
[ep= 247 step= 60 t=13.27h]  lat=+31.747° lon=-124.485° alt=690.5km  →  International (+31.7°, -124.5°)  batt= 97.7%
[ep= 247 step= 80 t=14.75h]  lat= -2.425° lon=-119.051° alt=686.6km  →  International (-2.4°, -119.1°)  batt= 99.6%
[ep= 247 step=100 t=17.87h]  lat=-38.016° lon=-112.911° alt=693.2km  →  International (-38.0°, -112.9°)  batt= 99.6%
[ep= 247 step=120 t=22.20h]  lat=-12.792° lon= +59.069° alt=680.2km  →  International (-12.8°, +59.1°)  batt= 98.2%
[ep= 247 step=140 t=22.38h]  lat=-50.751° lon= +50.937° alt=692.1km  →  International (-50.8°, +50.9°)  batt= 98.1%
[ep= 247 step=160 t=26.14h]  lat=-21.886° lon=-115.664° alt=689.0km  →  International (-21.9°, -115.7°)  batt= 96.1%
[ep= 247 step=180 t=27.68h]  lat=-45.005° lon=-110.718° alt=695.1km  →  International (-45.0°, -110.7°)  batt= 95.3%
[ep= 247 step=200 t=31.77h]  lat=+46.937° lon= +70.018° alt=689.1km  →  International (+46.9°, +70.0°)  batt= 93.1%
[ep= 247 step=220 t=35.20h]  lat=+13.687° lon= +63.421° alt=679.5km  →  International (+13.7°, +63.4°)  batt= 91.6%
[ep= 247 step=240 t=37.67h]  lat=-12.268° lon=-116.688° alt=687.8km  →  International (-12.3°, -116.7°)  batt= 93.2%
[ep= 247 step=260 t=38.84h]  lat=-64.567° lon= +44.262° alt=696.8km  →  International (-64.6°, +44.3°)  batt= 98.3%
[ep= 247 step=280 t=41.98h]  lat=-35.001° lon= +56.032° alt=685.7km  →  International (-35.0°, +56.0°)  batt= 99.8%
[ep= 247 step=300 t=46.39h]  lat=+75.038° lon= +93.907° alt=697.7km  →  International (+75.0°, +93.9°)  batt= 97.7%
[ep= 247 step=320 t=46.97h]  lat=-48.577° lon= +52.693° alt=691.2km  →  International (-48.6°, +52.7°)  batt= 97.3%
[ep= 247 step=340 t=47.92h]  lat=+76.662° lon=-154.714° alt=699.6km  →  International (+76.7°, -154.7°)  batt= 96.9%
[ep= 248 step= 20 t= 2.99h]  lat=-62.302° lon=-104.226° alt=699.3km  →  International (-62.3°, -104.2°)  batt=100.0%
[ep= 248 step= 40 t= 7.62h]  lat=-51.354° lon= +50.112° alt=692.1km  →  International (-51.4°, +50.1°)  batt=100.0%
[ep= 248 step= 60 t=12.06h]  lat=+52.654° lon= +71.195° alt=691.0km  →  International (+52.7°, +71.2°)  batt=100.0%
[ep= 248 step= 80 t=15.52h]  lat=+14.042° lon= +62.669° alt=679.8km  →  International (+14.0°, +62.7°)  batt=100.0%
[ep= 248 step=100 t=19.93h]  lat=+54.638° lon=-130.687° alt=696.0km  →  International (+54.6°, -130.7°)  batt=100.0%
[ep= 248 step=120 t=22.19h]  lat=-11.028° lon= +59.333° alt=679.9km  →  International (-11.0°, +59.3°)  batt=100.0%
[ep= 248 step=140 t=22.36h]  lat=-47.238° lon= +52.112° alt=690.7km  →  International (-47.2°, +52.1°)  batt=100.0%
[ep= 248 step=160 t=23.81h]  lat= -5.904° lon= +60.142° alt=679.2km  →  International (-5.9°, +60.1°)   batt=100.0%
[ep= 248 step=180 t=23.98h]  lat=-42.196° lon= +53.610° alt=688.6km  →  International (-42.2°, +53.6°)  batt=100.0%
[ep= 248 step=200 t=25.54h]  lat=-26.275° lon= +57.043° alt=683.1km  →  International (-26.3°, +57.0°)  batt=100.0%
[ep= 248 step=220 t=28.65h]  lat=+11.308° lon= +62.803° alt=679.3km  →  International (+11.3°, +62.8°)  batt=100.0%
[ep= 248 step=240 t=32.43h]  lat=-77.881° lon= -77.398° alt=701.7km  →  International (-77.9°, -77.4°)  batt=100.0%
[ep= 248 step=260 t=32.74h]  lat=-13.195° lon=-116.748° alt=687.8km  →  International (-13.2°, -116.7°)  batt=100.0%
[ep= 248 step=280 t=33.46h]  lat=+35.721° lon= +67.225° alt=684.8km  →  International (+35.7°, +67.2°)  batt=100.0%
[ep= 248 step=300 t=34.36h]  lat=-17.091° lon=-116.087° alt=688.5km  →  International (-17.1°, -116.1°)  batt=100.0%
[ep= 248 step=320 t=35.20h]  lat=+14.190° lon= +63.503° alt=679.3km  →  International (+14.2°, +63.5°)  batt=100.0%
[ep= 248 step=340 t=39.61h]  lat=+54.495° lon=-129.816° alt=696.3km  →  International (+54.5°, -129.8°)  batt=100.0%
[ep= 248 step=360 t=43.53h]  lat=-14.872° lon= +59.641° alt=680.3km  →  International (-14.9°, +59.6°)  batt=100.0%
[ep= 248 step=380 t=43.71h]  lat=-54.560° lon= +50.327° alt=693.4km  →  International (-54.6°, +50.3°)  batt=100.0%
[ep= 248 step=400 t=47.85h]  lat=+61.415° lon=-133.095° alt=697.6km  →  International (+61.4°, -133.1°)  batt=100.0%
[ep= 249 step= 20 t= 4.74h]  lat=-38.907° lon=-113.236° alt=693.1km  →  International (-38.9°, -113.2°)  batt= 97.9%
[ep= 249 step= 40 t= 7.88h]  lat=-68.231° lon= -98.898° alt=700.5km  →  International (-68.2°, -98.9°)  batt= 99.6%
[ep= 249 step= 60 t=12.30h]  lat= +0.212° lon= +60.537° alt=679.6km  →  International (+0.2°, +60.5°)   batt= 98.2%
[ep= 249 step= 80 t=12.55h]  lat=-54.065° lon= +49.247° alt=693.7km  →  International (-54.1°, +49.2°)  batt= 98.1%
[ep= 249 step=100 t=14.09h]  lat=-32.862° lon= +55.329° alt=686.0km  →  International (-32.9°, +55.3°)  batt= 97.3%
[ep= 249 step=120 t=15.53h]  lat=+10.487° lon= +62.142° alt=680.0km  →  International (+10.5°, +62.1°)  batt= 96.5%
[ep= 249 step=140 t=15.70h]  lat=-25.946° lon= +56.693° alt=683.7km  →  International (-25.9°, +56.7°)  batt= 96.5%
[ep= 249 step=160 t=17.19h]  lat= +6.505° lon= +61.633° alt=679.6km  →  International (+6.5°, +61.6°)   batt= 95.7%
[ep= 249 step=180 t=17.41h]  lat=-40.745° lon= +53.704° alt=688.5km  →  International (-40.7°, +53.7°)  batt= 95.6%
[ep= 249 step=200 t=21.20h]  lat=-26.581° lon=-115.065° alt=690.1km  →  International (-26.6°, -115.1°)  batt= 93.6%
[ep= 249 step=220 t=24.37h]  lat=-51.110° lon=-108.885° alt=696.8km  →  International (-51.1°, -108.9°)  batt= 92.4%
[ep= 249 step=240 t=26.27h]  lat= +5.305° lon=-119.675° alt=686.4km  →  International (+5.3°, -119.7°)  batt= 92.3%
[ep= 249 step=260 t=29.18h]  lat=-74.152° lon= -88.854° alt=701.6km  →  International (-74.2°, -88.9°)  batt= 93.8%
[ep= 249 step=280 t=32.63h]  lat=-38.722° lon=-112.138° alt=693.5km  →  International (-38.7°, -112.1°)  batt= 97.2%
[ep= 249 step=300 t=35.37h]  lat=-22.660° lon= +58.064° alt=682.6km  →  International (-22.7°, +58.1°)  batt= 98.9%
[ep= 249 step=320 t=36.88h]  lat= +6.165° lon= +62.393° alt=679.3km  →  International (+6.2°, +62.4°)   batt= 99.3%
[ep= 249 step=340 t=37.11h]  lat=-44.676° lon= +53.474° alt=690.1km  →  International (-44.7°, +53.5°)  batt= 99.2%
[ep= 249 step=360 t=39.58h]  lat=+47.745° lon=-127.346° alt=694.3km  →  International (+47.7°, -127.3°)  batt= 97.9%
[ep= 249 step=380 t=40.42h]  lat=-50.697° lon= +51.693° alt=692.2km  →  International (-50.7°, +51.7°)  batt= 97.5%
[ep= 249 step=400 t=41.89h]  lat=-14.897° lon= +59.561° alt=680.5km  →  International (-14.9°, +59.6°)  batt= 96.7%
[ep= 249 step=420 t=42.73h]  lat=+19.538° lon=-121.126° alt=688.1km  →  International (+19.5°, -121.1°)  batt= 96.3%
[ep= 249 step=440 t=45.98h]  lat=+12.927° lon=-119.975° alt=687.4km  →  International (+12.9°, -120.0°)  batt= 94.6%
[ep= 250 step= 20 t= 4.13h]  lat= -5.410° lon= +59.403° alt=679.8km  →  International (-5.4°, +59.4°)   batt= 99.4%
[ep= 250 step= 40 t= 5.62h]  lat=+27.039° lon= +64.381° alt=683.1km  →  International (+27.0°, +64.4°)  batt=100.0%
[ep= 250 step= 60 t= 9.08h]  lat=-11.874° lon= +58.670° alt=680.5km  →  International (-11.9°, +58.7°)  batt=100.0%
[ep= 250 step= 80 t=13.18h]  lat=+11.728° lon=-121.136° alt=686.4km  →  International (+11.7°, -121.1°)  batt= 99.8%
[ep= 250 step=100 t=18.88h]  lat= -2.913° lon= +60.371° alt=679.5km  →  International (-2.9°, +60.4°)   batt= 99.4%
[ep= 250 step=120 t=19.05h]  lat=-41.040° lon= +53.706° alt=688.7km  →  International (-41.0°, +53.7°)  batt= 99.3%
[ep= 250 step=140 t=21.05h]  lat=-58.852° lon=-105.570° alt=698.8km  →  International (-58.9°, -105.6°)  batt= 99.8%
[ep= 250 step=160 t=26.12h]  lat=-25.651° lon=-115.016° alt=689.8km  →  International (-25.7°, -115.0°)  batt= 99.8%
[ep= 250 step=180 t=27.96h]  lat=+16.498° lon=-121.245° alt=687.4km  →  International (+16.5°, -121.2°)  batt= 99.7%
[ep= 250 step=200 t=31.43h]  lat=+58.490° lon=-132.058° alt=697.0km  →  International (+58.5°, -132.1°)  batt= 99.9%
[ep= 250 step=220 t=35.71h]  lat=-78.890° lon= -72.357° alt=702.1km  →  International (-78.9°, -72.4°)  batt= 99.6%
[ep= 250 step=240 t=37.08h]  lat=-37.411° lon= +55.320° alt=687.5km  →  International (-37.4°, +55.3°)  batt= 99.9%
[ep= 250 step=260 t=38.66h]  lat=-25.065° lon= +57.806° alt=683.4km  →  International (-25.1°, +57.8°)  batt=100.0%
[ep= 250 step=280 t=38.83h]  lat=-60.899° lon= +46.866° alt=696.1km  →  International (-60.9°, +46.9°)  batt= 99.9%
[ep= 250 step=300 t=40.24h]  lat=-12.662° lon= +59.846° alt=680.4km  →  International (-12.7°, +59.8°)  batt= 99.4%
[ep= 250 step=320 t=40.41h]  lat=-48.838° lon= +52.350° alt=691.6km  →  International (-48.8°, +52.4°)  batt= 99.5%
[ep= 250 step=340 t=46.12h]  lat=+41.802° lon=-125.363° alt=693.1km  →  International (+41.8°, -125.4°)  batt= 97.8%
[ep= 251 step= 20 t= 1.02h]  lat=-42.849° lon= +52.490° alt=689.3km  →  International (-42.8°, +52.5°)  batt=100.0%
[ep= 251 step= 40 t= 5.10h]  lat=+39.101° lon=-126.404° alt=692.1km  →  International (+39.1°, -126.4°)  batt=100.0%
[ep= 251 step= 60 t=10.18h]  lat=+71.605° lon=-144.788° alt=699.7km  →  International (+71.6°, -144.8°)  batt=100.0%
[ep= 251 step= 80 t=12.97h]  lat=-31.831° lon=-114.422° alt=691.2km  →  International (-31.8°, -114.4°)  batt=100.0%
[ep= 251 step=100 t=17.10h]  lat=+26.497° lon= +64.755° alt=682.5km  →  International (+26.5°, +64.8°)  batt= 99.8%
[ep= 251 step=120 t=17.94h]  lat=-21.766° lon=-116.017° alt=689.1km  →  International (-21.8°, -116.0°)  batt=100.0%
[ep= 251 step=140 t=19.47h]  lat=-46.678° lon=-110.557° alt=695.6km  →  International (-46.7°, -110.6°)  batt=100.0%
[ep= 251 step=160 t=24.85h]  lat=+53.777° lon=-130.123° alt=696.0km  →  International (+53.8°, -130.1°)  batt=100.0%
[ep= 251 step=180 t=25.62h]  lat=-42.434° lon= +53.617° alt=689.0km  →  International (-42.4°, +53.6°)  batt=100.0%
[ep= 251 step=200 t=27.07h]  lat= -2.837° lon= +60.716° alt=679.2km  →  International (-2.8°, +60.7°)   batt=100.0%
[ep= 251 step=220 t=27.24h]  lat=-39.167° lon= +54.497° alt=687.7km  →  International (-39.2°, +54.5°)  batt=100.0%
[ep= 251 step=240 t=28.64h]  lat=+13.238° lon= +63.092° alt=679.9km  →  International (+13.2°, +63.1°)  batt= 99.8%
[ep= 251 step=260 t=28.81h]  lat=-23.210° lon= +57.706° alt=682.4km  →  International (-23.2°, +57.7°)  batt=100.0%
[ep= 251 step=280 t=29.32h]  lat=-44.705° lon=-110.728° alt=694.9km  →  International (-44.7°, -110.7°)  batt=100.0%
[ep= 251 step=300 t=30.47h]  lat=-27.182° lon= +57.085° alt=683.4km  →  International (-27.2°, +57.1°)  batt=100.0%
[ep= 251 step=320 t=31.32h]  lat=+33.598° lon=-124.108° alt=691.1km  →  International (+33.6°, -124.1°)  batt=100.0%
[ep= 251 step=340 t=35.42h]  lat=-33.610° lon= +56.061° alt=685.4km  →  International (-33.6°, +56.1°)  batt=100.0%
[ep= 251 step=360 t=37.65h]  lat=-15.944° lon=-116.127° alt=688.2km  →  International (-15.9°, -116.1°)  batt=100.0%
[ep= 251 step=380 t=39.19h]  lat=-37.932° lon=-112.043° alt=693.4km  →  International (-37.9°, -112.0°)  batt=100.0%
[ep= 251 step=400 t=39.28h]  lat=-17.423° lon=-115.830° alt=688.6km  →  International (-17.4°, -115.8°)  batt=100.0%
[ep= 251 step=420 t=40.76h]  lat=-53.692° lon=-107.199° alt=697.8km  →  International (-53.7°, -107.2°)  batt=100.0%
[ep= 251 step=440 t=40.92h]  lat=-17.689° lon=-115.720° alt=688.7km  →  International (-17.7°, -115.7°)  batt=100.0%
[ep= 251 step=460 t=42.44h]  lat=-44.445° lon=-110.260° alt=695.4km  →  International (-44.4°, -110.3°)  batt=100.0%
[ep= 251 step=480 t=43.27h]  lat=+41.656° lon= +69.025° alt=686.9km  →  International (+41.7°, +69.0°)  batt= 99.9%
[ep= 251 step=500 t=47.05h]  lat=-65.538° lon= +43.805° alt=697.3km  →  International (-65.5°, +43.8°)  batt=100.0%
[ep= 252 step= 20 t= 5.08h]  lat=+33.702° lon=-125.213° alt=690.7km  →  International (+33.7°, -125.2°)  batt= 97.5%
[ep= 252 step= 40 t= 7.62h]  lat=-53.138° lon= +49.422° alt=692.8km  →  International (-53.1°, +49.4°)  batt= 96.6%
[ep= 252 step= 60 t= 9.46h]  lat=-79.114° lon= -72.164° alt=701.5km  →  International (-79.1°, -72.2°)  batt= 99.8%
[ep= 252 step= 80 t=13.91h]  lat= +7.689° lon= +61.666° alt=679.2km  →  International (+7.7°, +61.7°)   batt=100.0%
[ep= 252 step=100 t=19.11h]  lat=-53.119° lon= +49.904° alt=693.0km  →  International (-53.1°, +49.9°)  batt= 98.3%
[ep= 252 step=120 t=20.59h]  lat=-19.202° lon= +58.018° alt=681.5km  →  International (-19.2°, +58.0°)  batt= 97.6%
[ep= 252 step=140 t=21.09h]  lat=-50.431° lon=-109.263° alt=696.3km  →  International (-50.4°, -109.3°)  batt= 97.4%
[ep= 252 step=160 t=22.17h]  lat= -6.798° lon= +59.943° alt=679.4km  →  International (-6.8°, +59.9°)   batt= 96.8%
[ep= 252 step=180 t=22.34h]  lat=-43.076° lon= +53.306° alt=689.0km  →  International (-43.1°, +53.3°)  batt= 96.7%
[ep= 252 step=200 t=23.97h]  lat=-41.625° lon= +53.754° alt=688.5km  →  International (-41.6°, +53.8°)  batt= 96.0%
[ep= 252 step=220 t=27.27h]  lat=-45.888° lon= +52.722° alt=690.0km  →  International (-45.9°, +52.7°)  batt= 94.4%
[ep= 252 step=240 t=32.03h]  lat=-10.683° lon= +59.784° alt=679.5km  →  International (-10.7°, +59.8°)  batt= 92.1%
[ep= 252 step=260 t=35.15h]  lat=+25.066° lon= +65.241° alt=681.6km  →  International (+25.1°, +65.2°)  batt= 97.6%
[ep= 252 step=280 t=38.61h]  lat=-13.890° lon= +59.579° alt=680.0km  →  International (-13.9°, +59.6°)  batt=100.0%
[ep= 252 step=300 t=41.11h]  lat=+24.320° lon=-121.979° alt=688.8km  →  International (+24.3°, -122.0°)  batt= 99.9%
[ep= 252 step=320 t=42.01h]  lat=-41.755° lon= +54.463° alt=688.6km  →  International (-41.8°, +54.5°)  batt= 99.7%
[ep= 252 step=340 t=43.53h]  lat=-14.915° lon= +59.626° alt=680.4km  →  International (-14.9°, +59.6°)  batt= 99.2%
[ep= 252 step=360 t=43.71h]  lat=-52.827° lon= +51.030° alt=692.8km  →  International (-52.8°, +51.0°)  batt= 99.2%
[ep= 252 step=380 t=46.84h]  lat=-21.069° lon= +58.796° alt=681.5km  →  International (-21.1°, +58.8°)  batt= 97.7%
[ep= 253 step= 20 t= 4.74h]  lat=-38.886° lon=-113.244° alt=693.0km  →  International (-38.9°, -113.2°)  batt=100.0%
[ep= 253 step= 40 t= 6.30h]  lat=-56.400° lon=-107.431° alt=698.0km  →  International (-56.4°, -107.4°)  batt=100.0%
[ep= 253 step= 60 t=10.74h]  lat=-17.710° lon= +57.852° alt=681.1km  →  International (-17.7°, +57.9°)  batt= 99.7%
[ep= 253 step= 80 t=14.22h]  lat=-61.479° lon= +45.478° alt=695.7km  →  International (-61.5°, +45.5°)  batt=100.0%
[ep= 253 step=100 t=17.68h]  lat=-76.042° lon= -84.530° alt=701.5km  →  International (-76.0°, -84.5°)  batt=100.0%
[ep= 253 step=120 t=21.08h]  lat=-51.681° lon=-108.802° alt=697.0km  →  International (-51.7°, -108.8°)  batt=100.0%
[ep= 253 step=140 t=26.15h]  lat=-20.065° lon=-115.949° alt=688.7km  →  International (-20.1°, -115.9°)  batt=100.0%
[ep= 253 step=160 t=29.55h]  lat= +6.081° lon=-119.639° alt=686.8km  →  International (+6.1°, -119.6°)  batt=100.0%
[ep= 253 step=180 t=33.67h]  lat= -9.693° lon= +60.011° alt=679.4km  →  International (-9.7°, +60.0°)   batt= 99.8%
[ep= 253 step=200 t=36.78h]  lat=+26.073° lon= +65.500° alt=682.0km  →  International (+26.1°, +65.5°)  batt= 99.9%
[ep= 253 step=220 t=37.63h]  lat=-19.526° lon=-115.559° alt=689.0km  →  International (-19.5°, -115.6°)  batt=100.0%
[ep= 253 step=240 t=37.81h]  lat=+18.664° lon=-121.174° alt=688.2km  →  International (+18.7°, -121.2°)  batt=100.0%
[ep= 253 step=260 t=41.58h]  lat=+52.083° lon= +72.199° alt=690.6km  →  International (+52.1°, +72.2°)  batt= 99.9%
[ep= 253 step=280 t=43.67h]  lat=-44.351° lon= +53.856° alt=689.4km  →  International (-44.4°, +53.9°)  batt= 99.7%
[ep= 253 step=300 t=47.29h]  lat=-58.808° lon=-104.510° alt=699.1km  →  International (-58.8°, -104.5°)  batt=100.0%
[ep= 253 step=320 t=47.92h]  lat=+76.672° lon=-154.720° alt=699.6km  →  International (+76.7°, -154.7°)  batt=100.0%
[ep= 254 step= 20 t= 1.71h]  lat=+14.902° lon=-122.089° alt=687.0km  →  International (+14.9°, -122.1°)  batt=100.0%
[ep= 254 step= 40 t= 5.99h]  lat=-54.578° lon= +48.764° alt=693.3km  →  International (-54.6°, +48.8°)  batt=100.0%
[ep= 254 step= 60 t= 8.13h]  lat=-16.487° lon=-117.262° alt=687.8km  →  International (-16.5°, -117.3°)  batt=100.0%
[ep= 254 step= 80 t=10.60h]  lat=+13.238° lon= +62.348° alt=679.6km  →  International (+13.2°, +62.3°)  batt= 99.8%
[ep= 254 step=100 t=14.39h]  lat=-77.952° lon= -77.840° alt=701.5km  →  International (-78.0°, -77.8°)  batt=100.0%
[ep= 254 step=120 t=17.49h]  lat=-58.683° lon= +47.267° alt=695.0km  →  International (-58.7°, +47.3°)  batt=100.0%
[ep= 254 step=140 t=20.46h]  lat= +9.353° lon= +62.184° alt=679.4km  →  International (+9.4°, +62.2°)   batt= 99.8%
[ep= 254 step=160 t=20.66h]  lat=-34.323° lon= +55.306° alt=686.0km  →  International (-34.3°, +55.3°)  batt=100.0%
[ep= 254 step=180 t=21.84h]  lat=+64.696° lon= +78.336° alt=695.2km  →  International (+64.7°, +78.3°)  batt= 99.9%
[ep= 254 step=200 t=22.26h]  lat=-25.608° lon= +57.028° alt=683.1km  →  International (-25.6°, +57.0°)  batt= 99.7%
[ep= 254 step=220 t=23.73h]  lat=+10.483° lon= +62.484° alt=679.3km  →  International (+10.5°, +62.5°)  batt= 99.8%
[ep= 254 step=240 t=26.32h]  lat=+18.225° lon=-121.584° alt=687.9km  →  International (+18.2°, -121.6°)  batt=100.0%
[ep= 254 step=260 t=30.74h]  lat=-81.665° lon= -13.841° alt=701.3km  →  International (-81.7°, -13.8°)  batt=100.0%
[ep= 254 step=280 t=33.59h]  lat= +6.599° lon= +62.328° alt=678.6km  →  International (+6.6°, +62.3°)   batt= 99.8%
[ep= 254 step=300 t=34.41h]  lat= -6.142° lon=-117.703° alt=687.0km  →  International (-6.1°, -117.7°)  batt=100.0%
[ep= 254 step=320 t=35.97h]  lat=-23.963° lon=-114.903° alt=689.9km  →  International (-24.0°, -114.9°)  batt=100.0%
[ep= 254 step=340 t=38.77h]  lat=-50.053° lon= +51.871° alt=691.5km  →  International (-50.1°, +51.9°)  batt=100.0%
[ep= 254 step=360 t=41.94h]  lat=-25.490° lon= +57.866° alt=682.9km  →  International (-25.5°, +57.9°)  batt= 99.7%
[ep= 254 step=380 t=43.11h]  lat=+74.442° lon= +92.354° alt=697.5km  →  International (+74.4°, +92.4°)  batt=100.0%
[ep= 254 step=400 t=43.65h]  lat=-40.301° lon= +54.909° alt=688.0km  →  International (-40.3°, +54.9°)  batt=100.0%
[ep= 254 step=420 t=47.43h]  lat=-28.816° lon=-113.570° alt=691.0km  →  International (-28.8°, -113.6°)  batt=100.0%
[ep= 255 step= 20 t= 4.03h]  lat=+14.633° lon= +62.286° alt=680.7km  →  International (+14.6°, +62.3°)  batt= 99.9%
[ep= 255 step= 40 t= 4.20h]  lat=-21.811° lon= +56.922° alt=682.6km  →  International (-21.8°, +56.9°)  batt= 99.9%
[ep= 255 step= 60 t= 4.38h]  lat=-59.515° lon= +46.252° alt=695.3km  →  International (-59.5°, +46.3°)  batt=100.0%
[ep= 255 step= 80 t= 5.73h]  lat= +1.534° lon= +60.452° alt=679.5km  →  International (+1.5°, +60.5°)   batt= 99.9%
[ep= 255 step=100 t= 5.90h]  lat=-34.839° lon= +54.581° alt=686.4km  →  International (-34.8°, +54.6°)  batt= 99.8%
[ep= 255 step=120 t= 8.71h]  lat=+67.299° lon= +80.156° alt=696.3km  →  International (+67.3°, +80.2°)  batt= 99.9%
[ep= 255 step=140 t=12.87h]  lat=-55.110° lon=-107.754° alt=697.5km  →  International (-55.1°, -107.8°)  batt=100.0%
[ep= 255 step=160 t=16.31h]  lat=-20.888° lon=-116.231° alt=688.6km  →  International (-20.9°, -116.2°)  batt=100.0%
[ep= 255 step=180 t=16.38h]  lat= -3.919° lon=-118.772° alt=686.4km  →  International (-3.9°, -118.8°)  batt=100.0%
[ep= 255 step=200 t=17.57h]  lat=-74.369° lon= +30.290° alt=699.6km  →  International (-74.4°, +30.3°)  batt=100.0%
[ep= 255 step=220 t=20.38h]  lat=+27.016° lon= +64.979° alt=682.7km  →  International (+27.0°, +65.0°)  batt=100.0%
[ep= 255 step=240 t=26.40h]  lat=+35.023° lon=-124.611° alt=691.0km  →  International (+35.0°, -124.6°)  batt=100.0%
[ep= 255 step=260 t=27.24h]  lat=-37.987° lon= +54.768° alt=687.4km  →  International (-38.0°, +54.8°)  batt= 99.8%
[ep= 255 step=280 t=29.37h]  lat=-33.290° lon=-113.454° alt=691.6km  →  International (-33.3°, -113.5°)  batt=100.0%
[ep= 255 step=300 t=32.15h]  lat=-37.197° lon= +55.148° alt=686.9km  →  International (-37.2°, +55.1°)  batt= 99.8%
[ep= 255 step=320 t=35.44h]  lat=-39.667° lon= +54.711° alt=687.8km  →  International (-39.7°, +54.7°)  batt= 99.8%
[ep= 255 step=340 t=39.20h]  lat=-34.896° lon=-112.718° alt=692.4km  →  International (-34.9°, -112.7°)  batt=100.0%
[ep= 255 step=360 t=39.37h]  lat= +1.406° lon=-118.582° alt=686.6km  →  International (+1.4°, -118.6°)  batt=100.0%
[ep= 255 step=380 t=41.88h]  lat=-11.985° lon= +59.997° alt=679.7km  →  International (-12.0°, +60.0°)  batt= 99.9%
[ep= 255 step=400 t=47.27h]  lat=-63.458° lon=-101.581° alt=700.1km  →  International (-63.5°, -101.6°)  batt=100.0%
[ep= 256 step= 20 t= 2.98h]  lat=-64.033° lon=-102.973° alt=699.6km  →  International (-64.0°, -103.0°)  batt=100.0%
[ep= 256 step= 40 t= 7.75h]  lat=-78.112° lon= +18.041° alt=700.3km  →  International (-78.1°, +18.0°)  batt=100.0%
[ep= 256 step= 60 t=12.82h]  lat=-63.808° lon=-102.734° alt=699.8km  →  International (-63.8°, -102.7°)  batt=100.0%
[ep= 256 step= 80 t=15.65h]  lat=-15.138° lon= +58.451° alt=680.4km  →  International (-15.1°, +58.5°)  batt=100.0%
[ep= 256 step=100 t=18.43h]  lat=+80.112° lon=-173.559° alt=699.8km  →  International (+80.1°, -173.6°)  batt=100.0%
[ep= 256 step=120 t=20.62h]  lat=-27.066° lon= +56.703° alt=683.6km  →  International (-27.1°, +56.7°)  batt=100.0%
[ep= 256 step=140 t=20.80h]  lat=-64.549° lon= +43.547° alt=696.9km  →  International (-64.5°, +43.5°)  batt=100.0%
[ep= 256 step=160 t=25.46h]  lat= -8.088° lon= +59.898° alt=679.2km  →  International (-8.1°, +59.9°)   batt=100.0%
[ep= 256 step=180 t=26.62h]  lat=+78.891° lon=-165.047° alt=699.8km  →  International (+78.9°, -165.0°)  batt=100.0%
[ep= 256 step=200 t=30.30h]  lat= +9.136° lon= +62.555° alt=679.0km  →  International (+9.1°, +62.6°)   batt=100.0%
[ep= 256 step=220 t=32.52h]  lat=-61.636° lon=-103.450° alt=699.5km  →  International (-61.6°, -103.5°)  batt=100.0%
[ep= 256 step=240 t=32.74h]  lat=-14.391° lon=-116.566° alt=688.0km  →  International (-14.4°, -116.6°)  batt=100.0%
[ep= 256 step=260 t=33.90h]  lat=-59.640° lon= +47.406° alt=695.1km  →  International (-59.6°, +47.4°)  batt=100.0%
[ep= 256 step=280 t=36.08h]  lat= -0.965° lon=-118.373° alt=686.9km  →  International (-1.0°, -118.4°)  batt=100.0%
[ep= 256 step=300 t=40.20h]  lat= -4.490° lon= +61.024° alt=678.7km  →  International (-4.5°, +61.0°)   batt=100.0%
[ep= 256 step=320 t=44.06h]  lat=-48.120° lon=-109.092° alt=696.3km  →  International (-48.1°, -109.1°)  batt=100.0%
[ep= 256 step=340 t=45.20h]  lat=-21.908° lon= +58.602° alt=681.8km  →  International (-21.9°, +58.6°)  batt=100.0%
[ep= 256 step=360 t=45.37h]  lat=-57.857° lon= +48.849° alt=694.6km  →  International (-57.9°, +48.8°)  batt=100.0%
[ep= 256 step=380 t=47.93h]  lat=+77.260° lon=-156.810° alt=699.6km  →  International (+77.3°, -156.8°)  batt=100.0%
[ep= 257 step= 20 t= 2.64h]  lat=-39.604° lon= +53.381° alt=687.8km  →  International (-39.6°, +53.4°)  batt= 99.7%
[ep= 257 step= 40 t= 7.39h]  lat= -2.476° lon= +59.953° alt=679.1km  →  International (-2.5°, +60.0°)   batt= 97.9%
[ep= 257 step= 60 t= 9.62h]  lat=-46.837° lon=-110.915° alt=695.4km  →  International (-46.8°, -110.9°)  batt= 99.8%
[ep= 257 step= 80 t=12.78h]  lat=-73.275° lon= -91.352° alt=701.2km  →  International (-73.3°, -91.4°)  batt= 99.9%
[ep= 257 step=100 t=16.89h]  lat=+71.813° lon= +86.228° alt=697.2km  →  International (+71.8°, +86.2°)  batt= 98.6%
[ep= 257 step=120 t=18.96h]  lat=-21.893° lon= +57.521° alt=682.2km  →  International (-21.9°, +57.5°)  batt= 97.7%
[ep= 257 step=140 t=19.14h]  lat=-59.597° lon= +46.824° alt=695.3km  →  International (-59.6°, +46.8°)  batt= 97.7%
[ep= 257 step=160 t=21.09h]  lat=-49.833° lon=-109.468° alt=696.3km  →  International (-49.8°, -109.5°)  batt= 99.9%
[ep= 257 step=180 t=25.56h]  lat=-29.933° lon= +56.378° alt=684.3km  →  International (-29.9°, +56.4°)  batt= 99.0%
[ep= 257 step=200 t=29.02h]  lat=-69.565° lon= +38.864° alt=698.2km  →  International (-69.6°, +38.9°)  batt= 99.9%
[ep= 257 step=220 t=32.49h]  lat=-66.780° lon= -99.382° alt=700.5km  →  International (-66.8°, -99.4°)  batt= 99.7%
[ep= 257 step=240 t=32.73h]  lat=-16.184° lon=-116.294° alt=688.2km  →  International (-16.2°, -116.3°)  batt= 99.6%
[ep= 257 step=260 t=33.25h]  lat=+78.478° lon=+105.385° alt=698.4km  →  International (+78.5°, +105.4°)  batt=100.0%
[ep= 257 step=280 t=34.11h]  lat=-71.469° lon= -93.593° alt=701.2km  →  International (-71.5°, -93.6°)  batt= 99.9%
[ep= 257 step=300 t=36.02h]  lat=-13.671° lon=-116.539° alt=688.0km  →  International (-13.7°, -116.5°)  batt= 99.5%
[ep= 257 step=320 t=40.13h]  lat=+11.898° lon= +63.367° alt=679.2km  →  International (+11.9°, +63.4°)  batt= 99.4%
[ep= 257 step=340 t=44.86h]  lat=+52.449° lon= +72.469° alt=690.7km  →  International (+52.4°, +72.5°)  batt= 97.8%
[ep= 257 step=360 t=45.20h]  lat=-21.942° lon= +58.595° alt=681.8km  →  International (-21.9°, +58.6°)  batt= 97.6%
[ep= 257 step=380 t=45.37h]  lat=-57.889° lon= +48.829° alt=694.6km  →  International (-57.9°, +48.8°)  batt= 97.6%
[ep= 257 step=400 t=46.86h]  lat=-25.921° lon= +57.987° alt=682.9km  →  International (-25.9°, +58.0°)  batt= 97.2%
[ep= 257 step=420 t=47.04h]  lat=-63.463° lon= +45.465° alt=696.4km  →  International (-63.5°, +45.5°)  batt= 97.3%
[ep= 258 step= 20 t= 0.95h]  lat=-28.404° lon= +55.644° alt=684.3km  →  International (-28.4°, +55.6°)  batt=100.0%
[ep= 258 step= 40 t= 1.46h]  lat=-39.566° lon=-113.218° alt=693.0km  →  International (-39.6°, -113.2°)  batt= 99.9%
[ep= 258 step= 60 t= 5.81h]  lat=-14.880° lon= +58.080° alt=680.7km  →  International (-14.9°, +58.1°)  batt=100.0%
[ep= 258 step= 80 t= 6.64h]  lat=+17.724° lon=-122.324° alt=687.6km  →  International (+17.7°, -122.3°)  batt=100.0%
[ep= 258 step=100 t=10.06h]  lat=+47.267° lon=-128.407° alt=694.6km  →  International (+47.3°, -128.4°)  batt= 99.9%
[ep= 258 step=120 t=14.82h]  lat=+12.117° lon=-121.135° alt=687.0km  →  International (+12.1°, -121.1°)  batt=100.0%
[ep= 258 step=140 t=17.31h]  lat=-19.055° lon= +57.905° alt=681.2km  →  International (-19.1°, +57.9°)  batt=100.0%
[ep= 258 step=160 t=21.73h]  lat=+81.933° lon=+148.695° alt=699.8km  →  International (+81.9°, +148.7°)  batt=100.0%
[ep= 258 step=180 t=23.93h]  lat=-33.088° lon= +55.688° alt=685.6km  →  International (-33.1°, +55.7°)  batt=100.0%
[ep= 258 step=200 t=25.54h]  lat=-26.174° lon= +57.057° alt=683.4km  →  International (-26.2°, +57.1°)  batt=100.0%
[ep= 258 step=220 t=25.72h]  lat=-63.701° lon= +44.399° alt=696.6km  →  International (-63.7°, +44.4°)  batt=100.0%
[ep= 258 step=240 t=27.15h]  lat=-19.242° lon= +58.281° alt=681.4km  →  International (-19.2°, +58.3°)  batt=100.0%
[ep= 258 step=260 t=27.32h]  lat=-57.034° lon= +48.504° alt=694.2km  →  International (-57.0°, +48.5°)  batt=100.0%
[ep= 258 step=280 t=29.50h]  lat= -4.873° lon=-118.096° alt=686.8km  →  International (-4.9°, -118.1°)  batt=100.0%
[ep= 258 step=300 t=33.88h]  lat=-56.577° lon= +49.001° alt=694.0km  →  International (-56.6°, +49.0°)  batt=100.0%
[ep= 258 step=320 t=37.67h]  lat=-12.303° lon=-116.682° alt=687.8km  →  International (-12.3°, -116.7°)  batt=100.0%
[ep= 258 step=340 t=39.23h]  lat=-30.104° lon=-113.675° alt=691.4km  →  International (-30.1°, -113.7°)  batt=100.0%
[ep= 258 step=360 t=40.80h]  lat=-44.772° lon=-110.241° alt=695.5km  →  International (-44.8°, -110.2°)  batt= 99.9%
[ep= 258 step=380 t=43.36h]  lat=+22.948° lon= +65.220° alt=681.1km  →  International (+22.9°, +65.2°)  batt=100.0%
[ep= 258 step=400 t=46.63h]  lat=+24.097° lon= +65.550° alt=681.6km  →  International (+24.1°, +65.6°)  batt=100.0%
[ep= 259 step= 20 t= 0.93h]  lat=-22.963° lon= +56.596° alt=682.7km  →  International (-23.0°, +56.6°)  batt= 99.8%
[ep= 259 step= 40 t= 1.09h]  lat=-58.874° lon= +46.476° alt=695.0km  →  International (-58.9°, +46.5°)  batt= 99.7%
[ep= 259 step= 60 t= 5.79h]  lat=-11.246° lon= +58.623° alt=680.0km  →  International (-11.2°, +58.6°)  batt= 99.6%
[ep= 259 step= 80 t= 7.62h]  lat=-51.348° lon= +50.114° alt=692.2km  →  International (-51.3°, +50.1°)  batt= 99.9%
[ep= 259 step=100 t=11.42h]  lat=-14.021° lon=-117.506° alt=687.5km  →  International (-14.0°, -117.5°)  batt=100.0%
[ep= 259 step=120 t=15.54h]  lat= +8.613° lon= +61.866° alt=679.1km  →  International (+8.6°, +61.9°)   batt=100.0%
[ep= 259 step=140 t=18.74h]  lat=+26.141° lon= +64.754° alt=682.4km  →  International (+26.1°, +64.8°)  batt=100.0%
[ep= 259 step=160 t=24.12h]  lat=-71.840° lon= +35.405° alt=699.0km  →  International (-71.8°, +35.4°)  batt= 99.6%
[ep= 259 step=180 t=27.12h]  lat=-11.986° lon= +59.390° alt=679.9km  →  International (-12.0°, +59.4°)  batt=100.0%
[ep= 259 step=200 t=27.62h]  lat=-55.684° lon=-106.887° alt=698.0km  →  International (-55.7°, -106.9°)  batt= 99.9%
[ep= 259 step=220 t=31.23h]  lat=+15.502° lon=-120.969° alt=687.8km  →  International (+15.5°, -121.0°)  batt= 99.9%
[ep= 259 step=240 t=36.30h]  lat=+47.196° lon=-127.308° alt=694.6km  →  International (+47.2°, -127.3°)  batt=100.0%
[ep= 259 step=260 t=38.45h]  lat=+20.286° lon= +64.581° alt=680.4km  →  International (+20.3°, +64.6°)  batt=100.0%
[ep= 259 step=280 t=42.88h]  lat=+50.312° lon=-128.066° alt=695.4km  →  International (+50.3°, -128.1°)  batt=100.0%
[ep= 259 step=300 t=45.96h]  lat= +7.613° lon=-119.195° alt=687.0km  →  International (+7.6°, -119.2°)  batt= 99.9%
[ep= 259 step=320 t=47.96h]  lat=+81.260° lon=+174.849° alt=699.6km  →  International (+81.3°, +174.8°)  batt= 99.9%
[ep= 260 step= 20 t= 5.71h]  lat= +7.013° lon= +61.234° alt=679.6km  →  International (+7.0°, +61.2°)   batt= 99.8%
[ep= 260 step= 40 t= 8.83h]  lat=+40.841° lon= +67.398° alt=687.5km  →  International (+40.8°, +67.4°)  batt= 99.9%
[ep= 260 step= 60 t=12.43h]  lat=-28.898° lon= +56.029° alt=684.8km  →  International (-28.9°, +56.0°)  batt=100.0%
[ep= 260 step= 80 t=13.99h]  lat=-11.046° lon= +58.993° alt=680.6km  →  International (-11.0°, +59.0°)  batt= 99.7%
[ep= 260 step=100 t=14.16h]  lat=-47.249° lon= +51.768° alt=691.2km  →  International (-47.2°, +51.8°)  batt=100.0%
[ep= 260 step=120 t=15.63h]  lat=-11.378° lon= +59.011° alt=680.5km  →  International (-11.4°, +59.0°)  batt= 99.8%
[ep= 260 step=140 t=15.80h]  lat=-47.575° lon= +51.732° alt=691.2km  →  International (-47.6°, +51.7°)  batt=100.0%
[ep= 260 step=160 t=17.32h]  lat=-20.813° lon= +57.626° alt=682.3km  →  International (-20.8°, +57.6°)  batt= 99.7%
[ep= 260 step=180 t=17.83h]  lat=-47.071° lon=-110.504° alt=695.4km  →  International (-47.1°, -110.5°)  batt=100.0%
[ep= 260 step=200 t=19.05h]  lat=-41.060° lon= +53.695° alt=688.7km  →  International (-41.1°, +53.7°)  batt=100.0%
[ep= 260 step=220 t=22.20h]  lat=-12.704° lon= +59.084° alt=680.5km  →  International (-12.7°, +59.1°)  batt= 99.8%
[ep= 260 step=240 t=26.95h]  lat=+24.574° lon= +64.824° alt=682.2km  →  International (+24.6°, +64.8°)  batt= 99.8%
[ep= 260 step=260 t=31.04h]  lat=-26.440° lon=-114.682° alt=690.3km  →  International (-26.4°, -114.7°)  batt=100.0%
[ep= 260 step=280 t=34.80h]  lat=+75.849° lon=-152.745° alt=699.7km  →  International (+75.8°, -152.7°)  batt=100.0%
[ep= 260 step=300 t=36.94h]  lat= -8.390° lon= +60.324° alt=679.9km  →  International (-8.4°, +60.3°)   batt= 99.8%
[ep= 260 step=320 t=37.11h]  lat=-44.640° lon= +53.486° alt=690.1km  →  International (-44.6°, +53.5°)  batt=100.0%
[ep= 260 step=340 t=38.63h]  lat=-19.648° lon= +58.691° alt=681.9km  →  International (-19.6°, +58.7°)  batt= 99.7%
[ep= 260 step=360 t=38.80h]  lat=-55.659° lon= +49.628° alt=694.2km  →  International (-55.7°, +49.6°)  batt=100.0%
[ep= 260 step=380 t=40.30h]  lat=-25.431° lon= +57.795° alt=683.3km  →  International (-25.4°, +57.8°)  batt=100.0%
[ep= 260 step=400 t=40.48h]  lat=-62.990° lon= +45.527° alt=696.6km  →  International (-63.0°, +45.5°)  batt=100.0%
[ep= 260 step=420 t=46.18h]  lat=+56.104° lon=-130.270° alt=696.7km  →  International (+56.1°, -130.3°)  batt=100.0%
[ep= 261 step= 20 t= 1.50h]  lat=-29.944° lon=-115.256° alt=690.5km  →  International (-29.9°, -115.3°)  batt=100.0%
[ep= 261 step= 40 t= 2.04h]  lat=+81.362° lon=+171.233° alt=699.9km  →  International (+81.4°, +171.2°)  batt=100.0%
[ep= 261 step= 60 t= 6.17h]  lat=-80.912° lon= -57.432° alt=701.6km  →  International (-80.9°, -57.4°)  batt=100.0%
[ep= 261 step= 80 t=10.59h]  lat=+16.327° lon= +62.817° alt=680.9km  →  International (+16.3°, +62.8°)  batt= 99.9%
[ep= 261 step=100 t=11.57h]  lat=+19.315° lon=-122.365° alt=687.5km  →  International (+19.3°, -122.4°)  batt=100.0%
[ep= 261 step=120 t=12.45h]  lat=-33.150° lon= +55.207° alt=686.0km  →  International (-33.2°, +55.2°)  batt= 99.7%
[ep= 261 step=140 t=12.62h]  lat=-68.564° lon= +39.374° alt=698.3km  →  International (-68.6°, +39.4°)  batt=100.0%
[ep= 261 step=160 t=14.03h]  lat=-18.969° lon= +57.790° alt=681.9km  →  International (-19.0°, +57.8°)  batt= 99.8%
[ep= 261 step=180 t=14.19h]  lat=-54.999° lon= +48.915° alt=693.8km  →  International (-55.0°, +48.9°)  batt=100.0%
[ep= 261 step=200 t=18.07h]  lat= +6.110° lon=-120.122° alt=686.4km  →  International (+6.1°, -120.1°)  batt=100.0%
[ep= 261 step=220 t=22.41h]  lat=-58.381° lon= +47.628° alt=694.8km  →  International (-58.4°, +47.6°)  batt=100.0%
[ep= 261 step=240 t=25.54h]  lat=-26.753° lon= +56.960° alt=683.5km  →  International (-26.8°, +57.0°)  batt= 99.8%
[ep= 261 step=260 t=28.67h]  lat= +7.177° lon= +62.206° alt=679.0km  →  International (+7.2°, +62.2°)   batt= 99.8%
[ep= 261 step=280 t=32.14h]  lat=-33.528° lon= +55.944° alt=685.7km  →  International (-33.5°, +55.9°)  batt= 99.7%
[ep= 261 step=300 t=35.34h]  lat=-16.032° lon= +59.129° alt=681.0km  →  International (-16.0°, +59.1°)  batt= 99.8%
[ep= 261 step=320 t=35.84h]  lat=-53.534° lon=-107.469° alt=697.5km  →  International (-53.5°, -107.5°)  batt=100.0%
[ep= 261 step=340 t=41.22h]  lat=+46.934° lon=-127.014° alt=694.3km  →  International (+46.9°, -127.0°)  batt=100.0%
[ep= 261 step=360 t=42.70h]  lat=+12.930° lon=-120.099° alt=687.3km  →  International (+12.9°, -120.1°)  batt=100.0%
[ep= 261 step=380 t=48.00h]  lat=+80.189° lon=+116.970° alt=699.0km  →  International (+80.2°, +117.0°)  batt=100.0%
[ep= 262 step= 20 t= 4.43h]  lat=-71.447° lon= +35.207° alt=699.1km  →  International (-71.4°, +35.2°)  batt=100.0%
[ep= 262 step= 40 t= 9.20h]  lat=-39.080° lon= +53.773° alt=688.0km  →  International (-39.1°, +53.8°)  batt= 99.9%
[ep= 262 step= 60 t=12.44h]  lat=-30.691° lon= +55.691° alt=685.4km  →  International (-30.7°, +55.7°)  batt= 99.7%
[ep= 262 step= 80 t=14.09h]  lat=-32.824° lon= +55.339° alt=686.1km  →  International (-32.8°, +55.3°)  batt= 99.7%
[ep= 262 step=100 t=15.57h]  lat= +3.234° lon= +61.101° alt=679.7km  →  International (+3.2°, +61.1°)   batt= 99.8%
[ep= 262 step=120 t=17.25h]  lat= -6.214° lon= +59.827° alt=679.9km  →  International (-6.2°, +59.8°)   batt= 99.8%
[ep= 262 step=140 t=17.42h]  lat=-42.496° lon= +53.258° alt=689.4km  →  International (-42.5°, +53.3°)  batt=100.0%
[ep= 262 step=160 t=18.91h]  lat=-10.194° lon= +59.319° alt=680.2km  →  International (-10.2°, +59.3°)  batt= 99.8%
[ep= 262 step=180 t=19.07h]  lat=-46.413° lon= +52.224° alt=690.7km  →  International (-46.4°, +52.2°)  batt=100.0%
[ep= 262 step=200 t=20.68h]  lat=-39.556° lon= +54.132° alt=688.2km  →  International (-39.6°, +54.1°)  batt=100.0%
[ep= 262 step=220 t=24.79h]  lat=+41.158° lon=-126.093° alt=692.8km  →  International (+41.2°, -126.1°)  batt=100.0%
[ep= 262 step=240 t=29.53h]  lat= +2.259° lon=-119.104° alt=686.5km  →  International (+2.3°, -119.1°)  batt=100.0%
[ep= 262 step=260 t=33.01h]  lat=+44.576° lon=-126.666° alt=693.7km  →  International (+44.6°, -126.7°)  batt=100.0%
[ep= 262 step=280 t=37.02h]  lat=-26.531° lon= +57.470° alt=683.9km  →  International (-26.5°, +57.5°)  batt= 99.7%
[ep= 262 step=300 t=37.87h]  lat=+31.134° lon=-123.348° alt=690.1km  →  International (+31.1°, -123.3°)  batt=100.0%
[ep= 262 step=320 t=41.67h]  lat=+33.151° lon= +67.027° alt=684.6km  →  International (+33.2°, +67.0°)  batt= 99.9%
[ep= 262 step=340 t=41.96h]  lat=-30.535° lon= +56.933° alt=684.9km  →  International (-30.5°, +56.9°)  batt= 99.7%
[ep= 262 step=360 t=42.81h]  lat=+36.929° lon=-124.351° alt=691.6km  →  International (+36.9°, -124.4°)  batt=100.0%
[ep= 262 step=380 t=43.66h]  lat=-43.498° lon= +54.071° alt=689.5km  →  International (-43.5°, +54.1°)  batt=100.0%
[ep= 262 step=400 t=46.64h]  lat=+23.103° lon= +65.384° alt=681.7km  →  International (+23.1°, +65.4°)  batt= 99.8%
[ep= 263 step= 20 t= 2.81h]  lat=-74.383° lon= +29.680° alt=699.5km  →  International (-74.4°, +29.7°)  batt=100.0%
[ep= 263 step= 40 t= 5.95h]  lat=-45.661° lon= +51.911° alt=690.0km  →  International (-45.7°, +51.9°)  batt=100.0%
[ep= 263 step= 60 t= 8.12h]  lat=-18.304° lon=-116.982° alt=688.1km  →  International (-18.3°, -117.0°)  batt=100.0%
[ep= 263 step= 80 t=11.28h]  lat=-43.511° lon=-111.808° alt=694.6km  →  International (-43.5°, -111.8°)  batt=100.0%
[ep= 263 step=100 t=12.47h]  lat=-36.241° lon= +54.551° alt=686.4km  →  International (-36.2°, +54.6°)  batt=100.0%
[ep= 263 step=120 t=14.95h]  lat=+41.156° lon=-126.497° alt=692.8km  →  International (+41.2°, -126.5°)  batt=100.0%
[ep= 263 step=140 t=17.42h]  lat=-42.657° lon= +53.219° alt=689.1km  →  International (-42.7°, +53.2°)  batt=100.0%
[ep= 263 step=160 t=20.34h]  lat=+34.794° lon= +66.483° alt=685.1km  →  International (+34.8°, +66.5°)  batt=100.0%
[ep= 263 step=180 t=20.64h]  lat=-30.100° lon= +56.138° alt=684.6km  →  International (-30.1°, +56.1°)  batt=100.0%
[ep= 263 step=200 t=20.81h]  lat=-67.410° lon= +40.950° alt=697.7km  →  International (-67.4°, +41.0°)  batt=100.0%
[ep= 263 step=220 t=22.39h]  lat=-53.205° lon= +50.001° alt=692.8km  →  International (-53.2°, +50.0°)  batt=100.0%
[ep= 263 step=240 t=23.86h]  lat=-17.473° lon= +58.423° alt=680.9km  →  International (-17.5°, +58.4°)  batt=100.0%
[ep= 263 step=260 t=24.04h]  lat=-55.319° lon= +49.173° alt=693.5km  →  International (-55.3°, +49.2°)  batt=100.0%
[ep= 263 step=280 t=28.66h]  lat= +8.852° lon= +62.439° alt=679.1km  →  International (+8.9°, +62.4°)   batt=100.0%
[ep= 263 step=300 t=32.46h]  lat=-72.860° lon= -91.326° alt=701.3km  →  International (-72.9°, -91.3°)  batt=100.0%
[ep= 263 step=320 t=34.04h]  lat=-81.783° lon= -39.790° alt=701.7km  →  International (-81.8°, -39.8°)  batt=100.0%
[ep= 263 step=340 t=36.90h]  lat= +0.429° lon= +61.573° alt=678.4km  →  International (+0.4°, +61.6°)   batt=100.0%
[ep= 263 step=360 t=41.64h]  lat=+39.390° lon= +68.386° alt=686.1km  →  International (+39.4°, +68.4°)  batt=100.0%
[ep= 263 step=380 t=45.15h]  lat=-10.405° lon= +60.362° alt=679.5km  →  International (-10.4°, +60.4°)  batt=100.0%
[ep= 263 step=400 t=45.32h]  lat=-46.628° lon= +53.236° alt=690.3km  →  International (-46.6°, +53.2°)  batt=100.0%
[ep= 263 step=420 t=46.81h]  lat=-14.397° lon= +59.836° alt=680.0km  →  International (-14.4°, +59.8°)  batt=100.0%
[ep= 263 step=440 t=46.98h]  lat=-50.543° lon= +52.017° alt=691.7km  →  International (-50.5°, +52.0°)  batt=100.0%
[ep= 264 step= 20 t= 3.12h]  lat=-35.651° lon=-114.038° alt=692.0km  →  International (-35.7°, -114.0°)  batt= 99.7%
[ep= 264 step= 40 t= 3.95h]  lat=+32.813° lon= +65.406° alt=685.0km  →  International (+32.8°, +65.4°)  batt=100.0%
[ep= 264 step= 60 t= 7.08h]  lat=+64.220° lon= +77.356° alt=695.3km  →  International (+64.2°, +77.4°)  batt= 99.5%
[ep= 264 step= 80 t=12.47h]  lat=-36.135° lon= +54.582° alt=687.1km  →  International (-36.1°, +54.6°)  batt= 98.1%
[ep= 264 step=100 t=17.21h]  lat= +2.883° lon= +61.123° alt=679.6km  →  International (+2.9°, +61.1°)   batt= 95.7%
[ep= 264 step=120 t=17.38h]  lat=-33.501° lon= +55.340° alt=686.2km  →  International (-33.5°, +55.3°)  batt= 95.6%
[ep= 264 step=140 t=17.56h]  lat=-72.186° lon= +34.563° alt=699.3km  →  International (-72.2°, +34.6°)  batt= 95.6%
[ep= 264 step=160 t=18.93h]  lat=-13.859° lon= +58.782° alt=680.9km  →  International (-13.9°, +58.8°)  batt= 94.8%
[ep= 264 step=180 t=19.09h]  lat=-50.008° lon= +51.067° alt=692.1km  →  International (-50.0°, +51.1°)  batt= 94.8%
[ep= 264 step=200 t=21.32h]  lat= +0.657° lon=-119.209° alt=686.2km  →  International (+0.7°, -119.2°)  batt= 93.9%
[ep= 264 step=220 t=26.72h]  lat=+73.924° lon= +90.551° alt=697.9km  →  International (+73.9°, +90.6°)  batt= 91.2%
[ep= 264 step=240 t=29.22h]  lat=-65.942° lon=-100.284° alt=700.3km  →  International (-65.9°, -100.3°)  batt= 98.9%
[ep= 264 step=260 t=29.42h]  lat=-21.947° lon=-115.507° alt=689.1km  →  International (-21.9°, -115.5°)  batt= 98.8%
[ep= 264 step=280 t=29.52h]  lat= -0.129° lon=-118.758° alt=686.4km  →  International (-0.1°, -118.8°)  batt= 98.8%
[ep= 264 step=300 t=31.02h]  lat=-30.670° lon=-113.893° alt=691.2km  →  International (-30.7°, -113.9°)  batt= 99.8%
[ep= 264 step=320 t=31.19h]  lat= +5.667° lon=-119.512° alt=686.5km  →  International (+5.7°, -119.5°)  batt= 99.7%
[ep= 264 step=340 t=33.67h]  lat=-10.773° lon= +59.850° alt=679.9km  →  International (-10.8°, +59.9°)  batt=100.0%
[ep= 264 step=360 t=36.14h]  lat=+12.119° lon=-120.244° alt=687.0km  →  International (+12.1°, -120.2°)  batt= 99.6%
[ep= 264 step=380 t=38.68h]  lat=-29.935° lon= +56.926° alt=684.9km  →  International (-29.9°, +56.9°)  batt= 98.3%
[ep= 264 step=400 t=39.85h]  lat=+72.134° lon= +87.724° alt=697.2km  →  International (+72.1°, +87.7°)  batt= 97.7%
[ep= 264 step=420 t=41.98h]  lat=-34.214° lon= +56.212° alt=686.2km  →  International (-34.2°, +56.2°)  batt= 96.7%
[ep= 264 step=440 t=43.16h]  lat=+64.807° lon= +79.321° alt=695.2km  →  International (+64.8°, +79.3°)  batt= 96.1%
[ep= 264 step=460 t=43.66h]  lat=-41.759° lon= +54.542° alt=688.8km  →  International (-41.8°, +54.5°)  batt= 95.8%
[ep= 264 step=480 t=45.21h]  lat=-22.191° lon= +58.561° alt=682.2km  →  International (-22.2°, +58.6°)  batt= 95.0%
[ep= 264 step=500 t=46.36h]  lat=+80.733° lon=+122.163° alt=699.1km  →  International (+80.7°, +122.2°)  batt= 94.5%
[ep= 265 step= 20 t= 4.64h]  lat=-60.268° lon=-105.447° alt=698.6km  →  International (-60.3°, -105.4°)  batt= 99.8%
[ep= 265 step= 40 t= 7.44h]  lat=-12.777° lon= +58.466° alt=680.7km  →  International (-12.8°, +58.5°)  batt=100.0%
[ep= 265 step= 60 t= 7.61h]  lat=-50.733° lon= +50.335° alt=692.2km  →  International (-50.7°, +50.3°)  batt=100.0%
[ep= 265 step= 80 t= 9.76h]  lat=-18.598° lon=-116.865° alt=687.8km  →  International (-18.6°, -116.9°)  batt= 99.8%
[ep= 265 step=100 t=14.50h]  lat=-57.142° lon=-106.738° alt=698.0km  →  International (-57.1°, -106.7°)  batt= 99.9%
[ep= 265 step=120 t=17.65h]  lat=-81.206° lon= -52.960° alt=701.5km  →  International (-81.2°, -53.0°)  batt=100.0%
[ep= 265 step=140 t=17.95h]  lat=-19.953° lon=-116.312° alt=688.4km  →  International (-20.0°, -116.3°)  batt= 99.9%
[ep= 265 step=160 t=18.03h]  lat= -1.767° lon=-119.007° alt=686.2km  →  International (-1.8°, -119.0°)  batt= 99.9%
[ep= 265 step=180 t=20.55h]  lat=-10.626° lon= +59.324° alt=679.9km  →  International (-10.6°, +59.3°)  batt= 99.6%
[ep= 265 step=200 t=23.69h]  lat=+19.686° lon= +63.881° alt=681.1km  →  International (+19.7°, +63.9°)  batt=100.0%
[ep= 265 step=220 t=27.23h]  lat=-35.577° lon= +55.309° alt=686.7km  →  International (-35.6°, +55.3°)  batt=100.0%
[ep= 265 step=240 t=28.74h]  lat= -8.664° lon= +59.949° alt=679.9km  →  International (-8.7°, +59.9°)   batt=100.0%
[ep= 265 step=260 t=28.92h]  lat=-46.702° lon= +52.547° alt=690.7km  →  International (-46.7°, +52.5°)  batt=100.0%
[ep= 265 step=280 t=30.17h]  lat=+38.285° lon= +67.665° alt=686.4km  →  International (+38.3°, +67.7°)  batt= 99.6%
[ep= 265 step=300 t=31.72h]  lat=+56.432° lon= +73.636° alt=692.7km  →  International (+56.4°, +73.6°)  batt=100.0%
[ep= 265 step=320 t=32.06h]  lat=-17.235° lon= +58.803° alt=681.2km  →  International (-17.2°, +58.8°)  batt=100.0%
[ep= 265 step=340 t=32.23h]  lat=-53.312° lon= +50.367° alt=693.0km  →  International (-53.3°, +50.4°)  batt=100.0%
[ep= 265 step=360 t=33.74h]  lat=-26.665° lon= +57.311° alt=683.5km  →  International (-26.7°, +57.3°)  batt= 99.4%
[ep= 265 step=380 t=34.59h]  lat=+31.278° lon=-123.511° alt=690.3km  →  International (+31.3°, -123.5°)  batt= 99.8%
[ep= 265 step=400 t=39.98h]  lat=+44.692° lon= +69.702° alt=688.4km  →  International (+44.7°, +69.7°)  batt=100.0%
[ep= 265 step=420 t=42.46h]  lat=-39.639° lon=-111.510° alt=693.8km  →  International (-39.6°, -111.5°)  batt= 99.9%
[ep= 265 step=440 t=42.63h]  lat= -3.386° lon=-117.763° alt=686.7km  →  International (-3.4°, -117.8°)  batt= 99.8%
[ep= 265 step=460 t=44.11h]  lat=-37.500° lon=-111.940° alt=693.2km  →  International (-37.5°, -111.9°)  batt= 99.7%
[ep= 265 step=480 t=44.28h]  lat= -1.224° lon=-118.001° alt=686.7km  →  International (-1.2°, -118.0°)  batt= 99.7%
[ep= 266 step= 20 t= 0.97h]  lat=-32.033° lon= +54.955° alt=685.3km  →  International (-32.0°, +55.0°)  batt= 99.6%
[ep= 266 step= 40 t= 2.52h]  lat=-14.212° lon= +58.048° alt=680.5km  →  International (-14.2°, +58.0°)  batt= 99.8%
[ep= 266 step= 60 t= 4.23h]  lat=-29.093° lon= +55.655° alt=684.2km  →  International (-29.1°, +55.7°)  batt= 99.7%
[ep= 266 step= 80 t= 7.99h]  lat=-45.409° lon=-111.415° alt=695.0km  →  International (-45.4°, -111.4°)  batt=100.0%
[ep= 266 step=100 t=12.75h]  lat=-78.231° lon= -76.637° alt=701.6km  →  International (-78.2°, -76.6°)  batt=100.0%
[ep= 266 step=120 t=17.17h]  lat=+11.909° lon= +62.418° alt=679.5km  →  International (+11.9°, +62.4°)  batt= 99.8%
[ep= 266 step=140 t=20.31h]  lat=+42.067° lon= +68.179° alt=687.5km  →  International (+42.1°, +68.2°)  batt= 99.9%
[ep= 266 step=160 t=22.20h]  lat=-12.809° lon= +59.070° alt=680.2km  →  International (-12.8°, +59.1°)  batt= 99.7%
[ep= 266 step=180 t=22.37h]  lat=-48.984° lon= +51.550° alt=691.4km  →  International (-49.0°, +51.6°)  batt=100.0%
[ep= 266 step=200 t=25.50h]  lat=-17.134° lon= +58.547° alt=680.8km  →  International (-17.1°, +58.5°)  batt= 99.7%
[ep= 266 step=220 t=25.67h]  lat=-53.216° lon= +50.136° alt=692.8km  →  International (-53.2°, +50.1°)  batt=100.0%
[ep= 266 step=240 t=28.48h]  lat=+49.359° lon= +70.668° alt=689.9km  →  International (+49.4°, +70.7°)  batt= 99.9%
[ep= 266 step=260 t=31.97h]  lat= +3.396° lon= +61.797° alt=678.7km  →  International (+3.4°, +61.8°)   batt= 99.8%
[ep= 266 step=280 t=34.81h]  lat=+77.418° lon=-157.956° alt=699.7km  →  International (+77.4°, -158.0°)  batt=100.0%
[ep= 266 step=300 t=35.97h]  lat=-25.282° lon=-114.683° alt=690.2km  →  International (-25.3°, -114.7°)  batt=100.0%
[ep= 266 step=320 t=36.13h]  lat=+11.079° lon=-120.101° alt=687.2km  →  International (+11.1°, -120.1°)  batt=100.0%
[ep= 266 step=340 t=37.62h]  lat=-21.314° lon=-115.282° alt=689.4km  →  International (-21.3°, -115.3°)  batt=100.0%
[ep= 266 step=360 t=40.12h]  lat=+14.451° lon= +63.742° alt=679.4km  →  International (+14.5°, +63.7°)  batt= 99.8%
[ep= 266 step=380 t=43.62h]  lat=-33.557° lon= +56.408° alt=685.5km  →  International (-33.6°, +56.4°)  batt= 99.7%
[ep= 266 step=400 t=47.73h]  lat=+35.195° lon=-123.767° alt=691.4km  →  International (+35.2°, -123.8°)  batt=100.0%
[ep= 267 step= 20 t= 4.07h]  lat= +7.346° lon= +61.214° alt=679.6km  →  International (+7.3°, +61.2°)   batt= 99.9%
[ep= 267 step= 40 t= 6.59h]  lat= +6.808° lon=-120.696° alt=686.1km  →  International (+6.8°, -120.7°)  batt= 99.7%
[ep= 267 step= 60 t= 8.08h]  lat=-25.577° lon=-115.776° alt=689.5km  →  International (-25.6°, -115.8°)  batt=100.0%
[ep= 267 step= 80 t= 8.91h]  lat=+24.519° lon= +64.075° alt=682.2km  →  International (+24.5°, +64.1°)  batt=100.0%
[ep= 267 step=100 t=12.37h]  lat=-14.425° lon= +58.425° alt=680.6km  →  International (-14.4°, +58.4°)  batt=100.0%
[ep= 267 step=120 t=14.85h]  lat=+19.417° lon=-122.244° alt=687.5km  →  International (+19.4°, -122.2°)  batt=100.0%
[ep= 267 step=140 t=17.33h]  lat=-24.530° lon= +57.013° alt=683.2km  →  International (-24.5°, +57.0°)  batt= 99.9%
[ep= 267 step=160 t=17.50h]  lat=-60.384° lon= +46.296° alt=695.7km  →  International (-60.4°, +46.3°)  batt=100.0%
[ep= 267 step=180 t=18.90h]  lat= -8.491° lon= +59.572° alt=679.9km  →  International (-8.5°, +59.6°)   batt= 99.7%
[ep= 267 step=200 t=19.07h]  lat=-44.740° lon= +52.720° alt=690.0km  →  International (-44.7°, +52.7°)  batt= 99.6%
[ep= 267 step=220 t=20.91h]  lat=-81.913° lon= -24.786° alt=701.3km  →  International (-81.9°, -24.8°)  batt= 99.9%
[ep= 267 step=240 t=26.61h]  lat=+77.530° lon=-158.719° alt=700.0km  →  International (+77.5°, -158.7°)  batt= 99.8%
[ep= 267 step=260 t=29.45h]  lat=-15.132° lon=-116.584° alt=687.8km  →  International (-15.1°, -116.6°)  batt= 99.9%
[ep= 267 step=280 t=29.51h]  lat= -2.398° lon=-118.437° alt=686.5km  →  International (-2.4°, -118.4°)  batt=100.0%
[ep= 267 step=300 t=31.61h]  lat=+78.343° lon=+104.683° alt=698.5km  →  International (+78.3°, +104.7°)  batt=100.0%
[ep= 267 step=320 t=36.34h]  lat=+56.732° lon=-130.960° alt=696.7km  →  International (+56.7°, -131.0°)  batt= 99.0%
[ep= 267 step=340 t=40.45h]  lat=-58.543° lon= +48.292° alt=695.1km  →  International (-58.5°, +48.3°)  batt= 99.8%
[ep= 267 step=360 t=41.90h]  lat=-17.504° lon= +59.178° alt=681.1km  →  International (-17.5°, +59.2°)  batt=100.0%
[ep= 267 step=380 t=42.07h]  lat=-53.574° lon= +50.679° alt=693.2km  →  International (-53.6°, +50.7°)  batt= 99.9%
[ep= 267 step=400 t=45.85h]  lat=-15.366° lon=-115.868° alt=688.0km  →  International (-15.4°, -115.9°)  batt= 99.6%
[ep= 267 step=420 t=46.96h]  lat=-47.456° lon= +53.069° alt=690.7km  →  International (-47.5°, +53.1°)  batt= 99.7%
[ep= 268 step= 20 t= 5.07h]  lat=+31.882° lon=-124.847° alt=690.1km  →  International (+31.9°, -124.8°)  batt= 99.5%
[ep= 268 step= 40 t= 9.18h]  lat=-33.722° lon= +54.950° alt=685.8km  →  International (-33.7°, +55.0°)  batt= 99.8%
[ep= 268 step= 60 t= 9.69h]  lat=-32.472° lon=-114.428° alt=691.3km  →  International (-32.5°, -114.4°)  batt= 99.8%
[ep= 268 step= 80 t=11.83h]  lat=+75.087° lon=-151.649° alt=699.7km  →  International (+75.1°, -151.6°)  batt= 99.3%
[ep= 268 step=100 t=15.29h]  lat=+62.574° lon= +76.469° alt=694.8km  →  International (+62.6°, +76.5°)  batt= 98.6%
[ep= 268 step=120 t=15.78h]  lat=-44.071° lon= +52.769° alt=689.8km  →  International (-44.1°, +52.8°)  batt= 98.3%
[ep= 268 step=140 t=19.89h]  lat=+45.710° lon=-127.532° alt=693.7km  →  International (+45.7°, -127.5°)  batt= 96.1%
[ep= 268 step=160 t=20.73h]  lat=-50.445° lon= +50.976° alt=692.0km  →  International (-50.4°, +51.0°)  batt= 95.7%
[ep= 268 step=180 t=23.08h]  lat=+26.558° lon=-123.111° alt=689.1km  →  International (+26.6°, -123.1°)  batt= 94.4%
[ep= 268 step=200 t=25.30h]  lat=+26.580° lon= +65.104° alt=682.7km  →  International (+26.6°, +65.1°)  batt= 94.5%
[ep= 268 step=220 t=29.41h]  lat=-24.809° lon=-115.036° alt=689.7km  →  International (-24.8°, -115.0°)  batt= 96.9%
[ep= 268 step=240 t=29.51h]  lat= -2.395° lon=-118.447° alt=686.5km  →  International (-2.4°, -118.4°)  batt= 96.9%
[ep= 268 step=260 t=31.64h]  lat=+72.907° lon= +88.738° alt=697.3km  →  International (+72.9°, +88.7°)  batt= 99.3%
[ep= 268 step=280 t=35.75h]  lat=-71.237° lon= -93.887° alt=701.2km  →  International (-71.2°, -93.9°)  batt= 99.7%
[ep= 268 step=300 t=38.72h]  lat=-37.987° lon= +55.244° alt=687.4km  →  International (-38.0°, +55.2°)  batt= 99.8%
[ep= 268 step=320 t=41.18h]  lat=+39.286° lon=-124.958° alt=692.1km  →  International (+39.3°, -125.0°)  batt= 98.4%
[ep= 268 step=340 t=41.94h]  lat=-25.991° lon= +57.766° alt=683.3km  →  International (-26.0°, +57.8°)  batt= 98.0%
[ep= 268 step=360 t=42.44h]  lat=-43.760° lon=-110.456° alt=694.8km  →  International (-43.8°, -110.5°)  batt= 97.7%
[ep= 268 step=380 t=45.24h]  lat=-30.301° lon= +57.112° alt=684.4km  →  International (-30.3°, +57.1°)  batt= 96.2%
[ep= 268 step=400 t=46.82h]  lat=-16.112° lon= +59.581° alt=680.5km  →  International (-16.1°, +59.6°)  batt= 95.4%
[ep= 269 step= 20 t= 4.53h]  lat=-81.319° lon= -51.777° alt=701.6km  →  International (-81.3°, -51.8°)  batt= 99.8%
[ep= 269 step= 40 t= 7.48h]  lat=-22.459° lon= +56.954° alt=683.0km  →  International (-22.5°, +57.0°)  batt= 98.2%
[ep= 269 step= 60 t= 7.66h]  lat=-60.137° lon= +46.036° alt=695.7km  →  International (-60.1°, +46.0°)  batt= 98.1%
[ep= 269 step= 80 t=10.67h]  lat= -1.272° lon= +60.262° alt=679.6km  →  International (-1.3°, +60.3°)   batt= 96.5%
[ep= 269 step=100 t=11.53h]  lat=+11.425° lon=-121.163° alt=686.5km  →  International (+11.4°, -121.2°)  batt= 96.1%
[ep= 269 step=120 t=13.48h]  lat=+76.801° lon=-156.583° alt=700.0km  →  International (+76.8°, -156.6°)  batt= 95.1%
[ep= 269 step=140 t=18.22h]  lat=+38.103° lon=-125.623° alt=691.9km  →  International (+38.1°, -125.6°)  batt= 93.1%
[ep= 269 step=160 t=23.61h]  lat=+37.882° lon= +67.302° alt=686.2km  →  International (+37.9°, +67.3°)  batt= 95.8%
[ep= 269 step=180 t=29.01h]  lat=-65.986° lon= +42.670° alt=697.6km  →  International (-66.0°, +42.7°)  batt= 99.0%
[ep= 269 step=200 t=31.99h]  lat= -1.951° lon= +61.048° alt=679.4km  →  International (-2.0°, +61.0°)   batt= 97.4%
[ep= 269 step=220 t=32.16h]  lat=-38.289° lon= +54.912° alt=687.6km  →  International (-38.3°, +54.9°)  batt= 97.3%
[ep= 269 step=240 t=33.33h]  lat=+64.359° lon= +78.543° alt=695.3km  →  International (+64.4°, +78.5°)  batt= 96.7%
[ep= 269 step=260 t=33.82h]  lat=-42.222° lon= +54.015° alt=689.0km  →  International (-42.2°, +54.0°)  batt= 96.4%
[ep= 269 step=280 t=36.60h]  lat=+65.449° lon= +79.573° alt=695.5km  →  International (+65.4°, +79.6°)  batt= 94.9%
[ep= 269 step=300 t=40.22h]  lat= -7.259° lon= +60.631° alt=679.5km  →  International (-7.3°, +60.6°)   batt= 95.2%
[ep= 269 step=320 t=44.00h]  lat=-61.352° lon=-103.154° alt=699.5km  →  International (-61.4°, -103.2°)  batt= 97.8%
[ep= 269 step=340 t=45.82h]  lat=-23.441° lon=-114.583° alt=689.7km  →  International (-23.4°, -114.6°)  batt= 99.6%
[ep= 269 step=360 t=46.67h]  lat=+16.924° lon= +64.400° alt=680.1km  →  International (+16.9°, +64.4°)  batt=100.0%
[ep= 270 step= 20 t= 4.38h]  lat=-61.252° lon= +45.222° alt=696.1km  →  International (-61.3°, +45.2°)  batt=100.0%
[ep= 270 step= 40 t= 5.85h]  lat=-23.951° lon= +56.636° alt=683.4km  →  International (-24.0°, +56.6°)  batt= 99.9%
[ep= 270 step= 60 t= 6.03h]  lat=-63.308° lon= +43.887° alt=696.7km  →  International (-63.3°, +43.9°)  batt=100.0%
[ep= 270 step= 80 t= 8.97h]  lat=+11.813° lon= +62.070° alt=680.3km  →  International (+11.8°, +62.1°)  batt= 99.9%
[ep= 270 step=100 t= 9.14h]  lat=-26.438° lon= +56.340° alt=683.9km  →  International (-26.4°, +56.3°)  batt= 99.9%
[ep= 270 step=120 t= 9.65h]  lat=-41.515° lon=-112.396° alt=693.5km  →  International (-41.5°, -112.4°)  batt=100.0%
[ep= 270 step=140 t=10.85h]  lat=-41.239° lon= +53.316° alt=688.7km  →  International (-41.2°, +53.3°)  batt= 99.8%
[ep= 270 step=160 t=13.98h]  lat= -9.251° lon= +59.258° alt=680.1km  →  International (-9.3°, +59.3°)   batt= 99.9%
[ep= 270 step=180 t=17.13h]  lat=+19.252° lon= +63.544° alt=681.3km  →  International (+19.3°, +63.5°)  batt= 99.9%
[ep= 270 step=200 t=21.23h]  lat=-21.120° lon=-115.984° alt=688.7km  →  International (-21.1°, -116.0°)  batt=100.0%
[ep= 270 step=220 t=22.06h]  lat=+18.235° lon= +63.588° alt=680.8km  →  International (+18.2°, +63.6°)  batt= 99.8%
[ep= 270 step=240 t=26.82h]  lat=+53.320° lon= +72.071° alt=691.7km  →  International (+53.3°, +72.1°)  batt=100.0%
[ep= 270 step=260 t=28.88h]  lat=-37.671° lon= +54.919° alt=687.5km  →  International (-37.7°, +54.9°)  batt= 99.8%
[ep= 270 step=280 t=30.45h]  lat=-23.518° lon= +57.728° alt=682.9km  →  International (-23.5°, +57.7°)  batt= 99.7%
[ep= 270 step=300 t=30.63h]  lat=-62.897° lon= +45.202° alt=696.5km  →  International (-62.9°, +45.2°)  batt=100.0%
[ep= 270 step=320 t=32.11h]  lat=-27.484° lon= +57.104° alt=683.9km  →  International (-27.5°, +57.1°)  batt= 99.9%
[ep= 270 step=340 t=32.94h]  lat=+30.290° lon=-123.382° alt=689.9km  →  International (+30.3°, -123.4°)  batt=100.0%
[ep= 270 step=360 t=33.80h]  lat=-38.673° lon= +54.889° alt=687.6km  →  International (-38.7°, +54.9°)  batt= 99.8%
[ep= 270 step=380 t=36.58h]  lat=+68.797° lon= +82.924° alt=696.5km  →  International (+68.8°, +82.9°)  batt=100.0%
[ep= 270 step=400 t=41.65h]  lat=+37.820° lon= +68.035° alt=686.0km  →  International (+37.8°, +68.0°)  batt=100.0%
[ep= 270 step=420 t=45.76h]  lat=-36.030° lon=-112.192° alt=692.9km  →  International (-36.0°, -112.2°)  batt=100.0%
[ep= 271 step= 20 t= 6.35h]  lat=-45.780° lon=-111.370° alt=694.7km  →  International (-45.8°, -111.4°)  batt= 96.7%
[ep= 271 step= 40 t= 7.51h]  lat=-27.902° lon= +56.008° alt=684.5km  →  International (-27.9°, +56.0°)  batt= 96.1%
[ep= 271 step= 60 t= 7.67h]  lat=-63.615° lon= +43.725° alt=696.8km  →  International (-63.6°, +43.7°)  batt= 96.1%
[ep= 271 step= 80 t=10.80h]  lat=-30.382° lon= +55.679° alt=685.0km  →  International (-30.4°, +55.7°)  batt= 94.5%
[ep= 271 step=100 t=11.32h]  lat=-35.800° lon=-113.672° alt=691.9km  →  International (-35.8°, -113.7°)  batt= 94.3%
[ep= 271 step=120 t=15.74h]  lat=-34.986° lon= +54.959° alt=686.4km  →  International (-35.0°, +55.0°)  batt= 92.0%
[ep= 271 step=140 t=19.22h]  lat=-75.611° lon= +27.277° alt=699.9km  →  International (-75.6°, +27.3°)  batt=100.0%
[ep= 271 step=160 t=23.01h]  lat=+10.100° lon=-120.502° alt=686.7km  →  International (+10.1°, -120.5°)  batt= 99.5%
[ep= 271 step=180 t=24.49h]  lat=-24.116° lon=-115.361° alt=689.5km  →  International (-24.1°, -115.4°)  batt= 99.7%
[ep= 271 step=200 t=27.22h]  lat=-33.687° lon= +55.701° alt=686.0km  →  International (-33.7°, +55.7°)  batt= 99.2%
[ep= 271 step=220 t=28.88h]  lat=-37.624° lon= +54.919° alt=687.5km  →  International (-37.6°, +54.9°)  batt= 99.2%
[ep= 271 step=240 t=31.94h]  lat= +8.999° lon= +62.596° alt=679.7km  →  International (+9.0°, +62.6°)   batt= 97.9%
[ep= 271 step=260 t=32.11h]  lat=-27.428° lon= +57.102° alt=684.0km  →  International (-27.4°, +57.1°)  batt= 97.8%
[ep= 271 step=280 t=32.93h]  lat=+28.423° lon=-123.045° alt=689.5km  →  International (+28.4°, -123.0°)  batt= 97.4%
[ep= 271 step=300 t=37.01h]  lat=-22.986° lon= +58.074° alt=682.5km  →  International (-23.0°, +58.1°)  batt= 95.3%
[ep= 271 step=320 t=39.74h]  lat=+79.327° lon=-167.078° alt=700.1km  →  International (+79.3°, -167.1°)  batt= 99.1%
[ep= 271 step=340 t=43.22h]  lat=+53.690° lon= +72.885° alt=691.5km  →  International (+53.7°, +72.9°)  batt=100.0%
[ep= 271 step=360 t=47.62h]  lat=+13.252° lon=-119.958° alt=687.4km  →  International (+13.3°, -120.0°)  batt= 99.6%
[ep= 272 step= 20 t= 4.43h]  lat=-71.488° lon= +35.169° alt=698.7km  →  International (-71.5°, +35.2°)  batt=100.0%
[ep= 272 step= 40 t= 9.18h]  lat=-35.548° lon= +54.570° alt=686.2km  →  International (-35.5°, +54.6°)  batt=100.0%
[ep= 272 step= 60 t=12.31h]  lat= -2.917° lon= +60.096° alt=678.9km  →  International (-2.9°, +60.1°)   batt= 99.8%
[ep= 272 step= 80 t=14.17h]  lat=-50.348° lon= +50.749° alt=691.6km  →  International (-50.3°, +50.7°)  batt=100.0%
[ep= 272 step=100 t=17.47h]  lat=-54.567° lon= +49.247° alt=693.5km  →  International (-54.6°, +49.2°)  batt=100.0%
[ep= 272 step=120 t=20.56h]  lat=-11.924° lon= +59.138° alt=680.1km  →  International (-11.9°, +59.1°)  batt=100.0%
[ep= 272 step=140 t=20.72h]  lat=-48.116° lon= +51.772° alt=691.0km  →  International (-48.1°, +51.8°)  batt=100.0%
[ep= 272 step=160 t=23.21h]  lat=+52.970° lon=-129.861° alt=695.7km  →  International (+53.0°, -129.9°)  batt=100.0%
[ep= 272 step=180 t=25.97h]  lat=-58.260° lon=-105.690° alt=698.7km  →  International (-58.3°, -105.7°)  batt=100.0%
[ep= 272 step=200 t=30.72h]  lat=-79.738° lon=  +9.817° alt=700.8km  →  International (-79.7°, +9.8°)   batt=100.0%
[ep= 272 step=220 t=32.62h]  lat=-39.105° lon=-112.039° alt=693.6km  →  International (-39.1°, -112.0°)  batt=100.0%
[ep= 272 step=240 t=34.16h]  lat=-61.859° lon=-103.229° alt=699.6km  →  International (-61.9°, -103.2°)  batt=100.0%
[ep= 272 step=260 t=34.39h]  lat=-10.383° lon=-117.088° alt=687.5km  →  International (-10.4°, -117.1°)  batt=100.0%
[ep= 272 step=280 t=35.91h]  lat=-36.615° lon=-112.471° alt=693.1km  →  International (-36.6°, -112.5°)  batt=100.0%
[ep= 272 step=300 t=38.76h]  lat=-46.481° lon= +53.030° alt=690.1km  →  International (-46.5°, +53.0°)  batt=100.0%
[ep= 272 step=320 t=41.98h]  lat=-34.553° lon= +56.145° alt=685.9km  →  International (-34.6°, +56.1°)  batt=100.0%
[ep= 272 step=340 t=43.82h]  lat=-76.477° lon= +25.743° alt=700.3km  →  International (-76.5°, +25.7°)  batt=100.0%
[ep= 272 step=360 t=47.93h]  lat=+77.749° lon=-158.727° alt=699.5km  →  International (+77.7°, -158.7°)  batt=100.0%
[ep= 273 step= 20 t= 0.90h]  lat=-17.509° lon= +57.476° alt=681.3km  →  International (-17.5°, +57.5°)  batt= 99.8%
[ep= 273 step= 40 t= 1.08h]  lat=-57.118° lon= +47.388° alt=694.3km  →  International (-57.1°, +47.4°)  batt=100.0%
[ep= 273 step= 60 t= 6.15h]  lat=-81.942° lon= -29.581° alt=701.3km  →  International (-81.9°, -29.6°)  batt=100.0%
[ep= 273 step= 80 t= 8.63h]  lat=+81.372° lon=+129.305° alt=699.6km  →  International (+81.4°, +129.3°)  batt=100.0%
[ep= 273 step=100 t=10.12h]  lat=+59.683° lon=-133.601° alt=697.4km  →  International (+59.7°, -133.6°)  batt=100.0%
[ep= 273 step=120 t=13.92h]  lat= +5.287° lon= +61.324° alt=678.8km  →  International (+5.3°, +61.3°)   batt= 99.8%
[ep= 273 step=140 t=17.38h]  lat=-33.604° lon= +55.318° alt=685.6km  →  International (-33.6°, +55.3°)  batt= 99.7%
[ep= 273 step=160 t=20.61h]  lat=-23.394° lon= +57.339° alt=682.6km  →  International (-23.4°, +57.3°)  batt= 99.7%
[ep= 273 step=180 t=20.78h]  lat=-61.042° lon= +46.031° alt=695.8km  →  International (-61.0°, +46.0°)  batt=100.0%
[ep= 273 step=200 t=22.28h]  lat=-30.989° lon= +56.041° alt=684.8km  →  International (-31.0°, +56.0°)  batt= 99.7%
[ep= 273 step=220 t=23.11h]  lat=+31.975° lon=-124.118° alt=690.4km  →  International (+32.0°, -124.1°)  batt=100.0%
[ep= 273 step=240 t=25.62h]  lat=-42.498° lon= +53.600° alt=688.7km  →  International (-42.5°, +53.6°)  batt= 99.7%
[ep= 273 step=260 t=28.74h]  lat= -8.716° lon= +59.943° alt=679.3km  →  International (-8.7°, +59.9°)   batt= 99.8%
[ep= 273 step=280 t=32.53h]  lat=-58.201° lon=-105.456° alt=698.8km  →  International (-58.2°, -105.5°)  batt=100.0%
[ep= 273 step=300 t=36.64h]  lat=+56.584° lon= +73.909° alt=692.1km  →  International (+56.6°, +73.9°)  batt= 99.9%
[ep= 273 step=320 t=37.61h]  lat=-24.927° lon=-114.673° alt=690.2km  →  International (-24.9°, -114.7°)  batt=100.0%
[ep= 273 step=340 t=39.08h]  lat=-60.965° lon=-103.607° alt=699.6km  →  International (-61.0°, -103.6°)  batt=100.0%
[ep= 273 step=360 t=42.66h]  lat= +4.564° lon=-118.885° alt=686.9km  →  International (+4.6°, -118.9°)  batt=100.0%
[ep= 273 step=380 t=43.73h]  lat=-58.028° lon= +48.695° alt=694.8km  →  International (-58.0°, +48.7°)  batt=100.0%
[ep= 273 step=400 t=45.27h]  lat=-36.917° lon= +55.763° alt=686.7km  →  International (-36.9°, +55.8°)  batt= 99.7%
[ep= 273 step=420 t=46.11h]  lat=+39.678° lon=-124.842° alt=692.5km  →  International (+39.7°, -124.8°)  batt=100.0%
[ep= 274 step= 20 t= 3.17h]  lat=-24.803° lon=-116.115° alt=689.2km  →  International (-24.8°, -116.1°)  batt= 98.8%
[ep= 274 step= 40 t= 4.71h]  lat=-44.915° lon=-111.682° alt=694.7km  →  International (-44.9°, -111.7°)  batt= 99.6%
[ep= 274 step= 60 t= 4.88h]  lat= -8.728° lon=-118.551° alt=686.5km  →  International (-8.7°, -118.6°)  batt= 99.6%
[ep= 274 step= 80 t= 7.36h]  lat= +5.478° lon= +61.083° alt=679.5km  →  International (+5.5°, +61.1°)   batt=100.0%
[ep= 274 step=100 t=12.73h]  lat=-80.881° lon= -57.529° alt=701.9km  →  International (-80.9°, -57.5°)  batt= 97.2%
[ep= 274 step=120 t=14.14h]  lat=-43.049° lon= +52.982° alt=689.7km  →  International (-43.0°, +53.0°)  batt= 97.0%
[ep= 274 step=140 t=16.61h]  lat=+44.342° lon=-127.271° alt=693.3km  →  International (+44.3°, -127.3°)  batt= 95.7%
[ep= 274 step=160 t=17.26h]  lat= -9.259° lon= +59.391° alt=680.3km  →  International (-9.3°, +59.4°)   batt= 95.3%
[ep= 274 step=180 t=17.43h]  lat=-45.493° lon= +52.433° alt=690.5km  →  International (-45.5°, +52.4°)  batt= 95.2%
[ep= 274 step=200 t=20.54h]  lat= -9.319° lon= +59.518° alt=680.1km  →  International (-9.3°, +59.5°)   batt= 95.1%
[ep= 274 step=220 t=21.11h]  lat=-45.843° lon=-110.736° alt=695.2km  →  International (-45.8°, -110.7°)  batt= 94.8%
[ep= 274 step=240 t=24.57h]  lat= -7.204° lon=-117.959° alt=686.7km  →  International (-7.2°, -118.0°)  batt= 93.0%
[ep= 274 step=260 t=28.68h]  lat= +5.455° lon= +61.961° alt=679.3km  →  International (+5.5°, +62.0°)   batt= 93.7%
[ep= 274 step=280 t=29.43h]  lat=-19.553° lon=-115.898° alt=688.6km  →  International (-19.6°, -115.9°)  batt= 94.6%
[ep= 274 step=300 t=33.17h]  lat=+77.940° lon=-160.169° alt=699.8km  →  International (+77.9°, -160.2°)  batt= 97.9%
[ep= 274 step=320 t=38.57h]  lat= -6.254° lon= +60.706° alt=679.7km  →  International (-6.3°, +60.7°)   batt= 95.0%
[ep= 274 step=340 t=40.36h]  lat=-39.263° lon= +55.019° alt=688.1km  →  International (-39.3°, +55.0°)  batt= 94.1%
[ep= 274 step=360 t=43.19h]  lat=+59.628° lon= +75.778° alt=693.6km  →  International (+59.6°, +75.8°)  batt= 92.5%
[ep= 274 step=380 t=46.27h]  lat=+74.192° lon=-148.106° alt=699.5km  →  International (+74.2°, -148.1°)  batt= 90.9%
[ep= 275 step= 20 t= 3.11h]  lat=-37.456° lon=-113.639° alt=692.5km  →  International (-37.5°, -113.6°)  batt= 99.1%
[ep= 275 step= 40 t= 3.31h]  lat= +6.110° lon=-120.732° alt=686.1km  →  International (+6.1°, -120.7°)  batt= 99.0%
[ep= 275 step= 60 t= 4.79h]  lat=-28.097° lon=-115.462° alt=690.1km  →  International (-28.1°, -115.5°)  batt= 99.6%
[ep= 275 step= 80 t= 4.96h]  lat= +8.260° lon=-120.973° alt=686.2km  →  International (+8.3°, -121.0°)  batt= 99.5%
[ep= 275 step=100 t= 8.13h]  lat=-16.551° lon=-117.249° alt=687.8km  →  International (-16.6°, -117.2°)  batt= 99.5%
[ep= 275 step=120 t=10.88h]  lat=-46.586° lon= +51.841° alt=690.9km  →  International (-46.6°, +51.8°)  batt=100.0%
[ep= 275 step=140 t=14.93h]  lat=+35.611° lon=-125.204° alt=690.9km  →  International (+35.6°, -125.2°)  batt= 98.1%
[ep= 275 step=160 t=15.74h]  lat=-34.955° lon= +54.969° alt=686.8km  →  International (-35.0°, +55.0°)  batt= 97.6%
[ep= 275 step=180 t=17.19h]  lat= +6.556° lon= +61.646° alt=679.8km  →  International (+6.6°, +61.6°)   batt= 96.9%
[ep= 275 step=200 t=17.37h]  lat=-31.665° lon= +55.706° alt=685.6km  →  International (-31.7°, +55.7°)  batt= 96.8%
[ep= 275 step=220 t=19.17h]  lat=-65.782° lon= +42.431° alt=697.5km  →  International (-65.8°, +42.4°)  batt= 95.9%
[ep= 275 step=240 t=22.97h]  lat= +0.947° lon=-119.184° alt=686.4km  →  International (+0.9°, -119.2°)  batt= 93.8%
[ep= 275 step=260 t=27.39h]  lat=-70.660° lon= +37.325° alt=698.9km  →  International (-70.7°, +37.3°)  batt= 94.9%
[ep= 275 step=280 t=31.50h]  lat=+72.112° lon=-144.734° alt=699.3km  →  International (+72.1°, -144.7°)  batt= 99.3%
[ep= 275 step=300 t=35.94h]  lat=-30.951° lon=-113.638° alt=691.3km  →  International (-31.0°, -113.6°)  batt= 98.9%
[ep= 275 step=320 t=38.73h]  lat=-39.507° lon= +54.896° alt=688.3km  →  International (-39.5°, +54.9°)  batt= 97.5%
[ep= 275 step=340 t=41.20h]  lat=+42.590° lon=-125.778° alt=693.0km  →  International (+42.6°, -125.8°)  batt= 96.1%
[ep= 275 step=360 t=43.53h]  lat=-15.113° lon= +59.609° alt=680.7km  →  International (-15.1°, +59.6°)  batt= 94.9%
[ep= 275 step=380 t=43.72h]  lat=-54.791° lon= +50.227° alt=693.8km  →  International (-54.8°, +50.2°)  batt= 94.8%
[ep= 276 step= 20 t= 4.08h]  lat= +3.708° lon= +60.694° alt=679.6km  →  International (+3.7°, +60.7°)   batt=100.0%
[ep= 276 step= 40 t= 4.91h]  lat= -2.649° lon=-119.422° alt=686.0km  →  International (-2.6°, -119.4°)  batt=100.0%
[ep= 276 step= 60 t= 9.02h]  lat= +0.863° lon= +60.494° alt=679.3km  →  International (+0.9°, +60.5°)   batt=100.0%
[ep= 276 step= 80 t=13.12h]  lat= +0.853° lon=-119.578° alt=686.1km  →  International (+0.9°, -119.6°)  batt=100.0%
[ep= 276 step=100 t=16.15h]  lat=-54.486° lon=-107.882° alt=697.4km  →  International (-54.5°, -107.9°)  batt=100.0%
[ep= 276 step=120 t=18.93h]  lat=-15.724° lon= +58.495° alt=681.1km  →  International (-15.7°, +58.5°)  batt=100.0%
[ep= 276 step=140 t=19.10h]  lat=-51.834° lon= +50.402° alt=692.7km  →  International (-51.8°, +50.4°)  batt=100.0%
[ep= 276 step=160 t=20.66h]  lat=-34.213° lon= +55.323° alt=686.1km  →  International (-34.2°, +55.3°)  batt=100.0%
[ep= 276 step=180 t=23.81h]  lat= -5.802° lon= +60.157° alt=679.5km  →  International (-5.8°, +60.2°)   batt=100.0%
[ep= 276 step=200 t=28.63h]  lat=+15.084° lon= +63.368° alt=680.2km  →  International (+15.1°, +63.4°)  batt=100.0%
[ep= 276 step=220 t=29.44h]  lat=-17.036° lon=-116.298° alt=688.1km  →  International (-17.0°, -116.3°)  batt=100.0%
[ep= 276 step=240 t=29.56h]  lat= +7.223° lon=-119.811° alt=686.5km  →  International (+7.2°, -119.8°)  batt=100.0%
[ep= 276 step=260 t=31.05h]  lat=-25.165° lon=-114.902° alt=689.8km  →  International (-25.2°, -114.9°)  batt=100.0%
[ep= 276 step=280 t=31.21h]  lat=+11.200° lon=-120.320° alt=686.9km  →  International (+11.2°, -120.3°)  batt=100.0%
[ep= 276 step=300 t=32.70h]  lat=-23.015° lon=-115.201° alt=689.4km  →  International (-23.0°, -115.2°)  batt=100.0%
[ep= 276 step=320 t=34.84h]  lat=+81.365° lon=+172.533° alt=699.8km  →  International (+81.4°, +172.5°)  batt=100.0%
[ep= 276 step=340 t=38.65h]  lat=-22.773° lon= +58.186° alt=682.6km  →  International (-22.8°, +58.2°)  batt=100.0%
[ep= 276 step=360 t=39.81h]  lat=+78.076° lon=+103.776° alt=698.6km  →  International (+78.1°, +103.8°)  batt=100.0%
[ep= 276 step=380 t=40.39h]  lat=-44.791° lon= +53.581° alt=690.0km  →  International (-44.8°, +53.6°)  batt=100.0%
[ep= 276 step=400 t=43.20h]  lat=+57.734° lon= +74.751° alt=692.9km  →  International (+57.7°, +74.8°)  batt=100.0%
[ep= 276 step=420 t=48.00h]  lat=+80.175° lon=+116.847° alt=699.0km  →  International (+80.2°, +116.8°)  batt=100.0%
[ep= 277 step= 20 t= 3.12h]  lat=-33.839° lon=-114.423° alt=691.4km  →  International (-33.8°, -114.4°)  batt= 99.7%
[ep= 277 step= 40 t= 6.64h]  lat=+17.693° lon=-122.315° alt=687.0km  →  International (+17.7°, -122.3°)  batt= 99.4%
[ep= 277 step= 60 t= 7.51h]  lat=-27.903° lon= +56.008° alt=684.5km  →  International (-27.9°, +56.0°)  batt= 99.5%
[ep= 277 step= 80 t= 8.98h]  lat= +8.185° lon= +61.537° alt=680.0km  →  International (+8.2°, +61.5°)   batt= 98.8%
[ep= 277 step=100 t=12.81h]  lat=-67.318° lon= -99.665° alt=700.2km  →  International (-67.3°, -99.7°)  batt= 97.5%
[ep= 277 step=120 t=17.23h]  lat= -2.590° lon= +60.340° alt=679.5km  →  International (-2.6°, +60.3°)   batt= 96.3%
[ep= 277 step=140 t=22.94h]  lat= -4.460° lon=-118.425° alt=686.5km  →  International (-4.5°, -118.4°)  batt= 93.9%
[ep= 277 step=160 t=27.07h]  lat= -2.774° lon= +60.719° alt=679.4km  →  International (-2.8°, +60.7°)   batt=100.0%
[ep= 277 step=180 t=28.92h]  lat=-46.613° lon= +52.572° alt=690.8km  →  International (-46.6°, +52.6°)  batt= 99.6%
[ep= 277 step=200 t=32.69h]  lat=-24.285° lon=-114.993° alt=689.3km  →  International (-24.3°, -115.0°)  batt= 99.2%
[ep= 277 step=220 t=35.44h]  lat=-38.949° lon= +54.881° alt=687.7km  →  International (-38.9°, +54.9°)  batt= 98.6%
[ep= 277 step=240 t=37.74h]  lat= +3.990° lon=-119.017° alt=686.6km  →  International (+4.0°, -119.0°)  batt= 98.1%
[ep= 277 step=260 t=41.52h]  lat=+66.245° lon= +80.474° alt=695.8km  →  International (+66.2°, +80.5°)  batt= 97.2%
[ep= 277 step=280 t=46.59h]  lat=+33.277° lon= +67.246° alt=684.2km  →  International (+33.3°, +67.2°)  batt= 97.4%
[ep= 278 step= 20 t= 4.11h]  lat= -1.788° lon= +59.916° alt=679.2km  →  International (-1.8°, +59.9°)   batt=100.0%
[ep= 278 step= 40 t= 7.88h]  lat=-68.197° lon= -98.937° alt=700.3km  →  International (-68.2°, -98.9°)  batt=100.0%
[ep= 278 step= 60 t=12.00h]  lat=+64.919° lon= +78.109° alt=695.2km  →  International (+64.9°, +78.1°)  batt= 99.9%
[ep= 278 step= 80 t=15.15h]  lat=+80.728° lon=-179.531° alt=699.9km  →  International (+80.7°, -179.5°)  batt=100.0%
[ep= 278 step=100 t=19.81h]  lat=+27.735° lon=-123.453° alt=689.2km  →  International (+27.7°, -123.5°)  batt=100.0%
[ep= 278 step=120 t=20.62h]  lat=-27.080° lon= +56.698° alt=683.6km  →  International (-27.1°, +56.7°)  batt=100.0%
[ep= 278 step=140 t=22.09h]  lat=+10.828° lon= +62.464° alt=679.5km  →  International (+10.8°, +62.5°)  batt=100.0%
[ep= 278 step=160 t=22.26h]  lat=-25.611° lon= +57.024° alt=683.1km  →  International (-25.6°, +57.0°)  batt=100.0%
[ep= 278 step=180 t=22.44h]  lat=-64.891° lon= +43.331° alt=696.9km  →  International (-64.9°, +43.3°)  batt=100.0%
[ep= 278 step=200 t=26.88h]  lat=+40.646° lon= +68.089° alt=686.9km  →  International (+40.6°, +68.1°)  batt= 99.9%
[ep= 278 step=220 t=30.33h]  lat= +1.818° lon= +61.507° alt=678.7km  →  International (+1.8°, +61.5°)   batt=100.0%
[ep= 278 step=240 t=32.51h]  lat=-63.346° lon=-102.268° alt=699.8km  →  International (-63.3°, -102.3°)  batt=100.0%
[ep= 278 step=260 t=32.70h]  lat=-22.234° lon=-115.332° alt=689.3km  →  International (-22.2°, -115.3°)  batt=100.0%
[ep= 278 step=280 t=34.25h]  lat=-41.754° lon=-111.323° alt=694.4km  →  International (-41.8°, -111.3°)  batt=100.0%
[ep= 278 step=300 t=37.07h]  lat=-37.150° lon= +55.368° alt=686.6km  →  International (-37.1°, +55.4°)  batt=100.0%
[ep= 278 step=320 t=39.87h]  lat=+66.846° lon= +80.979° alt=695.5km  →  International (+66.8°, +81.0°)  batt= 99.9%
[ep= 278 step=340 t=41.74h]  lat=+18.236° lon= +64.396° alt=680.3km  →  International (+18.2°, +64.4°)  batt= 99.8%
[ep= 278 step=360 t=42.06h]  lat=-50.720° lon= +51.765° alt=692.0km  →  International (-50.7°, +51.8°)  batt=100.0%
[ep= 278 step=380 t=45.17h]  lat=-15.270° lon= +59.647° alt=680.3km  →  International (-15.3°, +59.6°)  batt=100.0%
[ep= 278 step=400 t=45.35h]  lat=-53.174° lon= +50.966° alt=692.8km  →  International (-53.2°, +51.0°)  batt=100.0%
[ep= 278 step=420 t=46.81h]  lat=-13.797° lon= +59.937° alt=679.9km  →  International (-13.8°, +59.9°)  batt=100.0%
[ep= 278 step=440 t=46.98h]  lat=-51.737° lon= +51.591° alt=692.2km  →  International (-51.7°, +51.6°)  batt=100.0%
[ep= 279 step= 20 t= 4.70h]  lat=-47.881° lon=-110.791° alt=695.5km  →  International (-47.9°, -110.8°)  batt= 99.6%
[ep= 279 step= 40 t= 8.17h]  lat= -7.427° lon=-118.603° alt=686.5km  →  International (-7.4°, -118.6°)  batt= 99.5%
[ep= 279 step= 60 t=10.64h]  lat= +4.170° lon= +61.031° alt=679.3km  →  International (+4.2°, +61.0°)   batt=100.0%
[ep= 279 step= 80 t=14.09h]  lat=-32.890° lon= +55.329° alt=685.9km  →  International (-32.9°, +55.3°)  batt= 98.2%
[ep= 279 step=100 t=15.78h]  lat=-42.238° lon= +53.264° alt=689.3km  →  International (-42.2°, +53.3°)  batt= 97.6%
[ep= 279 step=120 t=16.95h]  lat=+58.789° lon= +74.225° alt=693.6km  →  International (+58.8°, +74.2°)  batt= 97.0%
[ep= 279 step=140 t=17.34h]  lat=-26.308° lon= +56.702° alt=683.8km  →  International (-26.3°, +56.7°)  batt= 96.8%
[ep= 279 step=160 t=17.53h]  lat=-65.546° lon= +42.573° alt=697.4km  →  International (-65.5°, +42.6°)  batt= 96.7%
[ep= 279 step=180 t=19.01h]  lat=-32.081° lon= +55.691° alt=685.5km  →  International (-32.1°, +55.7°)  batt= 95.9%
[ep= 279 step=200 t=20.48h]  lat= +3.975° lon= +61.412° alt=679.3km  →  International (+4.0°, +61.4°)   batt= 95.1%
[ep= 279 step=220 t=20.65h]  lat=-32.420° lon= +55.692° alt=685.5km  →  International (-32.4°, +55.7°)  batt= 95.0%
[ep= 279 step=240 t=22.18h]  lat= -7.309° lon= +59.877° alt=679.6km  →  International (-7.3°, +59.9°)   batt= 94.2%
[ep= 279 step=260 t=23.92h]  lat=-29.471° lon= +56.399° alt=684.5km  →  International (-29.5°, +56.4°)  batt= 93.3%
[ep= 279 step=280 t=27.68h]  lat=-45.046° lon=-110.700° alt=695.1km  →  International (-45.0°, -110.7°)  batt= 91.3%
[ep= 279 step=300 t=29.45h]  lat=-15.802° lon=-116.484° alt=687.9km  →  International (-15.8°, -116.5°)  batt= 90.4%
[ep= 279 step=320 t=30.50h]  lat=-33.819° lon= +55.815° alt=685.8km  →  International (-33.8°, +55.8°)  batt= 89.9%
[ep= 279 step=340 t=35.26h]  lat= -0.274° lon= +61.420° alt=678.9km  →  International (-0.3°, +61.4°)   batt= 98.6%
[ep= 279 step=360 t=38.39h]  lat=+33.626° lon= +66.994° alt=684.6km  →  International (+33.6°, +67.0°)  batt= 99.3%
[ep= 279 step=380 t=40.31h]  lat=-28.581° lon= +57.243° alt=684.3km  →  International (-28.6°, +57.2°)  batt= 98.3%
[ep= 279 step=400 t=41.79h]  lat= +7.504° lon= +62.799° alt=679.3km  →  International (+7.5°, +62.8°)   batt= 97.5%
[ep= 279 step=420 t=41.96h]  lat=-28.917° lon= +57.248° alt=684.3km  →  International (-28.9°, +57.2°)  batt= 97.4%
[ep= 279 step=440 t=42.79h]  lat=+31.709° lon=-123.251° alt=690.3km  →  International (+31.7°, -123.3°)  batt= 97.0%
[ep= 279 step=460 t=47.21h]  lat=-74.565° lon= -87.181° alt=701.7km  →  International (-74.6°, -87.2°)  batt= 94.7%
[ep= 280 step= 20 t= 5.39h]  lat=+74.475° lon= +90.867° alt=698.3km  →  International (+74.5°, +90.9°)  batt=100.0%
[ep= 280 step= 40 t= 5.93h]  lat=-42.029° lon= +52.913° alt=689.3km  →  International (-42.0°, +52.9°)  batt= 99.7%
[ep= 280 step= 60 t= 7.21h]  lat=+37.569° lon= +66.552° alt=686.7km  →  International (+37.6°, +66.6°)  batt= 99.9%
[ep= 280 step= 80 t= 7.46h]  lat=-16.398° lon= +57.919° alt=681.6km  →  International (-16.4°, +57.9°)  batt= 99.8%
[ep= 280 step=100 t= 7.64h]  lat=-56.036° lon= +48.178° alt=694.3km  →  International (-56.0°, +48.2°)  batt=100.0%
[ep= 280 step=120 t= 7.81h]  lat=-81.295° lon= -52.002° alt=701.5km  →  International (-81.3°, -52.0°)  batt=100.0%
[ep= 280 step=140 t= 7.99h]  lat=-46.044° lon=-111.223° alt=694.8km  →  International (-46.0°, -111.2°)  batt=100.0%
[ep= 280 step=160 t= 8.81h]  lat=+46.829° lon= +69.047° alt=689.9km  →  International (+46.8°, +69.0°)  batt=100.0%
[ep= 280 step=180 t= 9.62h]  lat=-46.907° lon=-110.895° alt=695.0km  →  International (-46.9°, -110.9°)  batt=100.0%
[ep= 280 step=200 t=14.38h]  lat=-80.394° lon= -62.621° alt=701.6km  →  International (-80.4°, -62.6°)  batt=100.0%
[ep= 280 step=220 t=17.20h]  lat= +4.697° lon= +61.374° alt=679.5km  →  International (+4.7°, +61.4°)   batt= 99.8%
[ep= 280 step=240 t=18.71h]  lat=+33.459° lon= +66.140° alt=685.0km  →  International (+33.5°, +66.1°)  batt= 99.9%
[ep= 280 step=260 t=21.84h]  lat=+64.834° lon= +78.446° alt=695.4km  →  International (+64.8°, +78.4°)  batt=100.0%
[ep= 280 step=280 t=25.62h]  lat=-42.391° lon= +53.627° alt=688.9km  →  International (-42.4°, +53.6°)  batt= 99.7%
[ep= 280 step=300 t=29.90h]  lat=+79.229° lon=-166.866° alt=699.9km  →  International (+79.2°, -166.9°)  batt=100.0%
[ep= 280 step=320 t=32.04h]  lat=-12.897° lon= +59.462° alt=680.5km  →  International (-12.9°, +59.5°)  batt= 99.8%
[ep= 280 step=340 t=32.21h]  lat=-49.068° lon= +51.928° alt=691.6km  →  International (-49.1°, +51.9°)  batt= 99.7%
[ep= 280 step=360 t=35.65h]  lat=-80.535° lon=  +3.299° alt=701.0km  →  International (-80.5°, +3.3°)   batt=100.0%
[ep= 280 step=380 t=37.47h]  lat=-55.594° lon=-106.523° alt=698.0km  →  International (-55.6°, -106.5°)  batt=100.0%
[ep= 280 step=400 t=41.91h]  lat=-18.532° lon= +59.005° alt=681.3km  →  International (-18.5°, +59.0°)  batt= 99.8%
[ep= 280 step=420 t=46.67h]  lat=+16.914° lon= +64.390° alt=680.1km  →  International (+16.9°, +64.4°)  batt= 99.9%
[ep= 281 step= 20 t= 0.94h]  lat=-26.595° lon= +55.971° alt=683.7km  →  International (-26.6°, +56.0°)  batt=100.0%
[ep= 281 step= 40 t= 1.11h]  lat=-62.368° lon= +44.345° alt=696.1km  →  International (-62.4°, +44.3°)  batt=100.0%
[ep= 281 step= 60 t= 2.52h]  lat=-14.206° lon= +58.048° alt=680.7km  →  International (-14.2°, +58.0°)  batt=100.0%
[ep= 281 step= 80 t= 2.70h]  lat=-52.133° lon= +49.613° alt=692.5km  →  International (-52.1°, +49.6°)  batt=100.0%
[ep= 281 step=100 t= 6.47h]  lat=-18.651° lon=-116.994° alt=688.3km  →  International (-18.7°, -117.0°)  batt=100.0%
[ep= 281 step=120 t=10.57h]  lat=+18.746° lon= +63.190° alt=680.9km  →  International (+18.7°, +63.2°)  batt= 99.8%
[ep= 281 step=140 t=13.06h]  lat=-13.681° lon=-117.486° alt=687.6km  →  International (-13.7°, -117.5°)  batt=100.0%
[ep= 281 step=160 t=15.53h]  lat=+12.257° lon= +62.403° alt=679.5km  →  International (+12.3°, +62.4°)  batt= 99.8%
[ep= 281 step=180 t=19.96h]  lat=+59.877° lon=-133.301° alt=697.5km  →  International (+59.9°, -133.3°)  batt=100.0%
[ep= 281 step=200 t=23.79h]  lat= -2.192° lon= +60.672° alt=679.1km  →  International (-2.2°, +60.7°)   batt=100.0%
[ep= 281 step=220 t=23.96h]  lat=-38.531° lon= +54.513° alt=687.5km  →  International (-38.5°, +54.5°)  batt=100.0%
[ep= 281 step=240 t=25.44h]  lat= -4.355° lon= +60.432° alt=679.1km  →  International (-4.4°, +60.4°)   batt=100.0%
[ep= 281 step=260 t=25.61h]  lat=-40.668° lon= +54.066° alt=688.2km  →  International (-40.7°, +54.1°)  batt=100.0%
[ep= 281 step=280 t=29.36h]  lat=-35.678° lon=-112.952° alt=692.7km  →  International (-35.7°, -113.0°)  batt=100.0%
[ep= 281 step=300 t=33.93h]  lat=-65.324° lon= +43.448° alt=697.0km  →  International (-65.3°, +43.4°)  batt=100.0%
[ep= 281 step=320 t=36.75h]  lat=+33.328° lon= +66.860° alt=684.1km  →  International (+33.3°, +66.9°)  batt= 99.9%
[ep= 281 step=340 t=38.24h]  lat=+64.454° lon= +78.817° alt=694.7km  →  International (+64.5°, +78.8°)  batt= 99.9%
[ep= 281 step=360 t=39.20h]  lat=-34.878° lon=-112.715° alt=692.8km  →  International (-34.9°, -112.7°)  batt=100.0%
[ep= 281 step=380 t=42.33h]  lat=-66.689° lon= -99.067° alt=700.7km  →  International (-66.7°, -99.1°)  batt=100.0%
[ep= 281 step=400 t=47.73h]  lat=+36.962° lon=-124.146° alt=691.8km  →  International (+37.0°, -124.1°)  batt=100.0%
[ep= 282 step= 20 t= 3.38h]  lat=+22.489° lon=-123.220° alt=687.9km  →  International (+22.5°, -123.2°)  batt= 99.4%
[ep= 282 step= 40 t= 7.48h]  lat=-22.485° lon= +56.947° alt=682.8km  →  International (-22.5°, +56.9°)  batt= 97.3%
[ep= 282 step= 60 t= 7.66h]  lat=-60.164° lon= +46.014° alt=695.5km  →  International (-60.2°, +46.0°)  batt= 97.2%
[ep= 282 step= 80 t= 9.81h]  lat= -7.078° lon=-118.587° alt=686.3km  →  International (-7.1°, -118.6°)  batt= 96.1%
[ep= 282 step=100 t=13.18h]  lat=+13.615° lon=-121.422° alt=686.9km  →  International (+13.6°, -121.4°)  batt= 94.3%
[ep= 282 step=120 t=16.30h]  lat=-22.098° lon=-116.032° alt=688.7km  →  International (-22.1°, -116.0°)  batt= 92.7%
[ep= 282 step=140 t=17.80h]  lat=-52.356° lon=-108.683° alt=696.9km  →  International (-52.4°, -108.7°)  batt= 95.0%
[ep= 282 step=160 t=19.37h]  lat=-67.153° lon= -99.550° alt=700.3km  →  International (-67.2°, -99.5°)  batt= 98.3%
[ep= 282 step=180 t=20.89h]  lat=-80.883° lon=  -1.132° alt=701.1km  →  International (-80.9°, -1.1°)   batt= 97.5%
[ep= 282 step=200 t=21.22h]  lat=-22.893° lon=-115.694° alt=689.1km  →  International (-22.9°, -115.7°)  batt= 97.4%
[ep= 282 step=220 t=22.39h]  lat=-54.313° lon= +49.547° alt=693.3km  →  International (-54.3°, +49.5°)  batt=100.0%
[ep= 282 step=240 t=25.84h]  lat=-81.648° lon= -44.216° alt=701.7km  →  International (-81.6°, -44.2°)  batt= 99.8%
[ep= 282 step=260 t=28.77h]  lat=-15.962° lon= +58.866° alt=681.1km  →  International (-16.0°, +58.9°)  batt= 98.3%
[ep= 282 step=280 t=29.27h]  lat=-53.599° lon=-107.714° alt=697.3km  →  International (-53.6°, -107.7°)  batt= 98.0%
[ep= 282 step=300 t=30.37h]  lat= -5.367° lon= +60.491° alt=679.5km  →  International (-5.4°, +60.5°)   batt= 99.9%
[ep= 282 step=320 t=30.53h]  lat=-41.663° lon= +54.018° alt=688.8km  →  International (-41.7°, +54.0°)  batt= 99.9%
[ep= 282 step=340 t=31.73h]  lat=+54.060° lon= +72.580° alt=691.8km  →  International (+54.1°, +72.6°)  batt= 99.2%
[ep= 282 step=360 t=32.09h]  lat=-22.704° lon= +57.926° alt=682.5km  →  International (-22.7°, +57.9°)  batt= 99.9%
[ep= 282 step=380 t=32.25h]  lat=-58.624° lon= +47.897° alt=694.9km  →  International (-58.6°, +47.9°)  batt= 99.8%
[ep= 282 step=400 t=36.06h]  lat= -4.709° lon=-117.844° alt=686.7km  →  International (-4.7°, -117.8°)  batt= 97.8%
[ep= 282 step=420 t=41.13h]  lat=+27.190° lon=-122.477° alt=689.5km  →  International (+27.2°, -122.5°)  batt= 95.1%
[ep= 282 step=440 t=45.89h]  lat= -8.145° lon=-116.945° alt=687.3km  →  International (-8.1°, -116.9°)  batt= 99.3%
[ep= 283 step= 20 t= 1.40h]  lat=-52.094° lon=-109.459° alt=696.6km  →  International (-52.1°, -109.5°)  batt=100.0%
[ep= 283 step= 40 t= 2.66h]  lat=-43.178° lon= +52.470° alt=689.5km  →  International (-43.2°, +52.5°)  batt=100.0%
[ep= 283 step= 60 t= 4.12h]  lat= -3.598° lon= +59.659° alt=679.7km  →  International (-3.6°, +59.7°)   batt=100.0%
[ep= 283 step= 80 t= 4.28h]  lat=-39.915° lon= +53.368° alt=688.2km  →  International (-39.9°, +53.4°)  batt=100.0%
[ep= 283 step=100 t= 5.67h]  lat=+16.116° lon= +62.580° alt=680.8km  →  International (+16.1°, +62.6°)  batt= 99.3%
[ep= 283 step=120 t= 5.83h]  lat=-20.332° lon= +57.230° alt=682.1km  →  International (-20.3°, +57.2°)  batt= 99.6%
[ep= 283 step=140 t= 6.01h]  lat=-58.087° lon= +47.094° alt=694.7km  →  International (-58.1°, +47.1°)  batt= 99.8%
[ep= 283 step=160 t=11.71h]  lat=+49.387° lon=-129.026° alt=695.1km  →  International (+49.4°, -129.0°)  batt= 98.8%
[ep= 283 step=180 t=15.50h]  lat=+17.742° lon= +63.237° alt=680.7km  →  International (+17.7°, +63.2°)  batt=100.0%
[ep= 283 step=200 t=19.29h]  lat=-80.781° lon= -58.386° alt=701.7km  →  International (-80.8°, -58.4°)  batt=100.0%
[ep= 283 step=220 t=23.97h]  lat=-40.323° lon= +54.086° alt=688.2km  →  International (-40.3°, +54.1°)  batt= 99.8%
[ep= 283 step=240 t=25.65h]  lat=-49.617° lon= +51.473° alt=691.8km  →  International (-49.6°, +51.5°)  batt=100.0%
[ep= 283 step=260 t=29.73h]  lat=+45.873° lon=-127.172° alt=693.9km  →  International (+45.9°, -127.2°)  batt= 99.7%
[ep= 283 step=280 t=35.13h]  lat=+30.051° lon= +66.151° alt=683.5km  →  International (+30.1°, +66.2°)  batt= 99.6%
[ep= 283 step=300 t=38.88h]  lat=-71.285° lon= +36.884° alt=698.8km  →  International (-71.3°, +36.9°)  batt=100.0%
[ep= 283 step=320 t=40.03h]  lat=+33.277° lon= +66.989° alt=684.2km  →  International (+33.3°, +67.0°)  batt=100.0%
[ep= 283 step=340 t=40.89h]  lat=-24.922° lon=-114.535° alt=690.0km  →  International (-24.9°, -114.5°)  batt= 99.9%
[ep= 283 step=360 t=42.31h]  lat=-71.716° lon= -92.855° alt=701.3km  →  International (-71.7°, -92.9°)  batt= 99.7%
[ep= 283 step=380 t=45.12h]  lat= -2.930° lon= +61.448° alt=678.6km  →  International (-2.9°, +61.4°)   batt=100.0%
[ep= 284 step= 20 t= 4.23h]  lat=-29.068° lon= +55.661° alt=684.8km  →  International (-29.1°, +55.7°)  batt=100.0%
[ep= 284 step= 40 t= 5.06h]  lat=+30.071° lon=-124.494° alt=689.4km  →  International (+30.1°, -124.5°)  batt=100.0%
[ep= 284 step= 60 t= 9.21h]  lat=-40.918° lon= +53.327° alt=688.5km  →  International (-40.9°, +53.3°)  batt=100.0%
[ep= 284 step= 80 t=10.78h]  lat=-24.983° lon= +56.661° alt=683.3km  →  International (-25.0°, +56.7°)  batt=100.0%
[ep= 284 step=100 t=13.27h]  lat=+31.749° lon=-124.480° alt=690.3km  →  International (+31.7°, -124.5°)  batt=100.0%
[ep= 284 step=120 t=17.39h]  lat=-37.176° lon= +54.551° alt=687.1km  →  International (-37.2°, +54.6°)  batt=100.0%
[ep= 284 step=140 t=17.96h]  lat=-16.924° lon=-116.788° alt=687.8km  →  International (-16.9°, -116.8°)  batt=100.0%
[ep= 284 step=160 t=19.06h]  lat=-42.917° lon= +53.217° alt=689.1km  →  International (-42.9°, +53.2°)  batt=100.0%
[ep= 284 step=180 t=20.27h]  lat=+50.446° lon= +70.715° alt=690.5km  →  International (+50.4°, +70.7°)  batt= 99.9%
[ep= 284 step=200 t=21.22h]  lat=-21.690° lon=-115.892° alt=688.9km  →  International (-21.7°, -115.9°)  batt=100.0%
[ep= 284 step=220 t=25.60h]  lat=-38.258° lon= +54.647° alt=687.5km  →  International (-38.3°, +54.6°)  batt=100.0%
[ep= 284 step=240 t=29.69h]  lat=+36.291° lon=-124.743° alt=691.2km  →  International (+36.3°, -124.7°)  batt=100.0%
[ep= 284 step=260 t=30.34h]  lat= +1.329° lon= +61.442° alt=679.2km  →  International (+1.3°, +61.4°)   batt= 99.8%
[ep= 284 step=280 t=30.50h]  lat=-35.044° lon= +55.559° alt=686.4km  →  International (-35.0°, +55.6°)  batt=100.0%
[ep= 284 step=300 t=31.69h]  lat=+64.008° lon= +78.201° alt=695.1km  →  International (+64.0°, +78.2°)  batt= 99.9%
[ep= 284 step=320 t=34.14h]  lat=-66.013° lon=-100.025° alt=700.2km  →  International (-66.0°, -100.0°)  batt=100.0%
[ep= 284 step=340 t=38.25h]  lat=+62.732° lon= +77.525° alt=694.7km  →  International (+62.7°, +77.5°)  batt= 99.9%
[ep= 284 step=360 t=42.04h]  lat=-48.169° lon= +52.630° alt=691.0km  →  International (-48.2°, +52.6°)  batt=100.0%
[ep= 284 step=380 t=42.54h]  lat=-21.560° lon=-115.034° alt=689.2km  →  International (-21.6°, -115.0°)  batt=100.0%
[ep= 284 step=400 t=42.74h]  lat=+22.079° lon=-121.529° alt=688.5km  →  International (+22.1°, -121.5°)  batt=100.0%
[ep= 284 step=420 t=45.25h]  lat=-32.650° lon= +56.661° alt=685.2km  →  International (-32.6°, +56.7°)  batt=100.0%
[ep= 285 step= 20 t= 4.43h]  lat=-71.489° lon= +35.168° alt=698.7km  →  International (-71.5°, +35.2°)  batt=100.0%
[ep= 285 step= 40 t=10.47h]  lat=+42.247° lon= +67.824° alt=687.4km  →  International (+42.2°, +67.8°)  batt=100.0%
[ep= 285 step= 60 t=15.22h]  lat=+75.770° lon= +94.575° alt=698.2km  →  International (+75.8°, +94.6°)  batt=100.0%
[ep= 285 step= 80 t=17.39h]  lat=-37.254° lon= +54.538° alt=687.1km  →  International (-37.3°, +54.5°)  batt= 99.8%
[ep= 285 step=100 t=19.07h]  lat=-46.581° lon= +52.183° alt=690.5km  →  International (-46.6°, +52.2°)  batt= 99.8%
[ep= 285 step=120 t=20.57h]  lat=-16.170° lon= +58.498° alt=680.8km  →  International (-16.2°, +58.5°)  batt= 99.8%
[ep= 285 step=140 t=21.08h]  lat=-52.210° lon=-108.603° alt=696.9km  →  International (-52.2°, -108.6°)  batt=100.0%
[ep= 285 step=160 t=22.01h]  lat=+27.813° lon= +65.195° alt=682.9km  →  International (+27.8°, +65.2°)  batt=100.0%
[ep= 285 step=180 t=22.46h]  lat=-69.411° lon= +38.777° alt=698.2km  →  International (-69.4°, +38.8°)  batt= 99.8%
[ep= 285 step=200 t=22.69h]  lat=-58.936° lon=-105.462° alt=698.6km  →  International (-58.9°, -105.5°)  batt=100.0%
[ep= 285 step=220 t=22.88h]  lat=-17.636° lon=-116.473° alt=688.1km  →  International (-17.6°, -116.5°)  batt=100.0%
[ep= 285 step=240 t=23.06h]  lat=+22.375° lon=-122.389° alt=688.3km  →  International (+22.4°, -122.4°)  batt=100.0%
[ep= 285 step=260 t=23.91h]  lat=-28.976° lon= +56.490° alt=684.0km  →  International (-29.0°, +56.5°)  batt= 99.8%
[ep= 285 step=280 t=24.76h]  lat=+35.387° lon=-124.751° alt=691.3km  →  International (+35.4°, -124.8°)  batt=100.0%
[ep= 285 step=300 t=30.16h]  lat=+40.581° lon= +68.212° alt=686.7km  →  International (+40.6°, +68.2°)  batt=100.0%
[ep= 285 step=320 t=34.29h]  lat=-33.360° lon=-113.231° alt=692.2km  →  International (-33.4°, -113.2°)  batt=100.0%
[ep= 285 step=340 t=37.44h]  lat=-61.780° lon=-103.151° alt=699.8km  →  International (-61.8°, -103.2°)  batt=100.0%
[ep= 285 step=360 t=41.88h]  lat=-12.144° lon= +59.986° alt=679.8km  →  International (-12.1°, +60.0°)  batt= 99.9%
[ep= 285 step=380 t=42.09h]  lat=-58.974° lon= +48.125° alt=695.1km  →  International (-59.0°, +48.1°)  batt=100.0%
[ep= 285 step=400 t=43.59h]  lat=-27.036° lon= +57.658° alt=683.4km  →  International (-27.0°, +57.7°)  batt= 99.8%
[ep= 285 step=420 t=44.74h]  lat=+77.607° lon=+101.980° alt=698.2km  →  International (+77.6°, +102.0°)  batt=100.0%
[ep= 285 step=440 t=47.99h]  lat=+80.688° lon=+121.727° alt=698.9km  →  International (+80.7°, +121.7°)  batt=100.0%
[ep= 286 step= 20 t= 4.13h]  lat= -5.401° lon= +59.404° alt=679.9km  →  International (-5.4°, +59.4°)   batt=100.0%
[ep= 286 step= 40 t= 7.24h]  lat=+30.342° lon= +65.059° alt=684.1km  →  International (+30.3°, +65.1°)  batt=100.0%
[ep= 286 step= 60 t=10.70h]  lat= -8.550° lon= +59.225° alt=680.1km  →  International (-8.6°, +59.2°)   batt=100.0%
[ep= 286 step= 80 t=14.19h]  lat=-54.351° lon= +49.199° alt=693.9km  →  International (-54.4°, +49.2°)  batt= 99.1%
[ep= 286 step=100 t=15.75h]  lat=-36.764° lon= +54.579° alt=687.4km  →  International (-36.8°, +54.6°)  batt= 98.2%
[ep= 286 step=120 t=16.95h]  lat=+58.860° lon= +74.268° alt=693.8km  →  International (+58.9°, +74.3°)  batt= 97.6%
[ep= 286 step=140 t=19.18h]  lat=-68.614° lon= +39.584° alt=698.3km  →  International (-68.6°, +39.6°)  batt= 98.9%
[ep= 286 step=160 t=21.44h]  lat=+25.472° lon=-122.979° alt=688.9km  →  International (+25.5°, -123.0°)  batt= 97.7%
[ep= 286 step=180 t=24.13h]  lat=-74.375° lon= +30.579° alt=699.9km  →  International (-74.4°, +30.6°)  batt= 99.5%
[ep= 286 step=200 t=27.59h]  lat=-63.427° lon=-102.400° alt=699.8km  →  International (-63.4°, -102.4°)  batt= 98.9%
[ep= 286 step=220 t=33.30h]  lat=+70.082° lon= +84.396° alt=696.8km  →  International (+70.1°, +84.4°)  batt= 99.3%
[ep= 286 step=240 t=37.00h]  lat=-20.480° lon= +58.506° alt=682.2km  →  International (-20.5°, +58.5°)  batt= 99.1%
[ep= 286 step=260 t=38.65h]  lat=-22.623° lon= +58.222° alt=682.8km  →  International (-22.6°, +58.2°)  batt= 98.5%
[ep= 286 step=280 t=39.82h]  lat=+76.803° lon= +98.822° alt=698.4km  →  International (+76.8°, +98.8°)  batt= 97.9%
[ep= 286 step=300 t=41.90h]  lat=-16.006° lon= +59.411° alt=681.0km  →  International (-16.0°, +59.4°)  batt= 96.8%
[ep= 286 step=320 t=42.06h]  lat=-52.110° lon= +51.257° alt=692.8km  →  International (-52.1°, +51.3°)  batt= 96.7%
[ep= 286 step=340 t=43.63h]  lat=-36.294° lon= +55.840° alt=686.8km  →  International (-36.3°, +55.8°)  batt= 95.8%
[ep= 286 step=360 t=46.42h]  lat=+69.347° lon= +83.998° alt=696.5km  →  International (+69.3°, +84.0°)  batt= 94.4%
[ep= 287 step= 20 t= 5.40h]  lat=+72.906° lon= +87.665° alt=697.7km  →  International (+72.9°, +87.7°)  batt=100.0%
[ep= 287 step= 40 t=10.47h]  lat=+40.533° lon= +67.392° alt=687.5km  →  International (+40.5°, +67.4°)  batt= 99.9%
[ep= 287 step= 60 t=13.79h]  lat=+32.666° lon= +65.784° alt=685.0km  →  International (+32.7°, +65.8°)  batt= 99.9%
[ep= 287 step= 80 t=14.57h]  lat=-42.383° lon=-111.966° alt=694.0km  →  International (-42.4°, -112.0°)  batt=100.0%
[ep= 287 step=100 t=17.29h]  lat=-15.320° lon= +58.492° alt=681.3km  →  International (-15.3°, +58.5°)  batt= 99.7%
[ep= 287 step=120 t=17.46h]  lat=-51.437° lon= +50.486° alt=692.7km  →  International (-51.4°, +50.5°)  batt=100.0%
[ep= 287 step=140 t=20.89h]  lat=-80.827° lon=  -0.465° alt=701.3km  →  International (-80.8°, -0.5°)   batt=100.0%
[ep= 287 step=160 t=24.67h]  lat=+14.006° lon=-121.004° alt=687.1km  →  International (+14.0°, -121.0°)  batt=100.0%
[ep= 287 step=180 t=28.13h]  lat=+54.295° lon=-130.205° alt=696.0km  →  International (+54.3°, -130.2°)  batt=100.0%
[ep= 287 step=200 t=32.88h]  lat=+15.648° lon=-120.913° alt=687.5km  →  International (+15.6°, -120.9°)  batt=100.0%
[ep= 287 step=220 t=37.02h]  lat=-24.709° lon= +57.797° alt=683.3km  →  International (-24.7°, +57.8°)  batt=100.0%
[ep= 287 step=240 t=38.87h]  lat=-69.435° lon= +39.425° alt=698.8km  →  International (-69.4°, +39.4°)  batt=100.0%
[ep= 287 step=260 t=43.59h]  lat=-27.837° lon= +57.514° alt=684.0km  →  International (-27.8°, +57.5°)  batt=100.0%
[ep= 287 step=280 t=45.39h]  lat=-62.137° lon= +46.337° alt=696.4km  →  International (-62.1°, +46.3°)  batt=100.0%
[ep= 288 step= 20 t= 5.08h]  lat=+35.491° lon=-125.588° alt=691.1km  →  International (+35.5°, -125.6°)  batt= 99.5%
[ep= 288 step= 40 t=10.16h]  lat=+68.278° lon=-140.404° alt=698.8km  →  International (+68.3°, -140.4°)  batt= 98.4%
[ep= 288 step= 60 t=15.87h]  lat=-61.752° lon= +45.364° alt=696.2km  →  International (-61.8°, +45.4°)  batt= 95.5%
[ep= 288 step= 80 t=20.62h]  lat=-25.141° lon= +57.039° alt=683.3km  →  International (-25.1°, +57.0°)  batt= 93.0%
[ep= 288 step=100 t=25.37h]  lat=+12.132° lon= +62.790° alt=679.8km  →  International (+12.1°, +62.8°)  batt= 91.4%
[ep= 288 step=120 t=27.92h]  lat= +7.474° lon=-119.914° alt=686.6km  →  International (+7.5°, -119.9°)  batt= 95.1%
[ep= 288 step=140 t=28.50h]  lat=+44.082° lon= +69.062° alt=688.0km  →  International (+44.1°, +69.1°)  batt=100.0%
[ep= 288 step=160 t=29.33h]  lat=-41.164° lon=-111.674° alt=694.2km  →  International (-41.2°, -111.7°)  batt= 99.8%
[ep= 288 step=180 t=34.71h]  lat=+57.442° lon=-131.383° alt=696.7km  →  International (+57.4°, -131.4°)  batt= 97.0%
[ep= 288 step=200 t=37.02h]  lat=-26.638° lon= +57.453° alt=683.7km  →  International (-26.6°, +57.5°)  batt= 95.8%
[ep= 288 step=220 t=37.19h]  lat=-62.408° lon= +45.806° alt=696.5km  →  International (-62.4°, +45.8°)  batt= 95.7%
[ep= 288 step=240 t=38.68h]  lat=-30.596° lon= +56.789° alt=684.9km  →  International (-30.6°, +56.8°)  batt= 95.0%
[ep= 288 step=260 t=39.53h]  lat=+36.992° lon=-124.497° alt=691.6km  →  International (+37.0°, -124.5°)  batt= 94.5%
[ep= 288 step=280 t=41.91h]  lat=-18.558° lon= +59.001° alt=681.3km  →  International (-18.6°, +59.0°)  batt= 93.3%
[ep= 288 step=300 t=42.10h]  lat=-59.888° lon= +47.595° alt=695.5km  →  International (-59.9°, +47.6°)  batt= 93.2%
[ep= 288 step=320 t=44.04h]  lat=-52.518° lon=-107.540° alt=697.6km  →  International (-52.5°, -107.5°)  batt= 92.6%
[ep= 289 step= 20 t= 4.26h]  lat=-34.490° lon= +54.594° alt=686.6km  →  International (-34.5°, +54.6°)  batt= 99.8%
[ep= 289 step= 40 t= 7.41h]  lat= -6.072° lon= +59.442° alt=680.1km  →  International (-6.1°, +59.4°)   batt= 99.8%
[ep= 289 step= 60 t= 7.58h]  lat=-42.354° lon= +52.893° alt=689.3km  →  International (-42.4°, +52.9°)  batt= 99.8%
[ep= 289 step= 80 t=10.69h]  lat= -6.742° lon= +59.480° alt=680.0km  →  International (-6.7°, +59.5°)   batt= 99.9%
[ep= 289 step=100 t=10.88h]  lat=-46.604° lon= +51.831° alt=690.7km  →  International (-46.6°, +51.8°)  batt= 99.8%
[ep= 289 step=120 t=12.51h]  lat=-45.146° lon= +52.330° alt=690.1km  →  International (-45.1°, +52.3°)  batt= 99.8%
[ep= 289 step=140 t=16.94h]  lat=+60.587° lon= +75.243° alt=694.5km  →  International (+60.6°, +75.2°)  batt=100.0%
[ep= 289 step=160 t=18.77h]  lat=+20.764° lon= +63.848° alt=681.6km  →  International (+20.8°, +63.8°)  batt= 99.9%
[ep= 289 step=180 t=24.16h]  lat=-79.137° lon= +13.420° alt=700.8km  →  International (-79.1°, +13.4°)  batt=100.0%
[ep= 289 step=200 t=28.56h]  lat=+31.472° lon= +66.147° alt=684.3km  →  International (+31.5°, +66.1°)  batt= 99.9%
[ep= 289 step=220 t=30.64h]  lat=-64.582° lon= +43.922° alt=697.1km  →  International (-64.6°, +43.9°)  batt=100.0%
[ep= 289 step=240 t=33.74h]  lat=-25.954° lon= +57.433° alt=683.5km  →  International (-26.0°, +57.4°)  batt= 99.8%
[ep= 289 step=260 t=34.58h]  lat=+30.572° lon=-123.379° alt=690.0km  →  International (+30.6°, -123.4°)  batt=100.0%
[ep= 289 step=280 t=38.41h]  lat=+29.487° lon= +66.171° alt=683.5km  →  International (+29.5°, +66.2°)  batt= 99.9%
[ep= 289 step=300 t=42.22h]  lat=-81.150° lon=  -3.706° alt=701.3km  →  International (-81.2°, -3.7°)   batt=100.0%
[ep= 289 step=320 t=43.73h]  lat=-56.660° lon= +49.363° alt=694.2km  →  International (-56.7°, +49.4°)  batt= 99.7%
[ep= 289 step=340 t=46.54h]  lat=+44.088° lon= +69.799° alt=687.9km  →  International (+44.1°, +69.8°)  batt=100.0%
[ep= 290 step= 20 t= 3.43h]  lat=+33.358° lon=-125.209° alt=690.6km  →  International (+33.4°, -125.2°)  batt=100.0%
[ep= 290 step= 40 t= 5.66h]  lat=+17.931° lon= +62.861° alt=680.9km  →  International (+17.9°, +62.9°)  batt= 99.8%
[ep= 290 step= 60 t=10.41h]  lat=+54.764° lon= +71.999° alt=692.0km  →  International (+54.8°, +72.0°)  batt= 99.9%
[ep= 290 step= 80 t=13.87h]  lat=+16.214° lon= +62.935° alt=680.5km  →  International (+16.2°, +62.9°)  batt= 99.8%
[ep= 290 step=100 t=17.98h]  lat=-12.638° lon=-117.434° alt=687.0km  →  International (-12.6°, -117.4°)  batt=100.0%
[ep= 290 step=120 t=22.09h]  lat=+10.860° lon= +62.472° alt=679.6km  →  International (+10.9°, +62.5°)  batt= 99.8%
[ep= 290 step=140 t=25.62h]  lat=-44.318° lon= +53.113° alt=689.6km  →  International (-44.3°, +53.1°)  batt=100.0%
[ep= 290 step=160 t=29.43h]  lat=-21.156° lon=-115.641° alt=688.9km  →  International (-21.2°, -115.6°)  batt=100.0%
[ep= 290 step=180 t=29.54h]  lat= +4.306° lon=-119.389° alt=686.4km  →  International (+4.3°, -119.4°)  batt=100.0%
[ep= 290 step=200 t=30.01h]  lat=+72.115° lon= +87.279° alt=697.2km  →  International (+72.1°, +87.3°)  batt=100.0%
[ep= 290 step=220 t=30.17h]  lat=+37.013° lon= +67.379° alt=685.6km  →  International (+37.0°, +67.4°)  batt= 99.9%
[ep= 290 step=240 t=30.67h]  lat=-70.933° lon= +37.073° alt=698.7km  →  International (-70.9°, +37.1°)  batt=100.0%
[ep= 290 step=260 t=30.84h]  lat=-69.393° lon= -96.590° alt=700.8km  →  International (-69.4°, -96.6°)  batt=100.0%
[ep= 290 step=280 t=30.98h]  lat=-38.895° lon=-112.155° alt=693.4km  →  International (-38.9°, -112.2°)  batt=100.0%
[ep= 290 step=300 t=33.14h]  lat=+73.169° lon=-146.551° alt=699.3km  →  International (+73.2°, -146.6°)  batt=100.0%
[ep= 290 step=320 t=38.54h]  lat= +1.363° lon= +61.789° alt=678.8km  →  International (+1.4°, +61.8°)   batt= 99.8%
[ep= 290 step=340 t=41.39h]  lat=+80.995° lon=+178.372° alt=699.6km  →  International (+81.0°, +178.4°)  batt=100.0%
[ep= 290 step=360 t=46.47h]  lat=+59.251° lon= +75.698° alt=693.1km  →  International (+59.3°, +75.7°)  batt= 99.9%
[ep= 291 step= 20 t= 2.81h]  lat=-74.375° lon= +29.697° alt=699.5km  →  International (-74.4°, +29.7°)  batt=100.0%
[ep= 291 step= 40 t= 8.20h]  lat= -0.116° lon=-119.647° alt=686.1km  →  International (-0.1°, -119.6°)  batt=100.0%
[ep= 291 step= 60 t= 9.68h]  lat=-34.260° lon=-114.064° alt=691.8km  →  International (-34.3°, -114.1°)  batt=100.0%
[ep= 291 step= 80 t=10.84h]  lat=-39.500° lon= +53.738° alt=687.7km  →  International (-39.5°, +53.7°)  batt= 99.8%
[ep= 291 step=100 t=14.97h]  lat=+44.739° lon=-127.450° alt=693.6km  →  International (+44.7°, -127.5°)  batt=100.0%
[ep= 291 step=120 t=18.81h]  lat=+11.528° lon= +62.429° alt=679.8km  →  International (+11.5°, +62.4°)  batt= 99.9%
[ep= 291 step=140 t=23.23h]  lat=+58.849° lon=-132.599° alt=697.0km  →  International (+58.8°, -132.6°)  batt=100.0%
[ep= 291 step=160 t=26.03h]  lat=-45.251° lon=-110.717° alt=695.2km  →  International (-45.3°, -110.7°)  batt=100.0%
[ep= 291 step=180 t=30.16h]  lat=+39.986° lon= +68.061° alt=686.6km  →  International (+40.0°, +68.1°)  batt=100.0%
[ep= 291 step=200 t=34.24h]  lat=-43.562° lon=-110.849° alt=694.9km  →  International (-43.6°, -110.8°)  batt=100.0%
[ep= 291 step=220 t=35.08h]  lat=+38.955° lon= +68.017° alt=685.9km  →  International (+39.0°, +68.0°)  batt=100.0%
[ep= 291 step=240 t=38.55h]  lat= -1.725° lon= +61.341° alt=678.7km  →  International (-1.7°, +61.3°)   batt= 99.9%
[ep= 291 step=260 t=41.35h]  lat=+74.161° lon=-148.245° alt=699.3km  →  International (+74.2°, -148.2°)  batt=100.0%
[ep= 291 step=280 t=43.50h]  lat= -8.223° lon= +60.616° alt=679.3km  →  International (-8.2°, +60.6°)   batt= 99.9%
[ep= 291 step=300 t=43.67h]  lat=-44.481° lon= +53.799° alt=689.6km  →  International (-44.5°, +53.8°)  batt= 99.8%
[ep= 291 step=320 t=46.78h]  lat= -8.918° lon= +60.649° alt=679.2km  →  International (-8.9°, +60.6°)   batt= 99.9%
[ep= 292 step= 20 t= 4.11h]  lat= -1.762° lon= +59.922° alt=679.9km  →  International (-1.8°, +59.9°)   batt= 99.8%
[ep= 292 step= 40 t= 4.28h]  lat=-39.900° lon= +53.379° alt=688.5km  →  International (-39.9°, +53.4°)  batt= 99.7%
[ep= 292 step= 60 t= 5.92h]  lat=-40.226° lon= +53.366° alt=688.6km  →  International (-40.2°, +53.4°)  batt= 99.7%
[ep= 292 step= 80 t= 7.43h]  lat=-11.540° lon= +58.651° alt=680.7km  →  International (-11.5°, +58.7°)  batt= 99.8%
[ep= 292 step=100 t=10.88h]  lat=-46.607° lon= +51.833° alt=690.7km  →  International (-46.6°, +51.8°)  batt= 99.7%
[ep= 292 step=120 t=13.14h]  lat= +4.480° lon=-120.092° alt=686.2km  →  International (+4.5°, -120.1°)  batt=100.0%
[ep= 292 step=140 t=17.23h]  lat= -2.595° lon= +60.344° alt=679.5km  →  International (-2.6°, +60.3°)   batt= 99.8%
[ep= 292 step=160 t=20.70h]  lat=-43.191° lon= +53.214° alt=689.3km  →  International (-43.2°, +53.2°)  batt= 99.7%
[ep= 292 step=180 t=25.78h]  lat=-76.704° lon= +24.254° alt=700.2km  →  International (-76.7°, +24.3°)  batt=100.0%
[ep= 292 step=200 t=28.92h]  lat=-46.621° lon= +52.579° alt=690.8km  →  International (-46.6°, +52.6°)  batt= 99.7%
[ep= 292 step=220 t=30.40h]  lat=-12.558° lon= +59.450° alt=680.6km  →  International (-12.6°, +59.5°)  batt= 99.8%
[ep= 292 step=240 t=30.57h]  lat=-48.735° lon= +51.976° alt=691.6km  →  International (-48.7°, +52.0°)  batt=100.0%
[ep= 292 step=260 t=32.04h]  lat=-12.892° lon= +59.468° alt=680.6km  →  International (-12.9°, +59.5°)  batt= 99.8%
[ep= 292 step=280 t=32.21h]  lat=-49.063° lon= +51.934° alt=691.6km  →  International (-49.1°, +51.9°)  batt=100.0%
[ep= 292 step=300 t=35.35h]  lat=-19.027° lon= +58.662° alt=681.5km  →  International (-19.0°, +58.7°)  batt= 99.7%
[ep= 292 step=320 t=37.02h]  lat=-24.814° lon= +57.777° alt=683.0km  →  International (-24.8°, +57.8°)  batt= 99.8%
[ep= 292 step=340 t=39.02h]  lat=-74.011° lon= -88.779° alt=701.5km  →  International (-74.0°, -88.8°)  batt=100.0%
[ep= 292 step=360 t=42.48h]  lat=-36.762° lon=-112.172° alt=692.9km  →  International (-36.8°, -112.2°)  batt=100.0%
[ep= 292 step=380 t=42.67h]  lat= +4.984° lon=-118.945° alt=686.6km  →  International (+5.0°, -118.9°)  batt=100.0%
[ep= 292 step=400 t=44.15h]  lat=-29.206° lon=-113.633° alt=690.9km  →  International (-29.2°, -113.6°)  batt=100.0%
[ep= 292 step=420 t=44.32h]  lat= +7.139° lon=-119.184° alt=686.7km  →  International (+7.1°, -119.2°)  batt=100.0%
[ep= 293 step= 20 t= 4.24h]  lat=-30.878° lon= +55.318° alt=685.4km  →  International (-30.9°, +55.3°)  batt=100.0%
[ep= 293 step= 40 t= 5.85h]  lat=-23.959° lon= +56.633° alt=683.3km  →  International (-24.0°, +56.6°)  batt=100.0%
[ep= 293 step= 60 t= 6.03h]  lat=-61.580° lon= +45.073° alt=696.1km  →  International (-61.6°, +45.1°)  batt=100.0%
[ep= 293 step= 80 t= 9.08h]  lat=-13.724° lon= +58.392° alt=680.8km  →  International (-13.7°, +58.4°)  batt=100.0%
[ep= 293 step=100 t= 9.27h]  lat=-53.437° lon= +49.369° alt=693.1km  →  International (-53.4°, +49.4°)  batt=100.0%
[ep= 293 step=120 t=13.82h]  lat=+25.350° lon= +64.416° alt=682.8km  →  International (+25.3°, +64.4°)  batt= 99.8%
[ep= 293 step=140 t=17.94h]  lat=-21.771° lon=-116.018° alt=688.7km  →  International (-21.8°, -116.0°)  batt=100.0%
[ep= 293 step=160 t=18.00h]  lat= -8.444° lon=-118.054° alt=686.6km  →  International (-8.4°, -118.1°)  batt=100.0%
[ep= 293 step=180 t=19.48h]  lat=-43.102° lon=-111.578° alt=694.3km  →  International (-43.1°, -111.6°)  batt=100.0%
[ep= 293 step=200 t=20.01h]  lat=+69.585° lon=-141.551° alt=699.0km  →  International (+69.6°, -141.6°)  batt=100.0%
[ep= 293 step=220 t=22.81h]  lat=-34.028° lon=-113.573° alt=692.0km  →  International (-34.0°, -113.6°)  batt=100.0%
[ep= 293 step=240 t=24.95h]  lat=+73.744° lon=-148.034° alt=699.6km  →  International (+73.7°, -148.0°)  batt=100.0%
[ep= 293 step=260 t=28.99h]  lat=-62.034° lon= +45.722° alt=696.3km  →  International (-62.0°, +45.7°)  batt=100.0%
[ep= 293 step=280 t=35.33h]  lat=-14.878° lon= +59.298° alt=680.5km  →  International (-14.9°, +59.3°)  batt=100.0%
[ep= 293 step=300 t=40.09h]  lat=+20.581° lon= +64.698° alt=681.1km  →  International (+20.6°, +64.7°)  batt= 99.8%
[ep= 293 step=320 t=45.47h]  lat=-77.997° lon= +20.085° alt=700.6km  →  International (-78.0°, +20.1°)  batt=100.0%
[ep= 294 step= 20 t= 3.99h]  lat=+23.720° lon= +63.732° alt=682.2km  →  International (+23.7°, +63.7°)  batt= 99.9%
[ep= 294 step= 40 t= 8.42h]  lat=+46.966° lon=-128.380° alt=694.1km  →  International (+47.0°, -128.4°)  batt=100.0%
[ep= 294 step= 60 t=10.57h]  lat=+20.519° lon= +63.475° alt=681.0km  →  International (+20.5°, +63.5°)  batt= 99.9%
[ep= 294 step= 80 t=15.63h]  lat=-11.499° lon= +58.996° alt=680.1km  →  International (-11.5°, +59.0°)  batt= 99.8%
[ep= 294 step=100 t=17.34h]  lat=-26.391° lon= +56.688° alt=683.6km  →  International (-26.4°, +56.7°)  batt= 99.8%
[ep= 294 step=120 t=19.16h]  lat=-64.232° lon= +43.730° alt=696.8km  →  International (-64.2°, +43.7°)  batt=100.0%
[ep= 294 step=140 t=20.63h]  lat=-28.890° lon= +56.370° alt=684.2km  →  International (-28.9°, +56.4°)  batt= 99.7%
[ep= 294 step=160 t=20.82h]  lat=-69.651° lon= +38.408° alt=698.3km  →  International (-69.7°, +38.4°)  batt=100.0%
[ep= 294 step=180 t=25.57h]  lat=-31.739° lon= +56.031° alt=684.9km  →  International (-31.7°, +56.0°)  batt= 99.8%
[ep= 294 step=200 t=29.99h]  lat=+74.718° lon= +92.458° alt=697.8km  →  International (+74.7°, +92.5°)  batt=100.0%
[ep= 294 step=220 t=34.12h]  lat=-69.823° lon= -95.915° alt=701.0km  →  International (-69.8°, -95.9°)  batt=100.0%
[ep= 294 step=240 t=37.90h]  lat=+38.710° lon=-124.951° alt=692.3km  →  International (+38.7°, -125.0°)  batt=100.0%
[ep= 294 step=260 t=41.90h]  lat=-17.002° lon= +59.250° alt=680.8km  →  International (-17.0°, +59.3°)  batt= 99.8%
[ep= 294 step=280 t=42.08h]  lat=-54.860° lon= +50.132° alt=693.6km  →  International (-54.9°, +50.1°)  batt=100.0%
[ep= 294 step=300 t=45.17h]  lat=-14.051° lon= +59.835° alt=680.1km  →  International (-14.1°, +59.8°)  batt= 99.8%
[ep= 294 step=320 t=45.33h]  lat=-50.203° lon= +52.084° alt=691.7km  →  International (-50.2°, +52.1°)  batt=100.0%
[ep= 295 step= 20 t= 4.14h]  lat= -9.063° lon= +58.879° alt=680.4km  →  International (-9.1°, +58.9°)   batt= 98.6%
[ep= 295 step= 40 t= 4.34h]  lat=-52.443° lon= +49.567° alt=693.0km  →  International (-52.4°, +49.6°)  batt= 98.7%
[ep= 295 step= 60 t= 5.84h]  lat=-22.141° lon= +56.940° alt=682.8km  →  International (-22.1°, +56.9°)  batt= 98.7%
[ep= 295 step= 80 t= 6.36h]  lat=-43.970° lon=-111.880° alt=694.1km  →  International (-44.0°, -111.9°)  batt= 98.5%
[ep= 295 step=100 t= 7.44h]  lat=-13.381° lon= +58.379° alt=680.9km  →  International (-13.4°, +58.4°)  batt= 97.9%
[ep= 295 step=120 t= 7.61h]  lat=-49.540° lon= +50.755° alt=691.8km  →  International (-49.5°, +50.8°)  batt= 98.1%
[ep= 295 step=140 t= 9.10h]  lat=-17.362° lon= +57.840° alt=681.5km  →  International (-17.4°, +57.8°)  batt= 97.7%
[ep= 295 step=160 t= 9.28h]  lat=-55.206° lon= +48.621° alt=693.8km  →  International (-55.2°, +48.6°)  batt= 97.7%
[ep= 295 step=180 t=10.80h]  lat=-30.417° lon= +55.679° alt=684.9km  →  International (-30.4°, +55.7°)  batt= 97.3%
[ep= 295 step=200 t=12.62h]  lat=-68.018° lon= +39.986° alt=698.0km  →  International (-68.0°, +40.0°)  batt=100.0%
[ep= 295 step=220 t=16.07h]  lat=-71.678° lon= -94.014° alt=700.8km  →  International (-71.7°, -94.0°)  batt= 99.9%
[ep= 295 step=240 t=17.96h]  lat=-18.750° lon=-116.499° alt=688.1km  →  International (-18.8°, -116.5°)  batt= 99.8%
[ep= 295 step=260 t=20.75h]  lat=-53.962° lon= +49.633° alt=693.3km  →  International (-54.0°, +49.6°)  batt= 99.5%
[ep= 295 step=280 t=25.82h]  lat=-81.810° lon= -18.623° alt=701.5km  →  International (-81.8°, -18.6°)  batt= 99.2%
[ep= 295 step=300 t=31.92h]  lat=+14.377° lon= +63.407° alt=680.2km  →  International (+14.4°, +63.4°)  batt= 97.2%
[ep= 295 step=320 t=32.08h]  lat=-22.071° lon= +58.040° alt=682.4km  →  International (-22.1°, +58.0°)  batt= 97.1%
[ep= 295 step=340 t=33.56h]  lat=+14.036° lon= +63.424° alt=680.1km  →  International (+14.0°, +63.4°)  batt= 96.5%
[ep= 295 step=360 t=33.83h]  lat=-44.108° lon= +53.513° alt=689.5km  →  International (-44.1°, +53.5°)  batt= 96.6%
[ep= 295 step=380 t=35.41h]  lat=-31.823° lon= +56.428° alt=685.1km  →  International (-31.8°, +56.4°)  batt= 96.2%
[ep= 295 step=400 t=38.68h]  lat=-30.671° lon= +56.790° alt=684.7km  →  International (-30.7°, +56.8°)  batt= 98.7%
[ep= 295 step=420 t=41.83h]  lat= -2.228° lon= +61.421° alt=678.9km  →  International (-2.2°, +61.4°)   batt=100.0%
[ep= 295 step=440 t=45.62h]  lat=-64.380° lon=-100.924° alt=700.2km  →  International (-64.4°, -100.9°)  batt= 99.8%
[ep= 296 step= 20 t= 4.13h]  lat= -5.410° lon= +59.402° alt=679.8km  →  International (-5.4°, +59.4°)   batt=100.0%
[ep= 296 step= 40 t= 4.94h]  lat= +4.628° lon=-120.452° alt=686.1km  →  International (+4.6°, -120.5°)  batt= 99.6%
[ep= 296 step= 60 t= 6.44h]  lat=-25.946° lon=-115.779° alt=689.7km  →  International (-25.9°, -115.8°)  batt= 99.8%
[ep= 296 step= 80 t= 9.57h]  lat=-59.319° lon=-105.791° alt=698.7km  →  International (-59.3°, -105.8°)  batt= 99.6%
[ep= 296 step=100 t=13.68h]  lat=+57.727° lon= +73.530° alt=693.4km  →  International (+57.7°, +73.5°)  batt= 98.5%
[ep= 296 step=120 t=15.81h]  lat=-49.347° lon= +51.155° alt=692.0km  →  International (-49.3°, +51.2°)  batt= 97.4%
[ep= 296 step=140 t=20.57h]  lat=-16.003° lon= +58.520° alt=681.1km  →  International (-16.0°, +58.5°)  batt= 94.9%
[ep= 296 step=160 t=23.77h]  lat= +3.405° lon= +61.462° alt=679.4km  →  International (+3.4°, +61.5°)   batt= 93.3%
[ep= 296 step=180 t=29.80h]  lat=+59.923° lon=-132.934° alt=697.3km  →  International (+59.9°, -132.9°)  batt= 90.3%
[ep= 296 step=200 t=34.24h]  lat=-43.850° lon=-110.767° alt=695.0km  →  International (-43.9°, -110.8°)  batt= 97.9%
[ep= 296 step=220 t=39.62h]  lat=+56.554° lon=-130.753° alt=696.5km  →  International (+56.6°, -130.8°)  batt= 95.1%
[ep= 296 step=240 t=44.08h]  lat=-45.487° lon=-109.898° alt=695.6km  →  International (-45.5°, -109.9°)  batt= 93.5%
[ep= 296 step=260 t=47.94h]  lat=+79.165° lon=-165.760° alt=699.9km  →  International (+79.2°, -165.8°)  batt= 91.8%
[ep= 297 step= 20 t= 5.40h]  lat=+72.884° lon= +87.619° alt=697.9km  →  International (+72.9°, +87.6°)  batt= 97.2%
[ep= 297 step= 40 t= 9.18h]  lat=-33.703° lon= +54.955° alt=685.8km  →  International (-33.7°, +55.0°)  batt= 95.3%
[ep= 297 step= 60 t=11.93h]  lat=+79.087° lon=+107.770° alt=699.3km  →  International (+79.1°, +107.8°)  batt= 93.8%
[ep= 297 step= 80 t=14.71h]  lat=-11.545° lon=-117.738° alt=687.2km  →  International (-11.5°, -117.7°)  batt= 92.4%
[ep= 297 step=100 t=17.18h]  lat= +8.298° lon= +61.890° alt=679.2km  →  International (+8.3°, +61.9°)   batt= 94.0%
[ep= 297 step=120 t=18.70h]  lat=+35.219° lon= +66.508° alt=685.1km  →  International (+35.2°, +66.5°)  batt= 97.4%
[ep= 297 step=140 t=23.23h]  lat=+56.987° lon=-131.634° alt=696.8km  →  International (+57.0°, -131.6°)  batt= 99.5%
[ep= 297 step=160 t=27.29h]  lat=-49.928° lon= +51.427° alt=691.7km  →  International (-49.9°, +51.4°)  batt= 97.3%
[ep= 297 step=180 t=28.77h]  lat=-15.932° lon= +58.866° alt=680.7km  →  International (-15.9°, +58.9°)  batt= 96.5%
[ep= 297 step=200 t=28.94h]  lat=-52.041° lon= +50.726° alt=692.4km  →  International (-52.0°, +50.7°)  batt= 96.4%
[ep= 297 step=220 t=32.38h]  lat=-81.112° lon=  -3.608° alt=701.2km  →  International (-81.1°, -3.6°)   batt= 94.6%
[ep= 297 step=240 t=37.14h]  lat=-51.898° lon= +51.120° alt=692.2km  →  International (-51.9°, +51.1°)  batt= 92.6%
[ep= 297 step=260 t=38.41h]  lat=+28.813° lon= +66.050° alt=682.9km  →  International (+28.8°, +66.0°)  batt= 91.9%
[ep= 297 step=280 t=39.26h]  lat=-22.871° lon=-114.958° alt=689.6km  →  International (-22.9°, -115.0°)  batt= 94.2%
[ep= 297 step=300 t=39.39h]  lat= +6.828° lon=-119.351° alt=686.9km  →  International (+6.8°, -119.4°)  batt= 94.2%
[ep= 297 step=320 t=41.88h]  lat=-12.555° lon= +59.915° alt=679.6km  →  International (-12.6°, +59.9°)  batt= 99.8%
[ep= 297 step=340 t=47.26h]  lat=-64.659° lon=-100.651° alt=700.4km  →  International (-64.7°, -100.7°)  batt= 98.9%
[ep= 298 step= 20 t= 4.21h]  lat=-23.626° lon= +56.622° alt=683.2km  →  International (-23.6°, +56.6°)  batt= 99.9%
[ep= 298 step= 40 t= 5.68h]  lat=+12.475° lon= +62.031° alt=680.4km  →  International (+12.5°, +62.0°)  batt=100.0%
[ep= 298 step= 60 t= 7.48h]  lat=-22.486° lon= +56.946° alt=682.8km  →  International (-22.5°, +56.9°)  batt=100.0%
[ep= 298 step= 80 t= 7.66h]  lat=-60.165° lon= +46.013° alt=695.5km  →  International (-60.2°, +46.0°)  batt=100.0%
[ep= 298 step=100 t=11.13h]  lat=-74.139° lon= -89.634° alt=701.1km  →  International (-74.1°, -89.6°)  batt=100.0%
[ep= 298 step=120 t=15.57h]  lat= +1.334° lon= +60.829° alt=679.3km  →  International (+1.3°, +60.8°)   batt=100.0%
[ep= 298 step=140 t=17.81h]  lat=-50.577° lon=-109.344° alt=696.4km  →  International (-50.6°, -109.3°)  batt=100.0%
[ep= 298 step=160 t=17.99h]  lat=-10.859° lon=-117.703° alt=686.9km  →  International (-10.9°, -117.7°)  batt=100.0%
[ep= 298 step=180 t=19.51h]  lat=-37.096° lon=-113.046° alt=692.7km  →  International (-37.1°, -113.0°)  batt=100.0%
[ep= 298 step=200 t=19.63h]  lat=-11.123° lon=-117.596° alt=687.0km  →  International (-11.1°, -117.6°)  batt=100.0%
[ep= 298 step=220 t=21.78h]  lat=+76.680° lon= +97.649° alt=698.3km  →  International (+76.7°, +97.6°)  batt=100.0%
[ep= 298 step=240 t=25.58h]  lat=-34.655° lon= +55.435° alt=686.3km  →  International (-34.7°, +55.4°)  batt=100.0%
[ep= 298 step=260 t=29.02h]  lat=-68.900° lon= +39.657° alt=698.3km  →  International (-68.9°, +39.7°)  batt=100.0%
[ep= 298 step=280 t=30.29h]  lat=+12.260° lon= +63.011° alt=679.9km  →  International (+12.3°, +63.0°)  batt=100.0%
[ep= 298 step=300 t=30.46h]  lat=-25.998° lon= +57.292° alt=683.5km  →  International (-26.0°, +57.3°)  batt=100.0%
[ep= 298 step=320 t=30.64h]  lat=-65.255° lon= +43.360° alt=697.2km  →  International (-65.3°, +43.4°)  batt=100.0%
[ep= 298 step=340 t=33.74h]  lat=-26.680° lon= +57.306° alt=683.5km  →  International (-26.7°, +57.3°)  batt=100.0%
[ep= 298 step=360 t=35.88h]  lat=-44.534° lon=-110.513° alt=695.1km  →  International (-44.5°, -110.5°)  batt=100.0%
[ep= 298 step=380 t=39.04h]  lat=-70.128° lon= -95.326° alt=700.9km  →  International (-70.1°, -95.3°)  batt=100.0%
[ep= 298 step=400 t=42.20h]  lat=-79.625° lon= +11.031° alt=700.9km  →  International (-79.6°, +11.0°)  batt=100.0%
[ep= 298 step=420 t=45.67h]  lat=-55.017° lon=-106.439° alt=698.2km  →  International (-55.0°, -106.4°)  batt=100.0%
[ep= 298 step=440 t=45.84h]  lat=-19.049° lon=-115.310° alt=688.9km  →  International (-19.0°, -115.3°)  batt=100.0%
[ep= 298 step=460 t=47.36h]  lat=-43.996° lon=-110.191° alt=695.2km  →  International (-44.0°, -110.2°)  batt=100.0%
[ep= 299 step= 20 t= 2.62h]  lat=-35.973° lon= +54.206° alt=687.0km  →  International (-36.0°, +54.2°)  batt=100.0%
[ep= 299 step= 40 t= 4.13h]  lat= -5.422° lon= +59.399° alt=679.9km  →  International (-5.4°, +59.4°)   batt=100.0%
[ep= 299 step= 60 t= 4.29h]  lat=-41.715° lon= +52.920° alt=689.0km  →  International (-41.7°, +52.9°)  batt=100.0%
[ep= 299 step= 80 t= 5.79h]  lat=-11.230° lon= +58.625° alt=680.4km  →  International (-11.2°, +58.6°)  batt=100.0%
[ep= 299 step=100 t= 5.96h]  lat=-47.432° lon= +51.370° alt=691.0km  →  International (-47.4°, +51.4°)  batt=100.0%
[ep= 299 step=120 t= 8.75h]  lat=+58.638° lon= +73.803° alt=693.6km  →  International (+58.6°, +73.8°)  batt= 99.9%
[ep= 299 step=140 t= 9.92h]  lat=+16.582° lon=-122.011° alt=687.3km  →  International (+16.6°, -122.0°)  batt=100.0%
[ep= 299 step=160 t=15.00h]  lat=+51.826° lon=-129.766° alt=695.5km  →  International (+51.8°, -129.8°)  batt=100.0%
[ep= 299 step=180 t=16.27h]  lat=-29.342° lon=-114.764° alt=690.5km  →  International (-29.3°, -114.8°)  batt=100.0%
[ep= 299 step=200 t=16.73h]  lat=+70.636° lon=-143.090° alt=699.2km  →  International (+70.6°, -143.1°)  batt=100.0%
[ep= 299 step=220 t=16.90h]  lat=+69.675° lon= +83.186° alt=696.8km  →  International (+69.7°, +83.2°)  batt= 99.9%
[ep= 299 step=240 t=17.10h]  lat=+27.089° lon= +64.858° alt=682.8km  →  International (+27.1°, +64.9°)  batt= 99.8%
[ep= 299 step=260 t=17.61h]  lat=-80.219° lon=  +5.434° alt=700.9km  →  International (-80.2°, +5.4°)   batt=100.0%
[ep= 299 step=280 t=17.77h]  lat=-58.237° lon=-106.038° alt=698.4km  →  International (-58.2°, -106.0°)  batt=100.0%
[ep= 299 step=300 t=17.90h]  lat=-30.208° lon=-114.531° alt=690.8km  →  International (-30.2°, -114.5°)  batt=100.0%
[ep= 299 step=320 t=20.01h]  lat=+69.599° lon=-141.572° alt=699.0km  →  International (+69.6°, -141.6°)  batt=100.0%
[ep= 299 step=340 t=24.11h]  lat=-71.302° lon= +36.251° alt=699.0km  →  International (-71.3°, +36.3°)  batt=100.0%
[ep= 299 step=360 t=28.65h]  lat=+11.990° lon= +62.903° alt=679.8km  →  International (+12.0°, +62.9°)  batt= 99.8%
[ep= 299 step=380 t=28.82h]  lat=-26.267° lon= +57.176° alt=683.5km  →  International (-26.3°, +57.2°)  batt=100.0%
[ep= 299 step=400 t=29.01h]  lat=-65.509° lon= +43.071° alt=697.2km  →  International (-65.5°, +43.1°)  batt=100.0%
[ep= 299 step=420 t=30.50h]  lat=-33.852° lon= +55.801° alt=685.8km  →  International (-33.9°, +55.8°)  batt=100.0%
[ep= 299 step=440 t=32.12h]  lat=-30.574° lon= +56.519° alt=684.6km  →  International (-30.6°, +56.5°)  batt=100.0%
[ep= 299 step=460 t=33.81h]  lat=-39.947° lon= +54.577° alt=687.9km  →  International (-39.9°, +54.6°)  batt=100.0%
[ep= 299 step=480 t=36.92h]  lat= -4.289° lon= +60.910° alt=679.0km  →  International (-4.3°, +60.9°)   batt=100.0%
[ep= 299 step=500 t=40.71h]  lat=-62.433° lon=-102.577° alt=699.7km  →  International (-62.4°, -102.6°)  batt=100.0%
[ep= 299 step=520 t=45.79h]  lat=-29.317° lon=-113.554° alt=691.2km  →  International (-29.3°, -113.6°)  batt=100.0%
[ep= 300 step= 20 t= 3.45h]  lat=+36.958° lon=-125.971° alt=691.3km  →  International (+37.0°, -126.0°)  batt= 99.8%
[ep= 300 step= 40 t= 6.67h]  lat=+23.148° lon=-123.193° alt=688.0km  →  International (+23.1°, -123.2°)  batt= 99.8%
[ep= 300 step= 60 t= 7.41h]  lat= -6.080° lon= +59.444° alt=680.1km  →  International (-6.1°, +59.4°)   batt=100.0%
[ep= 300 step= 80 t= 7.58h]  lat=-42.362° lon= +52.893° alt=689.3km  →  International (-42.4°, +52.9°)  batt=100.0%
[ep= 300 step=100 t= 9.06h]  lat= -8.239° lon= +59.201° alt=680.2km  →  International (-8.2°, +59.2°)   batt=100.0%
[ep= 300 step=120 t= 9.22h]  lat=-44.491° lon= +52.384° alt=690.0km  →  International (-44.5°, +52.4°)  batt= 99.9%
[ep= 300 step=140 t=12.47h]  lat=-36.159° lon= +54.577° alt=686.9km  →  International (-36.2°, +54.6°)  batt=100.0%
[ep= 300 step=160 t=16.43h]  lat= +5.149° lon=-120.050° alt=686.2km  →  International (+5.1°, -120.1°)  batt= 99.8%
[ep= 300 step=180 t=19.55h]  lat=-28.716° lon=-114.738° alt=690.3km  →  International (-28.7°, -114.7°)  batt= 99.8%
[ep= 300 step=200 t=19.72h]  lat= +7.636° lon=-120.270° alt=686.4km  →  International (+7.6°, -120.3°)  batt= 99.7%
[ep= 300 step=220 t=21.87h]  lat=+59.599° lon= +74.878° alt=693.7km  →  International (+59.6°, +74.9°)  batt= 99.9%
[ep= 300 step=240 t=25.61h]  lat=-40.610° lon= +54.090° alt=688.4km  →  International (-40.6°, +54.1°)  batt= 99.4%
[ep= 300 step=260 t=28.95h]  lat=-53.779° lon= +50.055° alt=693.5km  →  International (-53.8°, +50.1°)  batt=100.0%
[ep= 300 step=280 t=32.40h]  lat=-81.772° lon= -40.250° alt=701.6km  →  International (-81.8°, -40.2°)  batt=100.0%
[ep= 300 step=300 t=35.45h]  lat=-40.797° lon= +54.450° alt=688.3km  →  International (-40.8°, +54.5°)  batt=100.0%
[ep= 300 step=320 t=38.67h]  lat=-28.804° lon= +57.141° alt=684.2km  →  International (-28.8°, +57.1°)  batt= 99.4%
[ep= 300 step=340 t=42.13h]  lat=-66.815° lon= +42.438° alt=697.6km  →  International (-66.8°, +42.4°)  batt=100.0%
[ep= 300 step=360 t=42.63h]  lat= -2.255° lon=-117.912° alt=686.6km  →  International (-2.3°, -117.9°)  batt= 99.9%
[ep= 300 step=380 t=45.42h]  lat=-69.133° lon= +40.071° alt=698.4km  →  International (-69.1°, +40.1°)  batt= 99.9%
[ep= 301 step= 20 t= 4.25h]  lat=-32.680° lon= +54.966° alt=686.0km  →  International (-32.7°, +55.0°)  batt=100.0%
[ep= 301 step= 40 t= 6.72h]  lat=+35.811° lon=-125.585° alt=690.9km  →  International (+35.8°, -125.6°)  batt= 99.8%
[ep= 301 step= 60 t= 7.55h]  lat=-36.954° lon= +54.197° alt=687.4km  →  International (-37.0°, +54.2°)  batt= 99.8%
[ep= 301 step= 80 t= 8.73h]  lat=+62.165° lon= +75.925° alt=695.0km  →  International (+62.2°, +75.9°)  batt=100.0%
[ep= 301 step=100 t=10.93h]  lat=-59.039° lon= +46.796° alt=695.1km  →  International (-59.0°, +46.8°)  batt=100.0%
[ep= 301 step=120 t=14.07h]  lat=-27.429° lon= +56.369° alt=684.1km  →  International (-27.4°, +56.4°)  batt=100.0%
[ep= 301 step=140 t=18.82h]  lat= +9.828° lon= +62.185° alt=679.8km  →  International (+9.8°, +62.2°)   batt=100.0%
[ep= 301 step=160 t=22.29h]  lat=-32.716° lon= +55.703° alt=685.5km  →  International (-32.7°, +55.7°)  batt=100.0%
[ep= 301 step=180 t=27.94h]  lat=+12.930° lon=-120.703° alt=686.8km  →  International (+12.9°, -120.7°)  batt= 99.8%
[ep= 301 step=200 t=30.45h]  lat=-23.487° lon= +57.735° alt=682.9km  →  International (-23.5°, +57.7°)  batt= 99.9%
[ep= 301 step=220 t=30.62h]  lat=-59.379° lon= +47.426° alt=695.4km  →  International (-59.4°, +47.4°)  batt= 99.9%
[ep= 301 step=240 t=31.99h]  lat= -1.966° lon= +61.048° alt=679.4km  →  International (-2.0°, +61.0°)   batt=100.0%
[ep= 301 step=260 t=32.16h]  lat=-38.304° lon= +54.910° alt=687.6km  →  International (-38.3°, +54.9°)  batt=100.0%
[ep= 301 step=280 t=34.30h]  lat=-31.168° lon=-113.663° alt=691.1km  →  International (-31.2°, -113.7°)  batt= 99.9%
[ep= 301 step=300 t=38.73h]  lat=-39.629° lon= +54.873° alt=687.9km  →  International (-39.6°, +54.9°)  batt=100.0%
[ep= 301 step=320 t=40.58h]  lat=-81.019° lon=  -1.933° alt=701.2km  →  International (-81.0°, -1.9°)   batt=100.0%
[ep= 301 step=340 t=43.39h]  lat=+15.757° lon= +64.088° alt=680.1km  →  International (+15.8°, +64.1°)  batt=100.0%
[ep= 301 step=360 t=46.52h]  lat=+47.650° lon= +70.866° alt=689.1km  →  International (+47.6°, +70.9°)  batt=100.0%
[ep= 302 step= 20 t= 3.59h]  lat=+67.036° lon=-139.373° alt=698.7km  →  International (+67.0°, -139.4°)  batt=100.0%
[ep= 302 step= 40 t= 5.85h]  lat=-23.949° lon= +56.636° alt=683.4km  →  International (-23.9°, +56.6°)  batt= 99.7%
[ep= 302 step= 60 t= 6.03h]  lat=-63.306° lon= +43.888° alt=696.7km  →  International (-63.3°, +43.9°)  batt=100.0%
[ep= 302 step= 80 t= 7.97h]  lat=-49.014° lon=-110.286° alt=695.6km  →  International (-49.0°, -110.3°)  batt=100.0%
[ep= 302 step=100 t= 8.98h]  lat= +9.994° lon= +61.802° alt=680.1km  →  International (+10.0°, +61.8°)  batt= 99.9%
[ep= 302 step=120 t= 9.17h]  lat=-33.078° lon= +55.085° alt=685.9km  →  International (-33.1°, +55.1°)  batt= 99.7%
[ep= 302 step=140 t=11.31h]  lat=-36.384° lon=-113.541° alt=692.2km  →  International (-36.4°, -113.5°)  batt=100.0%
[ep= 302 step=160 t=14.51h]  lat=-55.401° lon=-107.557° alt=697.6km  →  International (-55.4°, -107.6°)  batt=100.0%
[ep= 302 step=180 t=17.62h]  lat=-81.704° lon= -15.525° alt=701.3km  →  International (-81.7°, -15.5°)  batt=100.0%
[ep= 302 step=200 t=22.06h]  lat=+17.029° lon= +63.397° alt=680.6km  →  International (+17.0°, +63.4°)  batt= 99.9%
[ep= 302 step=220 t=27.11h]  lat=-11.318° lon= +59.496° alt=680.3km  →  International (-11.3°, +59.5°)  batt= 99.8%
[ep= 302 step=240 t=28.84h]  lat=-29.827° lon= +56.534° alt=684.8km  →  International (-29.8°, +56.5°)  batt= 99.7%
[ep= 302 step=260 t=29.68h]  lat=+34.431° lon=-124.345° alt=690.8km  →  International (+34.4°, -124.3°)  batt=100.0%
[ep= 302 step=280 t=34.74h]  lat=+63.868° lon=-135.349° alt=698.1km  →  International (+63.9°, -135.3°)  batt=100.0%
[ep= 302 step=300 t=39.79h]  lat=+81.281° lon=+129.063° alt=699.6km  →  International (+81.3°, +129.1°)  batt=100.0%
[ep= 302 step=320 t=44.86h]  lat=+52.114° lon= +72.341° alt=690.8km  →  International (+52.1°, +72.3°)  batt= 99.9%
[ep= 303 step= 20 t= 4.09h]  lat= +1.854° lon= +60.432° alt=679.1km  →  International (+1.9°, +60.4°)   batt=100.0%
[ep= 303 step= 40 t= 8.20h]  lat= -0.121° lon=-119.644° alt=686.3km  →  International (-0.1°, -119.6°)  batt=100.0%
[ep= 303 step= 60 t=12.63h]  lat=-71.394° lon= +35.642° alt=698.8km  →  International (-71.4°, +35.6°)  batt=100.0%
[ep= 303 step= 80 t=17.33h]  lat=-22.749° lon= +57.316° alt=682.3km  →  International (-22.7°, +57.3°)  batt=100.0%
[ep= 303 step=100 t=20.52h]  lat= -5.216° lon= +60.112° alt=679.3km  →  International (-5.2°, +60.1°)   batt=100.0%
[ep= 303 step=120 t=20.69h]  lat=-41.516° lon= +53.657° alt=688.6km  →  International (-41.5°, +53.7°)  batt=100.0%
[ep= 303 step=140 t=22.82h]  lat=-29.745° lon=-114.410° alt=690.8km  →  International (-29.7°, -114.4°)  batt=100.0%
[ep= 303 step=160 t=23.96h]  lat=-38.596° lon= +54.503° alt=687.3km  →  International (-38.6°, +54.5°)  batt=100.0%
[ep= 303 step=180 t=25.51h]  lat=-19.007° lon= +58.262° alt=681.2km  →  International (-19.0°, +58.3°)  batt=100.0%
[ep= 303 step=200 t=28.23h]  lat=+73.348° lon=-147.080° alt=699.6km  →  International (+73.3°, -147.1°)  batt=100.0%
[ep= 303 step=220 t=33.62h]  lat= +1.165° lon= +61.559° alt=678.5km  →  International (+1.2°, +61.6°)   batt=100.0%
[ep= 303 step=240 t=37.08h]  lat=-38.312° lon= +55.113° alt=687.0km  →  International (-38.3°, +55.1°)  batt=100.0%
[ep= 303 step=260 t=41.95h]  lat=-28.472° lon= +57.338° alt=683.8km  →  International (-28.5°, +57.3°)  batt=100.0%
[ep= 303 step=280 t=45.39h]  lat=-61.342° lon= +46.867° alt=695.8km  →  International (-61.3°, +46.9°)  batt=100.0%
[ep= 303 step=300 t=47.96h]  lat=+81.519° lon=+170.229° alt=699.5km  →  International (+81.5°, +170.2°)  batt=100.0%
[ep= 304 step= 20 t= 4.43h]  lat=-69.801° lon= +37.548° alt=698.7km  →  International (-69.8°, +37.5°)  batt=100.0%
[ep= 304 step= 40 t= 5.90h]  lat=-34.815° lon= +54.594° alt=686.8km  →  International (-34.8°, +54.6°)  batt=100.0%
[ep= 304 step= 60 t= 7.39h]  lat= -2.426° lon= +59.964° alt=679.9km  →  International (-2.4°, +60.0°)   batt= 99.8%
[ep= 304 step= 80 t=12.47h]  lat=-36.149° lon= +54.579° alt=686.9km  →  International (-36.1°, +54.6°)  batt=100.0%
[ep= 304 step=100 t=16.11h]  lat=-63.269° lon=-103.005° alt=699.4km  →  International (-63.3°, -103.0°)  batt=100.0%
[ep= 304 step=120 t=19.56h]  lat=-26.924° lon=-115.064° alt=689.9km  →  International (-26.9°, -115.1°)  batt=100.0%
[ep= 304 step=140 t=19.73h]  lat= +9.438° lon=-120.531° alt=686.5km  →  International (+9.4°, -120.5°)  batt=100.0%
[ep= 304 step=160 t=21.21h]  lat=-24.776° lon=-115.371° alt=689.5km  →  International (-24.8°, -115.4°)  batt=100.0%
[ep= 304 step=180 t=21.38h]  lat=+11.593° lon=-120.778° alt=686.7km  →  International (+11.6°, -120.8°)  batt=100.0%
[ep= 304 step=200 t=24.84h]  lat=+51.959° lon=-129.398° alt=695.6km  →  International (+52.0°, -129.4°)  batt=100.0%
[ep= 304 step=220 t=29.59h]  lat=+15.069° lon=-120.955° alt=687.0km  →  International (+15.1°, -121.0°)  batt=100.0%
[ep= 304 step=240 t=30.48h]  lat=-28.921° lon= +56.778° alt=684.5km  →  International (-28.9°, +56.8°)  batt= 99.7%
[ep= 304 step=260 t=30.98h]  lat=-40.859° lon=-111.677° alt=693.7km  →  International (-40.9°, -111.7°)  batt=100.0%
[ep= 304 step=280 t=32.07h]  lat=-18.357° lon= +58.638° alt=681.6km  →  International (-18.4°, +58.6°)  batt= 99.7%
[ep= 304 step=300 t=32.23h]  lat=-54.404° lon= +49.927° alt=693.6km  →  International (-54.4°, +49.9°)  batt=100.0%
[ep= 304 step=320 t=33.73h]  lat=-24.145° lon= +57.760° alt=683.0km  →  International (-24.1°, +57.8°)  batt= 99.7%
[ep= 304 step=340 t=34.24h]  lat=-43.786° lon=-110.777° alt=694.6km  →  International (-43.8°, -110.8°)  batt=100.0%
[ep= 304 step=360 t=37.73h]  lat= +0.363° lon=-118.486° alt=686.6km  →  International (+0.4°, -118.5°)  batt=100.0%
[ep= 304 step=380 t=43.11h]  lat=+75.706° lon= +95.557° alt=698.1km  →  International (+75.7°, +95.6°)  batt=100.0%
[ep= 304 step=400 t=45.62h]  lat=-66.201° lon= -99.375° alt=700.5km  →  International (-66.2°, -99.4°)  batt=100.0%
[ep= 305 step= 20 t= 0.93h]  lat=-22.962° lon= +56.597° alt=682.7km  →  International (-23.0°, +56.6°)  batt= 99.8%
[ep= 305 step= 40 t= 2.08h]  lat=+80.315° lon=+116.205° alt=699.5km  →  International (+80.3°, +116.2°)  batt=100.0%
[ep= 305 step= 60 t= 4.28h]  lat=-39.929° lon= +53.366° alt=687.9km  →  International (-39.9°, +53.4°)  batt= 99.8%
[ep= 305 step= 80 t= 8.36h]  lat=+34.365° lon=-125.213° alt=691.2km  →  International (+34.4°, -125.2°)  batt=100.0%
[ep= 305 step=100 t=12.48h]  lat=-39.790° lon= +53.740° alt=687.8km  →  International (-39.8°, +53.7°)  batt= 99.8%
[ep= 305 step=120 t=16.93h]  lat=+64.003° lon= +77.587° alt=694.9km  →  International (+64.0°, +77.6°)  batt=100.0%
[ep= 305 step=140 t=20.42h]  lat=+18.533° lon= +63.568° alt=680.7km  →  International (+18.5°, +63.6°)  batt= 99.9%
[ep= 305 step=160 t=22.93h]  lat= -8.024° lon=-117.904° alt=686.9km  →  International (-8.0°, -117.9°)  batt=100.0%
[ep= 305 step=180 t=27.14h]  lat=-17.447° lon= +58.573° alt=681.0km  →  International (-17.4°, +58.6°)  batt= 99.9%
[ep= 305 step=200 t=27.32h]  lat=-55.293° lon= +49.330° alt=693.6km  →  International (-55.3°, +49.3°)  batt= 99.8%
[ep= 305 step=220 t=28.84h]  lat=-30.503° lon= +56.408° alt=684.4km  →  International (-30.5°, +56.4°)  batt= 99.8%
[ep= 305 step=240 t=30.38h]  lat= -7.199° lon= +60.235° alt=679.1km  →  International (-7.2°, +60.2°)   batt= 99.9%
[ep= 305 step=260 t=34.26h]  lat=-40.092° lon=-111.734° alt=694.0km  →  International (-40.1°, -111.7°)  batt=100.0%
[ep= 305 step=280 t=37.42h]  lat=-65.948° lon= -99.944° alt=700.4km  →  International (-65.9°, -99.9°)  batt=100.0%
[ep= 305 step=300 t=38.29h]  lat=+55.124° lon= +73.315° alt=691.7km  →  International (+55.1°, +73.3°)  batt=100.0%
[ep= 305 step=320 t=39.23h]  lat=-29.466° lon=-113.782° alt=691.3km  →  International (-29.5°, -113.8°)  batt=100.0%
[ep= 305 step=340 t=39.35h]  lat= -2.833° lon=-117.966° alt=687.0km  →  International (-2.8°, -118.0°)  batt=100.0%
[ep= 305 step=360 t=40.83h]  lat=-36.950° lon=-112.190° alt=693.4km  →  International (-37.0°, -112.2°)  batt=100.0%
[ep= 305 step=380 t=41.67h]  lat=+34.128° lon= +67.236° alt=684.2km  →  International (+34.1°, +67.2°)  batt=100.0%
[ep= 305 step=400 t=44.46h]  lat=+38.097° lon=-124.529° alt=692.4km  →  International (+38.1°, -124.5°)  batt= 99.9%
[ep= 306 step= 20 t= 3.70h]  lat=+81.679° lon=+135.676° alt=699.8km  →  International (+81.7°, +135.7°)  batt=100.0%
[ep= 306 step= 40 t= 5.89h]  lat=-33.019° lon= +54.963° alt=686.1km  →  International (-33.0°, +55.0°)  batt=100.0%
[ep= 306 step= 60 t= 7.05h]  lat=+70.967° lon= +84.539° alt=697.4km  →  International (+71.0°, +84.5°)  batt=100.0%
[ep= 306 step= 80 t=10.62h]  lat= +9.643° lon= +61.819° alt=679.9km  →  International (+9.6°, +61.8°)   batt=100.0%
[ep= 306 step=100 t=11.58h]  lat=+22.351° lon=-122.860° alt=688.1km  →  International (+22.4°, -122.9°)  batt= 99.9%
[ep= 306 step=120 t=12.85h]  lat=-58.643° lon=-106.030° alt=698.4km  →  International (-58.6°, -106.0°)  batt=100.0%
[ep= 306 step=140 t=13.71h]  lat=+50.592° lon= +70.491° alt=691.0km  →  International (+50.6°, +70.5°)  batt=100.0%
[ep= 306 step=160 t=14.17h]  lat=-49.075° lon= +51.186° alt=691.5km  →  International (-49.1°, +51.2°)  batt=100.0%
[ep= 306 step=180 t=14.67h]  lat=-20.632° lon=-116.338° alt=688.4km  →  International (-20.6°, -116.3°)  batt=100.0%
[ep= 306 step=200 t=14.83h]  lat=+15.748° lon=-121.676° alt=687.2km  →  International (+15.7°, -121.7°)  batt= 99.9%
[ep= 306 step=220 t=15.34h]  lat=+52.051° lon= +71.097° alt=691.5km  →  International (+52.1°, +71.1°)  batt=100.0%
[ep= 306 step=240 t=15.54h]  lat= +8.648° lon= +61.877° alt=679.7km  →  International (+8.6°, +61.9°)   batt=100.0%
[ep= 306 step=260 t=15.71h]  lat=-27.778° lon= +56.371° alt=684.0km  →  International (-27.8°, +56.4°)  batt=100.0%
[ep= 306 step=280 t=16.21h]  lat=-41.986° lon=-112.008° alt=693.9km  →  International (-42.0°, -112.0°)  batt=100.0%
[ep= 306 step=300 t=16.38h]  lat= -5.757° lon=-118.506° alt=686.4km  →  International (-5.8°, -118.5°)  batt= 99.9%
[ep= 306 step=320 t=16.54h]  lat=+30.587° lon=-124.119° alt=690.0km  →  International (+30.6°, -124.1°)  batt= 99.8%
[ep= 306 step=340 t=17.39h]  lat=-37.159° lon= +54.556° alt=687.1km  →  International (-37.2°, +54.6°)  batt=100.0%
[ep= 306 step=360 t=17.56h]  lat=-72.230° lon= +34.494° alt=699.1km  →  International (-72.2°, +34.5°)  batt=100.0%
[ep= 306 step=380 t=17.73h]  lat=-68.057° lon= -98.682° alt=700.4km  →  International (-68.1°, -98.7°)  batt=100.0%
[ep= 306 step=400 t=17.89h]  lat=-32.647° lon=-114.054° alt=691.3km  →  International (-32.6°, -114.1°)  batt= 99.9%
[ep= 306 step=420 t=17.99h]  lat=-11.488° lon=-117.607° alt=687.0km  →  International (-11.5°, -117.6°)  batt= 99.9%
[ep= 306 step=440 t=19.73h]  lat= +9.478° lon=-120.539° alt=686.5km  →  International (+9.5°, -120.5°)  batt= 99.9%
[ep= 306 step=460 t=23.53h]  lat=+53.957° lon= +72.196° alt=691.9km  →  International (+54.0°, +72.2°)  batt= 99.9%
[ep= 306 step=480 t=26.38h]  lat=+28.977° lon=-123.406° alt=689.6km  →  International (+29.0°, -123.4°)  batt= 99.9%
[ep= 306 step=500 t=28.88h]  lat=-39.493° lon= +54.492° alt=688.1km  →  International (-39.5°, +54.5°)  batt=100.0%
[ep= 306 step=520 t=30.41h]  lat=-14.443° lon= +59.167° alt=680.8km  →  International (-14.4°, +59.2°)  batt=100.0%
[ep= 306 step=540 t=30.57h]  lat=-50.582° lon= +51.341° alt=692.2km  →  International (-50.6°, +51.3°)  batt=100.0%
[ep= 306 step=560 t=33.67h]  lat= -9.655° lon= +60.011° alt=679.8km  →  International (-9.7°, +60.0°)   batt=100.0%
[ep= 306 step=580 t=33.83h]  lat=-45.887° lon= +52.997° alt=690.2km  →  International (-45.9°, +53.0°)  batt=100.0%
[ep= 306 step=600 t=36.97h]  lat=-13.974° lon= +59.509° alt=680.4km  →  International (-14.0°, +59.5°)  batt=100.0%
[ep= 306 step=620 t=41.72h]  lat=+23.300° lon= +65.221° alt=681.6km  →  International (+23.3°, +65.2°)  batt=100.0%
[ep= 306 step=640 t=46.48h]  lat=+58.232° lon= +75.143° alt=692.8km  →  International (+58.2°, +75.1°)  batt=100.0%
[ep= 307 step= 20 t= 4.13h]  lat= -7.246° lon= +59.139° alt=680.0km  →  International (-7.2°, +59.1°)   batt= 99.8%
[ep= 307 step= 40 t= 4.30h]  lat=-43.513° lon= +52.447° alt=689.6km  →  International (-43.5°, +52.4°)  batt= 99.7%
[ep= 307 step= 60 t= 5.69h]  lat=+10.650° lon= +61.762° alt=680.1km  →  International (+10.6°, +61.8°)  batt= 99.8%
[ep= 307 step= 80 t= 5.86h]  lat=-25.783° lon= +56.317° alt=683.6km  →  International (-25.8°, +56.3°)  batt= 99.7%
[ep= 307 step=100 t= 7.99h]  lat=-45.410° lon=-111.405° alt=694.7km  →  International (-45.4°, -111.4°)  batt=100.0%
[ep= 307 step=120 t=11.12h]  lat=-75.670° lon= -85.866° alt=701.3km  →  International (-75.7°, -85.9°)  batt=100.0%
[ep= 307 step=140 t=15.57h]  lat= +1.332° lon= +60.833° alt=679.1km  →  International (+1.3°, +60.8°)   batt= 99.8%
[ep= 307 step=160 t=16.34h]  lat=-13.619° lon=-117.357° alt=687.4km  →  International (-13.6°, -117.4°)  batt=100.0%
[ep= 307 step=180 t=17.81h]  lat=-50.569° lon=-109.339° alt=696.5km  →  International (-50.6°, -109.3°)  batt=100.0%
[ep= 307 step=200 t=20.28h]  lat=+48.056° lon= +69.910° alt=689.6km  →  International (+48.1°, +69.9°)  batt= 99.9%
[ep= 307 step=220 t=25.59h]  lat=-36.458° lon= +55.055° alt=686.9km  →  International (-36.5°, +55.1°)  batt= 99.7%
[ep= 307 step=240 t=28.65h]  lat=+11.991° lon= +62.912° alt=679.8km  →  International (+12.0°, +62.9°)  batt= 99.8%
[ep= 307 step=260 t=28.83h]  lat=-28.080° lon= +56.861° alt=684.0km  →  International (-28.1°, +56.9°)  batt= 99.7%
[ep= 307 step=280 t=29.66h]  lat=+30.883° lon=-123.631° alt=690.1km  →  International (+30.9°, -123.6°)  batt=100.0%
[ep= 307 step=300 t=30.46h]  lat=-24.790° lon= +57.510° alt=682.9km  →  International (-24.8°, +57.5°)  batt= 99.7%
[ep= 307 step=320 t=32.26h]  lat=-59.217° lon= +47.578° alt=695.0km  →  International (-59.2°, +47.6°)  batt=100.0%
[ep= 307 step=340 t=36.68h]  lat=+48.327° lon= +70.675° alt=689.7km  →  International (+48.3°, +70.7°)  batt= 99.9%
[ep= 307 step=360 t=40.14h]  lat= +9.629° lon= +63.041° alt=679.1km  →  International (+9.6°, +63.0°)   batt= 99.8%
[ep= 307 step=380 t=40.97h]  lat= -6.740° lon=-117.342° alt=687.0km  →  International (-6.7°, -117.3°)  batt=100.0%
[ep= 307 step=400 t=42.14h]  lat=-68.043° lon= +41.170° alt=697.9km  →  International (-68.0°, +41.2°)  batt=100.0%
[ep= 307 step=420 t=46.58h]  lat=+35.525° lon= +67.735° alt=684.9km  →  International (+35.5°, +67.7°)  batt= 99.9%
[ep= 308 step= 20 t= 2.48h]  lat= -3.264° lon= +59.638° alt=679.5km  →  International (-3.3°, +59.6°)   batt= 99.9%
[ep= 308 step= 40 t= 2.64h]  lat=-39.587° lon= +53.379° alt=688.0km  →  International (-39.6°, +53.4°)  batt= 99.8%
[ep= 308 step= 60 t= 3.48h]  lat=+44.161° lon=-127.767° alt=693.4km  →  International (+44.2°, -127.8°)  batt= 99.9%
[ep= 308 step= 80 t= 6.95h]  lat=+80.764° lon=+179.689° alt=700.1km  →  International (+80.8°, +179.7°)  batt= 98.7%
[ep= 308 step=100 t=11.24h]  lat=-51.895° lon=-109.135° alt=696.8km  →  International (-51.9°, -109.1°)  batt= 98.1%
[ep= 308 step=120 t=13.05h]  lat=-15.509° lon=-117.212° alt=687.8km  →  International (-15.5°, -117.2°)  batt= 99.2%
[ep= 308 step=140 t=13.88h]  lat=+12.616° lon= +62.387° alt=679.7km  →  International (+12.6°, +62.4°)  batt= 98.8%
[ep= 308 step=160 t=14.72h]  lat= -9.716° lon=-118.005° alt=687.1km  →  International (-9.7°, -118.0°)  batt= 98.6%
[ep= 308 step=180 t=15.88h]  lat=-63.525° lon= +44.122° alt=696.4km  →  International (-63.5°, +44.1°)  batt= 98.2%
[ep= 308 step=200 t=18.70h]  lat=+35.211° lon= +66.505° alt=685.1km  →  International (+35.2°, +66.5°)  batt=100.0%
[ep= 308 step=220 t=23.06h]  lat=+21.068° lon=-122.177° alt=688.2km  →  International (+21.1°, -122.2°)  batt=100.0%
[ep= 308 step=240 t=24.01h]  lat=-49.282° lon= +51.516° alt=691.5km  →  International (-49.3°, +51.5°)  batt= 99.9%
[ep= 308 step=260 t=25.55h]  lat=-27.995° lon= +56.733° alt=683.9km  →  International (-28.0°, +56.7°)  batt= 99.6%
[ep= 308 step=280 t=26.07h]  lat=-38.176° lon=-112.531° alt=693.1km  →  International (-38.2°, -112.5°)  batt= 99.4%
[ep= 308 step=300 t=27.16h]  lat=-21.068° lon= +57.989° alt=681.9km  →  International (-21.1°, +58.0°)  batt= 99.6%
[ep= 308 step=320 t=27.32h]  lat=-57.042° lon= +48.502° alt=694.2km  →  International (-57.0°, +48.5°)  batt= 99.8%
[ep= 308 step=340 t=28.78h]  lat=-17.770° lon= +58.582° alt=681.0km  →  International (-17.8°, +58.6°)  batt= 99.9%
[ep= 308 step=360 t=28.97h]  lat=-57.373° lon= +48.406° alt=694.3km  →  International (-57.4°, +48.4°)  batt= 99.8%
[ep= 308 step=380 t=32.10h]  lat=-25.717° lon= +57.410° alt=682.9km  →  International (-25.7°, +57.4°)  batt= 99.1%
[ep= 308 step=400 t=37.17h]  lat=-58.992° lon= +47.896° alt=694.8km  →  International (-59.0°, +47.9°)  batt= 98.4%
[ep= 308 step=420 t=37.69h]  lat= -6.836° lon=-117.476° alt=687.2km  →  International (-6.8°, -117.5°)  batt= 98.3%
[ep= 308 step=440 t=40.84h]  lat=-35.173° lon=-112.588° alt=692.9km  →  International (-35.2°, -112.6°)  batt= 98.2%
[ep= 308 step=460 t=41.75h]  lat=+15.992° lon= +64.044° alt=679.6km  →  International (+16.0°, +64.0°)  batt=100.0%
[ep= 308 step=480 t=45.87h]  lat=-12.427° lon=-116.322° alt=687.9km  →  International (-12.4°, -116.3°)  batt= 99.9%
[ep= 309 step= 20 t= 4.12h]  lat= -3.589° lon= +59.660° alt=679.6km  →  International (-3.6°, +59.7°)   batt= 99.1%
[ep= 309 step= 40 t= 7.58h]  lat=-44.177° lon= +52.398° alt=689.7km  →  International (-44.2°, +52.4°)  batt= 99.8%
[ep= 309 step= 60 t=12.34h]  lat= -8.931° lon= +59.233° alt=680.0km  →  International (-8.9°, +59.2°)   batt=100.0%
[ep= 309 step= 80 t=15.67h]  lat=-18.703° lon= +57.897° alt=681.9km  →  International (-18.7°, +57.9°)  batt= 98.2%
[ep= 309 step=100 t=15.84h]  lat=-56.507° lon= +48.291° alt=694.5km  →  International (-56.5°, +48.3°)  batt= 98.1%
[ep= 309 step=120 t=20.27h]  lat=+51.052° lon= +70.932° alt=690.9km  →  International (+51.1°, +70.9°)  batt= 95.7%
[ep= 309 step=140 t=24.60h]  lat= -0.428° lon=-118.928° alt=686.4km  →  International (-0.4°, -118.9°)  batt= 95.3%
[ep= 309 step=160 t=29.35h]  lat=-37.530° lon=-112.544° alt=693.0km  →  International (-37.5°, -112.5°)  batt= 99.7%
[ep= 309 step=180 t=29.47h]  lat=-12.168° lon=-117.037° alt=687.3km  →  International (-12.2°, -117.0°)  batt= 99.6%
[ep= 309 step=200 t=29.62h]  lat=+21.179° lon=-121.928° alt=688.1km  →  International (+21.2°, -121.9°)  batt= 99.5%
[ep= 309 step=220 t=31.13h]  lat= -7.584° lon=-117.637° alt=686.9km  →  International (-7.6°, -117.6°)  batt= 99.6%
[ep= 309 step=240 t=31.97h]  lat= +2.835° lon= +61.718° alt=678.8km  →  International (+2.8°, +61.7°)   batt=100.0%
[ep= 309 step=260 t=36.09h]  lat= +0.710° lon=-118.615° alt=686.6km  →  International (+0.7°, -118.6°)  batt= 99.5%
[ep= 309 step=280 t=38.69h]  lat=-33.076° lon= +56.301° alt=685.8km  →  International (-33.1°, +56.3°)  batt= 99.2%
[ep= 309 step=300 t=40.32h]  lat=-29.787° lon= +57.009° alt=684.6km  →  International (-29.8°, +57.0°)  batt= 98.4%
[ep= 309 step=320 t=42.12h]  lat=-64.006° lon= +44.842° alt=696.9km  →  International (-64.0°, +44.8°)  batt= 97.4%
[ep= 309 step=340 t=43.55h]  lat=-19.566° lon= +58.906° alt=681.6km  →  International (-19.6°, +58.9°)  batt= 96.7%
[ep= 309 step=360 t=43.72h]  lat=-55.582° lon= +49.865° alt=693.9km  →  International (-55.6°, +49.9°)  batt= 96.6%
[ep= 309 step=380 t=45.25h]  lat=-32.610° lon= +56.662° alt=685.3km  →  International (-32.6°, +56.7°)  batt= 95.8%
[ep= 309 step=400 t=46.85h]  lat=-23.882° lon= +58.333° alt=682.5km  →  International (-23.9°, +58.3°)  batt= 94.9%
[ep= 310 step= 20 t= 4.03h]  lat=+16.451° lon= +62.563° alt=680.7km  →  International (+16.5°, +62.6°)  batt= 99.9%
[ep= 310 step= 40 t= 7.16h]  lat=+48.315° lon= +69.450° alt=689.9km  →  International (+48.3°, +69.4°)  batt= 99.9%
[ep= 310 step= 60 t=10.60h]  lat=+13.246° lon= +62.348° alt=679.9km  →  International (+13.2°, +62.3°)  batt= 99.8%
[ep= 310 step= 80 t=14.06h]  lat=-25.695° lon= +56.674° alt=683.4km  →  International (-25.7°, +56.7°)  batt= 99.7%
[ep= 310 step=100 t=17.85h]  lat=-41.586° lon=-112.040° alt=693.7km  →  International (-41.6°, -112.0°)  batt=100.0%
[ep= 310 step=120 t=20.52h]  lat= -3.392° lon= +60.367° alt=679.3km  →  International (-3.4°, +60.4°)   batt= 99.8%
[ep= 310 step=140 t=20.68h]  lat=-39.714° lon= +54.097° alt=687.9km  →  International (-39.7°, +54.1°)  batt= 99.7%
[ep= 310 step=160 t=23.47h]  lat=+67.806° lon= +81.285° alt=696.1km  →  International (+67.8°, +81.3°)  batt=100.0%
[ep= 310 step=180 t=27.57h]  lat=-66.074° lon=-100.250° alt=700.1km  →  International (-66.1°, -100.3°)  batt=100.0%
[ep= 310 step=200 t=29.48h]  lat= -8.421° lon=-117.581° alt=686.9km  →  International (-8.4°, -117.6°)  batt=100.0%
[ep= 310 step=220 t=29.60h]  lat=+17.051° lon=-121.268° alt=687.5km  →  International (+17.1°, -121.3°)  batt=100.0%
[ep= 310 step=240 t=32.72h]  lat=-18.033° lon=-116.004° alt=688.4km  →  International (-18.0°, -116.0°)  batt=100.0%
[ep= 310 step=260 t=34.21h]  lat=-50.139° lon=-108.818° alt=696.7km  →  International (-50.1°, -108.8°)  batt=100.0%
[ep= 310 step=280 t=37.35h]  lat=-78.012° lon= -76.626° alt=701.8km  →  International (-78.0°, -76.6°)  batt=100.0%
[ep= 310 step=300 t=40.34h]  lat=-35.367° lon= +55.899° alt=686.4km  →  International (-35.4°, +55.9°)  batt= 99.7%
[ep= 310 step=320 t=44.12h]  lat=-35.570° lon=-112.362° alt=692.5km  →  International (-35.6°, -112.4°)  batt=100.0%
[ep= 310 step=340 t=45.26h]  lat=-34.583° lon= +56.265° alt=685.9km  →  International (-34.6°, +56.3°)  batt= 99.7%
[ep= 310 step=360 t=47.08h]  lat=-71.852° lon= +36.340° alt=699.0km  →  International (-71.9°, +36.3°)  batt=100.0%
[ep= 311 step= 20 t= 3.34h]  lat=+13.405° lon=-121.795° alt=686.5km  →  International (+13.4°, -121.8°)  batt= 98.8%
[ep= 311 step= 40 t= 5.84h]  lat=-22.145° lon= +56.936° alt=682.8km  →  International (-22.1°, +56.9°)  batt= 97.8%
[ep= 311 step= 60 t= 6.02h]  lat=-59.835° lon= +46.139° alt=695.5km  →  International (-59.8°, +46.1°)  batt= 97.8%
[ep= 311 step= 80 t= 7.37h]  lat= +1.807° lon= +60.559° alt=679.6km  →  International (+1.8°, +60.6°)   batt= 99.9%
[ep= 311 step=100 t= 7.54h]  lat=-34.567° lon= +54.708° alt=686.4km  →  International (-34.6°, +54.7°)  batt= 99.9%
[ep= 311 step=120 t= 8.69h]  lat=+71.202° lon= +84.956° alt=697.4km  →  International (+71.2°, +85.0°)  batt= 99.3%
[ep= 311 step=140 t=11.61h]  lat=+27.196° lon=-123.698° alt=689.2km  →  International (+27.2°, -123.7°)  batt= 98.9%
[ep= 311 step=160 t=16.20h]  lat=-44.364° lon=-111.373° alt=694.6km  →  International (-44.4°, -111.4°)  batt= 99.9%
[ep= 311 step=180 t=17.96h]  lat=-16.924° lon=-116.793° alt=687.8km  →  International (-16.9°, -116.8°)  batt= 99.7%
[ep= 311 step=200 t=21.13h]  lat=-40.962° lon=-112.067° alt=693.8km  →  International (-41.0°, -112.1°)  batt= 98.1%
[ep= 311 step=220 t=22.32h]  lat=-38.196° lon= +54.515° alt=687.3km  →  International (-38.2°, +54.5°)  batt=100.0%
[ep= 311 step=240 t=24.15h]  lat=-77.902° lon= +19.627° alt=700.4km  →  International (-77.9°, +19.6°)  batt=100.0%
[ep= 311 step=260 t=25.38h]  lat= +8.417° lon= +62.243° alt=679.5km  →  International (+8.4°, +62.2°)   batt=100.0%
[ep= 311 step=280 t=26.24h]  lat= -0.073° lon=-118.911° alt=686.3km  →  International (-0.1°, -118.9°)  batt= 99.8%
[ep= 311 step=300 t=28.12h]  lat=+50.902° lon=-128.883° alt=695.1km  →  International (+50.9°, -128.9°)  batt= 99.7%
[ep= 311 step=320 t=28.86h]  lat=-33.503° lon= +55.804° alt=685.9km  →  International (-33.5°, +55.8°)  batt=100.0%
[ep= 311 step=340 t=29.68h]  lat=+34.487° lon=-124.366° alt=690.8km  →  International (+34.5°, -124.4°)  batt= 99.6%
[ep= 311 step=360 t=34.76h]  lat=+67.354° lon=-138.425° alt=698.7km  →  International (+67.4°, -138.4°)  batt= 97.6%
[ep= 311 step=380 t=37.47h]  lat=-54.317° lon=-107.089° alt=697.7km  →  International (-54.3°, -107.1°)  batt= 99.8%
[ep= 311 step=400 t=41.26h]  lat=+56.474° lon=-130.655° alt=696.6km  →  International (+56.5°, -130.7°)  batt= 99.5%
[ep= 311 step=420 t=44.71h]  lat=+80.807° lon=+122.934° alt=699.0km  →  International (+80.8°, +122.9°)  batt= 99.6%
[ep= 311 step=440 t=45.86h]  lat=-13.007° lon=-116.243° alt=687.8km  →  International (-13.0°, -116.2°)  batt= 99.8%
[ep= 312 step= 20 t= 5.38h]  lat=+75.999° lon= +94.859° alt=698.4km  →  International (+76.0°, +94.9°)  batt=100.0%
[ep= 312 step= 40 t=10.77h]  lat=-23.114° lon= +56.980° alt=682.9km  →  International (-23.1°, +57.0°)  batt= 99.8%
[ep= 312 step= 60 t=14.07h]  lat=-27.393° lon= +56.375° alt=684.4km  →  International (-27.4°, +56.4°)  batt= 99.8%
[ep= 312 step= 80 t=14.58h]  lat=-38.782° lon=-112.857° alt=693.0km  →  International (-38.8°, -112.9°)  batt=100.0%
[ep= 312 step=100 t=15.72h]  lat=-31.343° lon= +55.703° alt=685.6km  →  International (-31.3°, +55.7°)  batt= 99.8%
[ep= 312 step=120 t=16.96h]  lat=+57.097° lon= +73.355° alt=693.2km  →  International (+57.1°, +73.4°)  batt=100.0%
[ep= 312 step=140 t=17.15h]  lat=+15.054° lon= +62.896° alt=680.8km  →  International (+15.1°, +62.9°)  batt= 99.9%
[ep= 312 step=160 t=17.26h]  lat= -8.647° lon= +59.482° alt=680.2km  →  International (-8.6°, +59.5°)   batt= 99.9%
[ep= 312 step=180 t=17.43h]  lat=-44.891° lon= +52.608° alt=690.3km  →  International (-44.9°, +52.6°)  batt= 99.8%
[ep= 312 step=200 t=17.64h]  lat=-81.456° lon= -48.680° alt=701.7km  →  International (-81.5°, -48.7°)  batt=100.0%
[ep= 312 step=220 t=17.86h]  lat=-39.328° lon=-112.592° alt=693.1km  →  International (-39.3°, -112.6°)  batt=100.0%
[ep= 312 step=240 t=19.37h]  lat=-66.681° lon=-100.004° alt=700.2km  →  International (-66.7°, -100.0°)  batt=100.0%
[ep= 312 step=260 t=23.51h]  lat=+59.932° lon= +75.135° alt=694.1km  →  International (+59.9°, +75.1°)  batt=100.0%
[ep= 312 step=280 t=25.71h]  lat=-61.270° lon= +46.090° alt=696.0km  →  International (-61.3°, +46.1°)  batt=100.0%
[ep= 312 step=300 t=26.91h]  lat=+32.468° lon= +66.287° alt=684.6km  →  International (+32.5°, +66.3°)  batt=100.0%
[ep= 312 step=320 t=29.11h]  lat=-81.791° lon= -17.996° alt=701.6km  →  International (-81.8°, -18.0°)  batt=100.0%
[ep= 312 step=340 t=31.91h]  lat=+15.730° lon= +63.609° alt=680.2km  →  International (+15.7°, +63.6°)  batt= 99.9%
[ep= 312 step=360 t=34.71h]  lat=+57.944° lon=-131.636° alt=697.0km  →  International (+57.9°, -131.6°)  batt=100.0%
[ep= 312 step=380 t=37.10h]  lat=-43.402° lon= +53.841° alt=689.7km  →  International (-43.4°, +53.8°)  batt= 99.8%
[ep= 312 step=400 t=38.65h]  lat=-23.841° lon= +58.014° alt=683.1km  →  International (-23.8°, +58.0°)  batt= 99.8%
[ep= 312 step=420 t=39.16h]  lat=-44.096° lon=-110.486° alt=694.9km  →  International (-44.1°, -110.5°)  batt=100.0%
[ep= 312 step=440 t=40.32h]  lat=-29.612° lon= +57.053° alt=684.8km  →  International (-29.6°, +57.1°)  batt= 99.8%
[ep= 312 step=460 t=41.76h]  lat=+13.764° lon= +63.720° alt=680.1km  →  International (+13.8°, +63.7°)  batt= 99.9%
[ep= 312 step=480 t=41.93h]  lat=-22.683° lon= +58.343° alt=682.6km  →  International (-22.7°, +58.3°)  batt= 99.8%
[ep= 312 step=500 t=42.77h]  lat=+27.302° lon=-122.422° alt=689.3km  →  International (+27.3°, -122.4°)  batt=100.0%
[ep= 312 step=520 t=47.59h]  lat= +6.488° lon=-118.951° alt=686.9km  →  International (+6.5°, -119.0°)  batt=100.0%
[ep= 313 step= 20 t= 4.36h]  lat=-55.978° lon= +48.065° alt=694.2km  →  International (-56.0°, +48.1°)  batt=100.0%
[ep= 313 step= 40 t= 4.86h]  lat=-13.574° lon=-117.837° alt=687.1km  →  International (-13.6°, -117.8°)  batt=100.0%
[ep= 313 step= 60 t= 5.69h]  lat=+10.670° lon= +61.767° alt=680.0km  →  International (+10.7°, +61.8°)  batt= 99.8%
[ep= 313 step= 80 t=10.77h]  lat=-23.132° lon= +56.978° alt=682.8km  →  International (-23.1°, +57.0°)  batt= 99.7%
[ep= 313 step=100 t=14.49h]  lat=-58.362° lon=-106.103° alt=698.5km  →  International (-58.4°, -106.1°)  batt=100.0%
[ep= 313 step=120 t=17.28h]  lat=-11.714° lon= +59.036° alt=680.6km  →  International (-11.7°, +59.0°)  batt= 99.7%
[ep= 313 step=140 t=17.44h]  lat=-47.905° lon= +51.703° alt=691.4km  →  International (-47.9°, +51.7°)  batt=100.0%
[ep= 313 step=160 t=22.18h]  lat= -9.075° lon= +59.626° alt=679.9km  →  International (-9.1°, +59.6°)   batt= 99.8%
[ep= 313 step=180 t=25.02h]  lat=+81.493° lon=+132.280° alt=699.7km  →  International (+81.5°, +132.3°)  batt=100.0%
[ep= 313 step=200 t=28.21h]  lat=+70.482° lon=-142.385° alt=699.2km  →  International (+70.5°, -142.4°)  batt=100.0%
[ep= 313 step=220 t=29.41h]  lat=-23.745° lon=-115.204° alt=689.5km  →  International (-23.7°, -115.2°)  batt=100.0%
[ep= 313 step=240 t=29.49h]  lat= -7.392° lon=-117.721° alt=686.8km  →  International (-7.4°, -117.7°)  batt=100.0%
[ep= 313 step=260 t=31.96h]  lat= +4.131° lon= +61.914° alt=679.0km  →  International (+4.1°, +61.9°)   batt= 99.8%
[ep= 313 step=280 t=36.39h]  lat=+65.848° lon=-136.898° alt=698.5km  →  International (+65.8°, -136.9°)  batt=100.0%
[ep= 313 step=300 t=38.66h]  lat=-26.331° lon= +57.589° alt=683.7km  →  International (-26.3°, +57.6°)  batt= 99.7%
[ep= 313 step=320 t=39.49h]  lat=+27.317° lon=-122.553° alt=689.2km  →  International (+27.3°, -122.6°)  batt=100.0%
[ep= 313 step=340 t=40.37h]  lat=-41.122° lon= +54.574° alt=688.7km  →  International (-41.1°, +54.6°)  batt=100.0%
[ep= 313 step=360 t=42.20h]  lat=-78.716° lon= +16.514° alt=700.9km  →  International (-78.7°, +16.5°)  batt=100.0%
[ep= 313 step=380 t=45.28h]  lat=-38.517° lon= +55.408° alt=687.5km  →  International (-38.5°, +55.4°)  batt= 99.8%
[ep= 314 step= 20 t= 2.58h]  lat=-25.120° lon= +56.297° alt=683.1km  →  International (-25.1°, +56.3°)  batt=100.0%
[ep= 314 step= 40 t= 3.08h]  lat=-44.610° lon=-111.841° alt=694.6km  →  International (-44.6°, -111.8°)  batt=100.0%
[ep= 314 step= 60 t= 4.29h]  lat=-41.735° lon= +52.918° alt=688.6km  →  International (-41.7°, +52.9°)  batt=100.0%
[ep= 314 step= 80 t= 7.77h]  lat=-80.448° lon=  +3.036° alt=700.8km  →  International (-80.4°, +3.0°)   batt=100.0%
[ep= 314 step=100 t=12.53h]  lat=-48.769° lon= +51.214° alt=691.1km  →  International (-48.8°, +51.2°)  batt=100.0%
[ep= 314 step=120 t=16.64h]  lat=+52.164° lon=-129.822° alt=695.8km  →  International (+52.2°, -129.8°)  batt=100.0%
[ep= 314 step=140 t=19.79h]  lat=+24.042° lon=-122.804° alt=688.8km  →  International (+24.0°, -122.8°)  batt=100.0%
[ep= 314 step=160 t=22.23h]  lat=-20.075° lon= +57.952° alt=681.7km  →  International (-20.1°, +58.0°)  batt=100.0%
[ep= 314 step=180 t=22.43h]  lat=-61.345° lon= +45.906° alt=695.9km  →  International (-61.3°, +45.9°)  batt=100.0%
[ep= 314 step=200 t=23.90h]  lat=-25.864° lon= +57.049° alt=683.2km  →  International (-25.9°, +57.0°)  batt=100.0%
[ep= 314 step=220 t=25.05h]  lat=+78.466° lon=+104.992° alt=698.8km  →  International (+78.5°, +105.0°)  batt=100.0%
[ep= 314 step=240 t=25.51h]  lat=-18.933° lon= +58.268° alt=681.3km  →  International (-18.9°, +58.3°)  batt=100.0%
[ep= 314 step=260 t=25.68h]  lat=-56.736° lon= +48.589° alt=694.1km  →  International (-56.7°, +48.6°)  batt=100.0%
[ep= 314 step=280 t=29.87h]  lat=+73.579° lon=-147.483° alt=699.7km  →  International (+73.6°, -147.5°)  batt=100.0%
[ep= 314 step=300 t=33.32h]  lat=+65.986° lon= +79.907° alt=695.6km  →  International (+66.0°, +79.9°)  batt=100.0%
[ep= 314 step=320 t=36.80h]  lat=+22.440° lon= +64.872° alt=681.0km  →  International (+22.4°, +64.9°)  batt=100.0%
[ep= 314 step=340 t=39.94h]  lat=+52.417° lon= +72.251° alt=690.7km  →  International (+52.4°, +72.3°)  batt=100.0%
[ep= 314 step=360 t=44.02h]  lat=-57.704° lon=-105.237° alt=698.9km  →  International (-57.7°, -105.2°)  batt=100.0%
[ep= 314 step=380 t=46.65h]  lat=+20.417° lon= +64.948° alt=680.7km  →  International (+20.4°, +64.9°)  batt=100.0%
[ep= 314 step=400 t=46.76h]  lat= -2.672° lon= +61.552° alt=678.7km  →  International (-2.7°, +61.6°)   batt=100.0%
[ep= 315 step= 20 t= 4.16h]  lat=-12.708° lon= +58.343° alt=680.9km  →  International (-12.7°, +58.3°)  batt= 99.5%
[ep= 315 step= 40 t= 4.33h]  lat=-50.664° lon= +50.229° alt=692.4km  →  International (-50.7°, +50.2°)  batt= 99.4%
[ep= 315 step= 60 t= 5.82h]  lat=-16.686° lon= +57.808° alt=681.6km  →  International (-16.7°, +57.8°)  batt=100.0%
[ep= 315 step= 80 t= 6.64h]  lat=+17.712° lon=-122.317° alt=687.0km  →  International (+17.7°, -122.3°)  batt=100.0%
[ep= 315 step=100 t=11.38h]  lat=-21.287° lon=-116.365° alt=688.5km  →  International (-21.3°, -116.4°)  batt= 99.7%
[ep= 315 step=120 t=15.49h]  lat=+19.567° lon= +63.526° alt=681.4km  →  International (+19.6°, +63.5°)  batt=100.0%
[ep= 315 step=140 t=17.97h]  lat=-15.718° lon=-116.972° alt=687.6km  →  International (-15.7°, -117.0°)  batt=100.0%
[ep= 315 step=160 t=19.35h]  lat=-71.608° lon= -93.978° alt=700.9km  →  International (-71.6°, -94.0°)  batt= 99.9%
[ep= 315 step=180 t=21.23h]  lat=-21.092° lon=-115.989° alt=688.7km  →  International (-21.1°, -116.0°)  batt=100.0%
[ep= 315 step=200 t=22.06h]  lat=+18.206° lon= +63.582° alt=680.7km  →  International (+18.2°, +63.6°)  batt=100.0%
[ep= 315 step=220 t=26.17h]  lat=-16.453° lon=-116.519° alt=687.8km  →  International (-16.5°, -116.5°)  batt=100.0%
[ep= 315 step=240 t=28.86h]  lat=-34.096° lon= +55.693° alt=686.2km  →  International (-34.1°, +55.7°)  batt= 99.6%
[ep= 315 step=260 t=31.32h]  lat=+35.415° lon=-124.484° alt=691.1km  →  International (+35.4°, -124.5°)  batt= 99.9%
[ep= 315 step=280 t=37.04h]  lat=-30.352° lon= +56.777° alt=684.6km  →  International (-30.4°, +56.8°)  batt=100.0%
[ep= 315 step=300 t=41.46h]  lat=+77.336° lon=+100.793° alt=698.4km  →  International (+77.3°, +100.8°)  batt=100.0%
[ep= 315 step=320 t=46.86h]  lat=-25.118° lon= +58.130° alt=682.7km  →  International (-25.1°, +58.1°)  batt=100.0%
[ep= 316 step= 20 t= 0.99h]  lat=-37.446° lon= +53.812° alt=687.4km  →  International (-37.4°, +53.8°)  batt=100.0%
[ep= 316 step= 40 t= 2.57h]  lat=-23.291° lon= +56.608° alt=682.9km  →  International (-23.3°, +56.6°)  batt=100.0%
[ep= 316 step= 60 t= 2.74h]  lat=-60.940° lon= +45.339° alt=695.7km  →  International (-60.9°, +45.3°)  batt=100.0%
[ep= 316 step= 80 t= 4.18h]  lat=-16.354° lon= +57.787° alt=681.2km  →  International (-16.4°, +57.8°)  batt=100.0%
[ep= 316 step=100 t= 4.67h]  lat=-53.210° lon=-108.886° alt=696.8km  →  International (-53.2°, -108.9°)  batt=100.0%
[ep= 316 step=120 t= 7.53h]  lat=-33.371° lon= +54.953° alt=685.7km  →  International (-33.4°, +55.0°)  batt=100.0%
[ep= 316 step=140 t=10.47h]  lat=+40.495° lon= +67.376° alt=687.4km  →  International (+40.5°, +67.4°)  batt= 99.9%
[ep= 316 step=160 t=13.94h]  lat= -0.138° lon= +60.551° alt=679.1km  →  International (-0.1°, +60.6°)   batt= 99.8%
[ep= 316 step=180 t=17.10h]  lat=+26.499° lon= +64.753° alt=682.5km  →  International (+26.5°, +64.8°)  batt= 99.8%
[ep= 316 step=200 t=22.18h]  lat= -7.303° lon= +59.871° alt=679.4km  →  International (-7.3°, +59.9°)   batt= 99.8%
[ep= 316 step=220 t=25.63h]  lat=-46.022° lon= +52.611° alt=690.3km  →  International (-46.0°, +52.6°)  batt=100.0%
[ep= 316 step=240 t=28.73h]  lat= -6.820° lon= +60.210° alt=679.4km  →  International (-6.8°, +60.2°)   batt=100.0%
[ep= 316 step=260 t=28.90h]  lat=-43.098° lon= +53.568° alt=689.1km  →  International (-43.1°, +53.6°)  batt=100.0%
[ep= 316 step=280 t=30.40h]  lat=-12.630° lon= +59.430° alt=680.0km  →  International (-12.6°, +59.4°)  batt=100.0%
[ep= 316 step=300 t=31.23h]  lat=+15.472° lon=-120.964° alt=687.5km  →  International (+15.5°, -121.0°)  batt=100.0%
[ep= 316 step=320 t=35.33h]  lat=-13.630° lon= +59.483° alt=680.1km  →  International (-13.6°, +59.5°)  batt=100.0%
[ep= 316 step=340 t=39.12h]  lat=-51.661° lon=-108.072° alt=697.2km  →  International (-51.7°, -108.1°)  batt=100.0%
[ep= 316 step=360 t=40.32h]  lat=-29.788° lon= +57.004° alt=684.1km  →  International (-29.8°, +57.0°)  batt=100.0%
[ep= 316 step=380 t=40.51h]  lat=-70.474° lon= +38.112° alt=698.6km  →  International (-70.5°, +38.1°)  batt=100.0%
[ep= 316 step=400 t=40.69h]  lat=-68.182° lon= -97.597° alt=700.8km  →  International (-68.2°, -97.6°)  batt=100.0%
[ep= 316 step=420 t=40.85h]  lat=-32.788° lon=-113.083° alt=692.1km  →  International (-32.8°, -113.1°)  batt=100.0%
[ep= 316 step=440 t=40.91h]  lat=-20.717° lon=-115.246° alt=689.2km  →  International (-20.7°, -115.2°)  batt=100.0%
[ep= 316 step=460 t=45.36h]  lat=-55.325° lon= +50.049° alt=693.5km  →  International (-55.3°, +50.0°)  batt=100.0%
[ep= 317 step= 20 t= 5.72h]  lat= +5.186° lon= +60.972° alt=679.4km  →  International (+5.2°, +61.0°)   batt=100.0%
[ep= 317 step= 40 t= 9.82h]  lat= -5.259° lon=-118.849° alt=686.4km  →  International (-5.3°, -118.8°)  batt= 99.8%
[ep= 317 step= 60 t=13.29h]  lat=+37.168° lon=-125.616° alt=691.5km  →  International (+37.2°, -125.6°)  batt= 99.6%
[ep= 317 step= 80 t=15.81h]  lat=-49.420° lon= +51.132° alt=691.9km  →  International (-49.4°, +51.1°)  batt= 99.9%
[ep= 317 step=100 t=19.57h]  lat=-23.235° lon=-115.706° alt=688.9km  →  International (-23.2°, -115.7°)  batt= 98.6%
[ep= 317 step=120 t=22.25h]  lat=-23.715° lon= +57.348° alt=682.7km  →  International (-23.7°, +57.3°)  batt= 98.8%
[ep= 317 step=140 t=23.76h]  lat= +5.100° lon= +61.702° alt=679.2km  →  International (+5.1°, +61.7°)   batt= 99.8%
[ep= 317 step=160 t=27.49h]  lat=-80.851° lon= -57.292° alt=701.7km  →  International (-80.9°, -57.3°)  batt= 99.7%
[ep= 317 step=180 t=29.40h]  lat=-26.661° lon=-114.711° alt=690.1km  →  International (-26.7°, -114.7°)  batt= 99.9%
[ep= 317 step=200 t=29.49h]  lat= -7.288° lon=-117.749° alt=686.8km  →  International (-7.3°, -117.7°)  batt= 99.9%
[ep= 317 step=220 t=32.23h]  lat=-54.510° lon= +49.863° alt=693.4km  →  International (-54.5°, +49.9°)  batt= 99.3%
[ep= 317 step=240 t=36.66h]  lat=+53.073° lon= +72.373° alt=691.3km  →  International (+53.1°, +72.4°)  batt= 99.5%
[ep= 317 step=260 t=38.80h]  lat=-55.819° lon= +49.559° alt=694.1km  →  International (-55.8°, +49.6°)  batt= 99.2%
[ep= 317 step=280 t=40.33h]  lat=-31.036° lon= +56.771° alt=685.0km  →  International (-31.0°, +56.8°)  batt= 99.3%
[ep= 317 step=300 t=41.90h]  lat=-16.845° lon= +59.266° alt=681.0km  →  International (-16.8°, +59.3°)  batt= 99.9%
[ep= 317 step=320 t=42.07h]  lat=-52.931° lon= +50.922° alt=693.0km  →  International (-52.9°, +50.9°)  batt= 99.8%
[ep= 317 step=340 t=45.23h]  lat=-28.429° lon= +57.462° alt=683.9km  →  International (-28.4°, +57.5°)  batt= 99.3%
[ep= 317 step=360 t=46.73h]  lat= +4.009° lon= +62.492° alt=678.7km  →  International (+4.0°, +62.5°)   batt=100.0%
[ep= 318 step= 20 t= 4.12h]  lat= -3.583° lon= +59.662° alt=679.7km  →  International (-3.6°, +59.7°)   batt= 99.3%
[ep= 318 step= 40 t= 7.59h]  lat=-45.958° lon= +51.888° alt=690.5km  →  International (-46.0°, +51.9°)  batt=100.0%
[ep= 318 step= 60 t=11.38h]  lat=-21.314° lon=-116.360° alt=688.6km  →  International (-21.3°, -116.4°)  batt= 99.6%
[ep= 318 step= 80 t=14.17h]  lat=-49.049° lon= +51.193° alt=691.9km  →  International (-49.0°, +51.2°)  batt= 98.2%
[ep= 318 step=100 t=15.72h]  lat=-31.379° lon= +55.695° alt=685.5km  →  International (-31.4°, +55.7°)  batt= 97.4%
[ep= 318 step=120 t=16.23h]  lat=-36.618° lon=-113.283° alt=692.3km  →  International (-36.6°, -113.3°)  batt= 97.1%
[ep= 318 step=140 t=17.38h]  lat=-33.520° lon= +55.334° alt=686.2km  →  International (-33.5°, +55.3°)  batt= 96.6%
[ep= 318 step=160 t=17.89h]  lat=-32.677° lon=-114.044° alt=691.2km  →  International (-32.7°, -114.0°)  batt= 96.3%
[ep= 318 step=180 t=19.03h]  lat=-37.465° lon= +54.553° alt=687.4km  →  International (-37.5°, +54.6°)  batt= 95.8%
[ep= 318 step=200 t=20.71h]  lat=-44.996° lon= +52.712° alt=690.1km  →  International (-45.0°, +52.7°)  batt= 94.9%
[ep= 318 step=220 t=24.18h]  lat=-81.148° lon=  -4.434° alt=701.3km  →  International (-81.1°, -4.4°)   batt= 96.8%
[ep= 318 step=240 t=28.60h]  lat=+22.398° lon= +64.530° alt=681.7km  →  International (+22.4°, +64.5°)  batt=100.0%
[ep= 318 step=260 t=29.43h]  lat=-19.494° lon=-115.908° alt=688.6km  →  International (-19.5°, -115.9°)  batt= 99.6%
[ep= 318 step=280 t=30.48h]  lat=-30.138° lon= +56.541° alt=684.6km  →  International (-30.1°, +56.5°)  batt= 99.0%
[ep= 318 step=300 t=34.27h]  lat=-37.187° lon=-112.413° alt=693.1km  →  International (-37.2°, -112.4°)  batt= 99.0%
[ep= 318 step=320 t=37.75h]  lat= +5.211° lon=-119.177° alt=686.5km  →  International (+5.2°, -119.2°)  batt= 99.0%
[ep= 318 step=340 t=38.76h]  lat=-47.995° lon= +52.555° alt=691.4km  →  International (-48.0°, +52.6°)  batt= 98.4%
[ep= 318 step=360 t=41.57h]  lat=+54.577° lon= +73.210° alt=691.9km  →  International (+54.6°, +73.2°)  batt= 97.1%
[ep= 318 step=380 t=45.32h]  lat=-47.525° lon= +52.972° alt=690.9km  →  International (-47.5°, +53.0°)  batt= 95.2%
[ep= 319 step= 20 t= 1.01h]  lat=-41.050° lon= +52.955° alt=688.7km  →  International (-41.1°, +53.0°)  batt= 99.4%
[ep= 319 step= 40 t= 2.57h]  lat=-23.291° lon= +56.609° alt=683.0km  →  International (-23.3°, +56.6°)  batt= 98.6%
[ep= 319 step= 60 t= 2.74h]  lat=-60.939° lon= +45.341° alt=695.8km  →  International (-60.9°, +45.3°)  batt= 98.5%
[ep= 319 step= 80 t= 7.38h]  lat= -0.631° lon= +60.214° alt=679.3km  →  International (-0.6°, +60.2°)   batt= 96.0%
[ep= 319 step=100 t= 7.59h]  lat=-45.979° lon= +51.881° alt=690.2km  →  International (-46.0°, +51.9°)  batt= 95.8%
[ep= 319 step=120 t=10.51h]  lat=+33.268° lon= +65.764° alt=684.9km  →  International (+33.3°, +65.8°)  batt= 94.3%
[ep= 319 step=140 t=15.58h]  lat= -0.482° lon= +60.573° alt=679.1km  →  International (-0.5°, +60.6°)   batt= 95.5%
[ep= 319 step=160 t=19.38h]  lat=-66.018° lon=-100.627° alt=700.2km  →  International (-66.0°, -100.6°)  batt= 99.8%
[ep= 319 step=180 t=22.85h]  lat=-24.382° lon=-115.376° alt=689.6km  →  International (-24.4°, -115.4°)  batt= 99.6%
[ep= 319 step=200 t=26.32h]  lat=+16.286° lon=-121.285° alt=687.3km  →  International (+16.3°, -121.3°)  batt= 98.8%
[ep= 319 step=220 t=28.58h]  lat=+27.172° lon= +65.350° alt=682.9km  →  International (+27.2°, +65.4°)  batt=100.0%
[ep= 319 step=240 t=29.39h]  lat=-28.482° lon=-114.378° alt=690.4km  →  International (-28.5°, -114.4°)  batt= 99.8%
[ep= 319 step=260 t=29.90h]  lat=+79.270° lon=-167.165° alt=700.0km  →  International (+79.3°, -167.2°)  batt=100.0%
[ep= 319 step=280 t=30.07h]  lat=+59.702° lon= +75.276° alt=693.8km  →  International (+59.7°, +75.3°)  batt=100.0%
[ep= 319 step=300 t=30.89h]  lat=-59.742° lon=-104.668° alt=698.8km  →  International (-59.7°, -104.7°)  batt= 99.6%
[ep= 319 step=320 t=33.90h]  lat=-60.687° lon= +46.788° alt=695.5km  →  International (-60.7°, +46.8°)  batt= 99.1%
[ep= 319 step=340 t=38.35h]  lat=+41.448° lon= +68.769° alt=687.1km  →  International (+41.4°, +68.8°)  batt=100.0%
[ep= 319 step=360 t=39.26h]  lat=-23.460° lon=-114.855° alt=689.7km  →  International (-23.5°, -114.9°)  batt= 99.6%
[ep= 319 step=380 t=40.83h]  lat=-36.983° lon=-112.189° alt=693.1km  →  International (-37.0°, -112.2°)  batt= 99.6%
[ep= 319 step=400 t=41.91h]  lat=-18.034° lon= +59.085° alt=680.8km  →  International (-18.0°, +59.1°)  batt= 99.0%
[ep= 319 step=420 t=45.07h]  lat= +6.816° lon= +62.830° alt=678.7km  →  International (+6.8°, +62.8°)   batt=100.0%
[ep= 319 step=440 t=47.23h]  lat=-71.370° lon= -93.207° alt=701.4km  →  International (-71.4°, -93.2°)  batt= 99.8%
[ep= 320 step= 20 t= 1.03h]  lat=-46.436° lon= +51.476° alt=690.7km  →  International (-46.4°, +51.5°)  batt=100.0%
[ep= 320 step= 40 t= 2.59h]  lat=-28.735° lon= +55.651° alt=684.5km  →  International (-28.7°, +55.7°)  batt= 99.9%
[ep= 320 step= 60 t= 2.77h]  lat=-66.126° lon= +41.443° alt=697.4km  →  International (-66.1°, +41.4°)  batt=100.0%
[ep= 320 step= 80 t= 5.77h]  lat= -5.760° lon= +59.417° alt=679.7km  →  International (-5.8°, +59.4°)   batt= 99.7%
[ep= 320 step=100 t= 5.94h]  lat=-43.847° lon= +52.420° alt=689.5km  →  International (-43.8°, +52.4°)  batt=100.0%
[ep= 320 step=120 t= 8.27h]  lat=+14.423° lon=-121.749° alt=687.1km  →  International (+14.4°, -121.7°)  batt=100.0%
[ep= 320 step=140 t=13.03h]  lat=-20.961° lon=-116.355° alt=688.6km  →  International (-21.0°, -116.4°)  batt=100.0%
[ep= 320 step=160 t=17.78h]  lat=-57.661° lon=-106.335° alt=698.4km  →  International (-57.7°, -106.3°)  batt=100.0%
[ep= 320 step=180 t=22.85h]  lat=-24.385° lon=-115.377° alt=689.6km  →  International (-24.4°, -115.4°)  batt=100.0%
[ep= 320 step=200 t=25.64h]  lat=-47.818° lon= +52.063° alt=691.0km  →  International (-47.8°, +52.1°)  batt=100.0%
[ep= 320 step=220 t=27.18h]  lat=-24.694° lon= +57.384° alt=683.0km  →  International (-24.7°, +57.4°)  batt= 99.7%
[ep= 320 step=240 t=27.35h]  lat=-62.287° lon= +45.479° alt=696.2km  →  International (-62.3°, +45.5°)  batt=100.0%
[ep= 320 step=260 t=28.94h]  lat=-51.454° lon= +50.948° alt=692.2km  →  International (-51.5°, +50.9°)  batt=100.0%
[ep= 320 step=280 t=32.11h]  lat=-26.921° lon= +57.197° alt=683.4km  →  International (-26.9°, +57.2°)  batt= 99.7%
[ep= 320 step=300 t=36.86h]  lat=+10.342° lon= +62.999° alt=679.3km  →  International (+10.3°, +63.0°)  batt= 99.8%
[ep= 320 step=320 t=40.64h]  lat=-77.144° lon= -79.943° alt=701.7km  →  International (-77.1°, -79.9°)  batt=100.0%
[ep= 320 step=340 t=40.88h]  lat=-26.751° lon=-114.220° alt=690.5km  →  International (-26.8°, -114.2°)  batt=100.0%
[ep= 320 step=360 t=41.60h]  lat=+49.153° lon= +71.146° alt=689.6km  →  International (+49.2°, +71.1°)  batt= 99.9%
[ep= 320 step=380 t=47.63h]  lat=+14.586° lon=-120.148° alt=687.6km  →  International (+14.6°, -120.1°)  batt=100.0%
[ep= 321 step= 20 t= 0.93h]  lat=-24.782° lon= +56.289° alt=683.1km  →  International (-24.8°, +56.3°)  batt=100.0%
[ep= 321 step= 40 t= 1.10h]  lat=-60.629° lon= +45.468° alt=695.5km  →  International (-60.6°, +45.5°)  batt=100.0%
[ep= 321 step= 60 t= 2.64h]  lat=-39.602° lon= +53.380° alt=687.8km  →  International (-39.6°, +53.4°)  batt=100.0%
[ep= 321 step= 80 t= 6.64h]  lat=+17.728° lon=-122.320° alt=687.7km  →  International (+17.7°, -122.3°)  batt= 99.6%
[ep= 321 step=100 t= 8.48h]  lat=+61.107° lon=-134.518° alt=697.8km  →  International (+61.1°, -134.5°)  batt=100.0%
[ep= 321 step=120 t=11.32h]  lat=-35.746° lon=-113.679° alt=692.4km  →  International (-35.7°, -113.7°)  batt=100.0%
[ep= 321 step=140 t=11.48h]  lat= +0.552° lon=-119.602° alt=686.4km  →  International (+0.6°, -119.6°)  batt= 99.9%
[ep= 321 step=160 t=14.66h]  lat=-22.398° lon=-116.047° alt=689.3km  →  International (-22.4°, -116.0°)  batt= 99.8%
[ep= 321 step=180 t=17.16h]  lat=+13.722° lon= +62.693° alt=679.8km  →  International (+13.7°, +62.7°)  batt=100.0%
[ep= 321 step=200 t=19.82h]  lat=+29.497° lon=-123.771° alt=689.8km  →  International (+29.5°, -123.8°)  batt= 99.9%
[ep= 321 step=220 t=22.26h]  lat=-25.554° lon= +57.040° alt=683.2km  →  International (-25.6°, +57.0°)  batt= 99.9%
[ep= 321 step=240 t=22.43h]  lat=-61.372° lon= +45.892° alt=695.8km  →  International (-61.4°, +45.9°)  batt= 99.8%
[ep= 321 step=260 t=24.90h]  lat=+64.346° lon=-136.121° alt=698.2km  →  International (+64.3°, -136.1°)  batt=100.0%
[ep= 321 step=280 t=27.34h]  lat=-60.617° lon= +46.567° alt=695.5km  →  International (-60.6°, +46.6°)  batt=100.0%
[ep= 321 step=300 t=31.11h]  lat=-11.754° lon=-117.024° alt=687.6km  →  International (-11.8°, -117.0°)  batt=100.0%
[ep= 321 step=320 t=33.94h]  lat=-68.762° lon= +40.035° alt=698.0km  →  International (-68.8°, +40.0°)  batt=100.0%
[ep= 321 step=340 t=36.14h]  lat=+13.524° lon=-120.454° alt=687.5km  →  International (+13.5°, -120.5°)  batt= 99.9%
[ep= 321 step=360 t=38.31h]  lat=+50.324° lon= +71.416° alt=689.8km  →  International (+50.3°, +71.4°)  batt=100.0%
[ep= 321 step=380 t=42.33h]  lat=-67.777° lon= -97.969° alt=700.9km  →  International (-67.8°, -98.0°)  batt=100.0%
[ep= 321 step=400 t=43.70h]  lat=-52.138° lon= +51.320° alt=692.6km  →  International (-52.1°, +51.3°)  batt=100.0%
[ep= 321 step=420 t=45.23h]  lat=-26.669° lon= +57.797° alt=683.3km  →  International (-26.7°, +57.8°)  batt=100.0%
[ep= 321 step=440 t=47.35h]  lat=-46.337° lon=-109.503° alt=695.8km  →  International (-46.3°, -109.5°)  batt=100.0%
[ep= 322 step= 20 t= 0.96h]  lat=-30.220° lon= +55.306° alt=684.8km  →  International (-30.2°, +55.3°)  batt= 99.7%
[ep= 322 step= 40 t= 1.14h]  lat=-69.204° lon= +38.143° alt=698.2km  →  International (-69.2°, +38.1°)  batt=100.0%
[ep= 322 step= 60 t= 5.87h]  lat=-27.614° lon= +55.993° alt=683.7km  →  International (-27.6°, +56.0°)  batt= 99.7%
[ep= 322 step= 80 t= 8.03h]  lat=-38.220° lon=-113.266° alt=693.0km  →  International (-38.2°, -113.3°)  batt=100.0%
[ep= 322 step=100 t=12.44h]  lat=-30.757° lon= +55.678° alt=684.6km  →  International (-30.8°, +55.7°)  batt= 99.7%
[ep= 322 step=120 t=18.47h]  lat=+81.296° lon=+128.477° alt=699.5km  →  International (+81.3°, +128.5°)  batt=100.0%
[ep= 322 step=140 t=23.86h]  lat=-16.770° lon= +58.544° alt=681.0km  →  International (-16.8°, +58.5°)  batt= 99.7%
[ep= 322 step=160 t=24.03h]  lat=-54.633° lon= +49.487° alt=693.5km  →  International (-54.6°, +49.5°)  batt=100.0%
[ep= 322 step=180 t=27.14h]  lat=-17.447° lon= +58.574° alt=681.0km  →  International (-17.4°, +58.6°)  batt= 99.7%
[ep= 322 step=200 t=27.31h]  lat=-53.521° lon= +50.086° alt=692.9km  →  International (-53.5°, +50.1°)  batt=100.0%
[ep= 322 step=220 t=30.12h]  lat=+49.051° lon= +70.643° alt=689.8km  →  International (+49.1°, +70.6°)  batt= 99.9%
[ep= 322 step=240 t=33.59h]  lat= +6.731° lon= +62.350° alt=678.8km  →  International (+6.7°, +62.4°)   batt= 99.8%
[ep= 322 step=260 t=36.40h]  lat=+68.218° lon=-139.251° alt=699.0km  →  International (+68.2°, -139.3°)  batt=100.0%
[ep= 322 step=280 t=37.62h]  lat=-22.562° lon=-115.066° alt=689.6km  →  International (-22.6°, -115.1°)  batt=100.0%
[ep= 322 step=300 t=39.11h]  lat=-55.161° lon=-106.634° alt=698.2km  →  International (-55.2°, -106.6°)  batt=100.0%
[ep= 322 step=320 t=40.30h]  lat=-26.210° lon= +57.672° alt=682.8km  →  International (-26.2°, +57.7°)  batt= 99.7%
[ep= 322 step=340 t=43.78h]  lat=-67.796° lon= +41.517° alt=697.8km  →  International (-67.8°, +41.5°)  batt=100.0%
[ep= 322 step=360 t=46.84h]  lat=-22.099° lon= +58.648° alt=681.9km  →  International (-22.1°, +58.6°)  batt= 99.7%
[ep= 322 step=380 t=47.04h]  lat=-63.282° lon= +45.612° alt=696.6km  →  International (-63.3°, +45.6°)  batt=100.0%
[ep= 323 step= 20 t= 5.07h]  lat=+31.871° lon=-124.840° alt=690.0km  →  International (+31.9°, -124.8°)  batt= 97.7%
[ep= 323 step= 40 t= 7.47h]  lat=-20.644° lon= +57.250° alt=682.5km  →  International (-20.6°, +57.2°)  batt= 96.5%
[ep= 323 step= 60 t= 7.66h]  lat=-60.140° lon= +46.033° alt=695.7km  →  International (-60.1°, +46.0°)  batt= 96.4%
[ep= 323 step= 80 t= 9.60h]  lat=-51.661° lon=-109.287° alt=696.4km  →  International (-51.7°, -109.3°)  batt= 99.5%
[ep= 323 step=100 t=12.45h]  lat=-33.138° lon= +55.207° alt=685.8km  →  International (-33.1°, +55.2°)  batt= 98.0%
[ep= 323 step=120 t=17.07h]  lat=+33.184° lon= +66.015° alt=685.1km  →  International (+33.2°, +66.0°)  batt= 96.0%
[ep= 323 step=140 t=20.51h]  lat= -2.055° lon= +60.552° alt=679.3km  →  International (-2.1°, +60.6°)   batt= 99.7%
[ep= 323 step=160 t=21.34h]  lat= +3.103° lon=-119.562° alt=686.3km  →  International (+3.1°, -119.6°)  batt= 99.6%
[ep= 323 step=180 t=23.48h]  lat=+65.660° lon= +79.212° alt=695.6km  →  International (+65.7°, +79.2°)  batt= 99.3%
[ep= 323 step=200 t=28.23h]  lat=+73.743° lon=-147.884° alt=699.6km  →  International (+73.7°, -147.9°)  batt= 99.3%
[ep= 323 step=220 t=30.40h]  lat=-13.173° lon= +59.352° alt=680.6km  →  International (-13.2°, +59.4°)  batt= 98.1%
[ep= 323 step=240 t=30.57h]  lat=-49.338° lon= +51.769° alt=691.8km  →  International (-49.3°, +51.8°)  batt= 98.0%
[ep= 323 step=260 t=32.04h]  lat=-13.506° lon= +59.369° alt=680.6km  →  International (-13.5°, +59.4°)  batt= 97.2%
[ep= 323 step=280 t=32.21h]  lat=-49.665° lon= +51.724° alt=691.8km  →  International (-49.7°, +51.7°)  batt= 97.1%
[ep= 323 step=300 t=35.01h]  lat=+54.686° lon= +72.974° alt=692.1km  →  International (+54.7°, +73.0°)  batt= 95.6%
[ep= 323 step=320 t=35.53h]  lat=-57.418° lon= +48.656° alt=694.5km  →  International (-57.4°, +48.7°)  batt= 95.4%
[ep= 323 step=340 t=38.68h]  lat=-29.386° lon= +57.018° alt=684.3km  →  International (-29.4°, +57.0°)  batt= 94.2%
[ep= 323 step=360 t=41.83h]  lat= -0.916° lon= +61.590° alt=679.0km  →  International (-0.9°, +61.6°)   batt= 95.7%
[ep= 323 step=380 t=44.31h]  lat= +5.934° lon=-119.022° alt=686.7km  →  International (+5.9°, -119.0°)  batt= 99.6%
[ep= 323 step=400 t=45.80h]  lat=-26.448° lon=-114.075° alt=690.3km  →  International (-26.4°, -114.1°)  batt= 99.8%
[ep= 323 step=420 t=46.32h]  lat=+81.314° lon=+173.915° alt=699.7km  →  International (+81.3°, +173.9°)  batt= 99.5%
[ep= 324 step= 20 t= 1.05h]  lat=-50.012° lon= +50.318° alt=691.9km  →  International (-50.0°, +50.3°)  batt=100.0%
[ep= 324 step= 40 t= 5.16h]  lat=+51.634° lon=-130.100° alt=695.4km  →  International (+51.6°, -130.1°)  batt=100.0%
[ep= 324 step= 60 t= 5.90h]  lat=-34.842° lon= +54.582° alt=686.2km  →  International (-34.8°, +54.6°)  batt=100.0%
[ep= 324 step= 80 t= 8.38h]  lat=+39.767° lon=-126.425° alt=692.5km  →  International (+39.8°, -126.4°)  batt=100.0%
[ep= 324 step=100 t=12.16h]  lat=+31.136° lon= +65.410° alt=684.2km  →  International (+31.1°, +65.4°)  batt= 99.9%
[ep= 324 step=120 t=14.65h]  lat=-24.256° lon=-115.736° alt=689.4km  →  International (-24.3°, -115.7°)  batt=100.0%
[ep= 324 step=140 t=14.82h]  lat=+12.113° lon=-121.132° alt=687.0km  →  International (+12.1°, -121.1°)  batt=100.0%
[ep= 324 step=160 t=17.93h]  lat=-23.579° lon=-115.714° alt=689.5km  →  International (-23.6°, -115.7°)  batt=100.0%
[ep= 324 step=180 t=19.43h]  lat=-55.569° lon=-107.272° alt=698.0km  →  International (-55.6°, -107.3°)  batt=100.0%
[ep= 324 step=200 t=23.86h]  lat=-16.747° lon= +58.544° alt=681.0km  →  International (-16.7°, +58.5°)  batt= 99.7%
[ep= 324 step=220 t=24.37h]  lat=-51.055° lon=-108.898° alt=696.7km  →  International (-51.1°, -108.9°)  batt=100.0%
[ep= 324 step=240 t=25.57h]  lat=-31.607° lon= +56.056° alt=685.1km  →  International (-31.6°, +56.1°)  batt=100.0%
[ep= 324 step=260 t=26.40h]  lat=+34.399° lon=-124.475° alt=691.0km  →  International (+34.4°, -124.5°)  batt=100.0%
[ep= 324 step=280 t=27.18h]  lat=-24.690° lon= +57.389° alt=682.9km  →  International (-24.7°, +57.4°)  batt=100.0%
[ep= 324 step=300 t=28.01h]  lat=+27.501° lon=-123.072° alt=689.5km  →  International (+27.5°, -123.1°)  batt=100.0%
[ep= 324 step=320 t=30.62h]  lat=-61.195° lon= +46.334° alt=695.6km  →  International (-61.2°, +46.3°)  batt=100.0%
[ep= 324 step=340 t=33.75h]  lat=-27.850° lon= +57.104° alt=683.6km  →  International (-27.9°, +57.1°)  batt=100.0%
[ep= 324 step=360 t=37.55h]  lat=-37.666° lon=-112.171° alt=693.3km  →  International (-37.7°, -112.2°)  batt=100.0%
[ep= 324 step=380 t=38.44h]  lat=+21.545° lon= +64.795° alt=681.0km  →  International (+21.5°, +64.8°)  batt= 99.8%
[ep= 324 step=400 t=38.97h]  lat=-81.157° lon= -52.783° alt=701.7km  →  International (-81.2°, -52.8°)  batt=100.0%
[ep= 324 step=420 t=39.14h]  lat=-49.284° lon=-108.907° alt=696.6km  →  International (-49.3°, -108.9°)  batt=100.0%
[ep= 324 step=440 t=39.25h]  lat=-25.284° lon=-114.541° alt=690.2km  →  International (-25.3°, -114.5°)  batt=100.0%
[ep= 324 step=460 t=41.70h]  lat=+26.315° lon= +65.741° alt=682.0km  →  International (+26.3°, +65.7°)  batt= 99.8%
[ep= 324 step=480 t=45.17h]  lat=-14.445° lon= +59.776° alt=680.0km  →  International (-14.4°, +59.8°)  batt= 99.7%
[ep= 325 step= 20 t= 2.67h]  lat=-44.974° lon= +51.973° alt=690.2km  →  International (-45.0°, +52.0°)  batt= 98.6%
[ep= 325 step= 40 t= 4.16h]  lat=-12.713° lon= +58.340° alt=680.7km  →  International (-12.7°, +58.3°)  batt= 97.8%
[ep= 325 step= 60 t= 4.33h]  lat=-50.670° lon= +50.220° alt=692.2km  →  International (-50.7°, +50.2°)  batt= 97.7%
[ep= 325 step= 80 t= 6.48h]  lat=-16.847° lon=-117.274° alt=687.4km  →  International (-16.8°, -117.3°)  batt= 96.6%
[ep= 325 step=100 t= 9.20h]  lat=-39.130° lon= +53.759° alt=687.8km  →  International (-39.1°, +53.8°)  batt= 95.1%
[ep= 325 step=120 t=14.28h]  lat=-71.651° lon= +35.304° alt=698.8km  →  International (-71.7°, +35.3°)  batt= 92.8%
[ep= 325 step=140 t=16.18h]  lat=-47.337° lon=-110.490° alt=695.5km  →  International (-47.3°, -110.5°)  batt= 94.2%
[ep= 325 step=160 t=16.35h]  lat=-11.800° lon=-117.631° alt=687.1km  →  International (-11.8°, -117.6°)  batt= 94.1%
[ep= 325 step=180 t=17.53h]  lat=-65.569° lon= +42.545° alt=697.1km  →  International (-65.6°, +42.5°)  batt= 95.3%
[ep= 325 step=200 t=17.84h]  lat=-43.419° lon=-111.559° alt=694.5km  →  International (-43.4°, -111.6°)  batt= 95.1%
[ep= 325 step=220 t=19.31h]  lat=-77.687° lon= -78.719° alt=701.6km  →  International (-77.7°, -78.7°)  batt= 98.3%
[ep= 325 step=240 t=22.13h]  lat= +2.396° lon= +61.251° alt=679.0km  →  International (+2.4°, +61.3°)   batt=100.0%
[ep= 325 step=260 t=25.46h]  lat= -7.397° lon= +59.997° alt=679.6km  →  International (-7.4°, +60.0°)   batt= 98.3%
[ep= 325 step=280 t=28.32h]  lat=+79.638° lon=+111.962° alt=699.0km  →  International (+79.6°, +112.0°)  batt= 97.7%
[ep= 325 step=300 t=30.38h]  lat= -8.412° lon= +60.052° alt=679.6km  →  International (-8.4°, +60.1°)   batt= 96.7%
[ep= 325 step=320 t=30.56h]  lat=-46.457° lon= +52.685° alt=690.4km  →  International (-46.5°, +52.7°)  batt= 96.6%
[ep= 325 step=340 t=32.03h]  lat=-10.578° lon= +59.804° alt=679.8km  →  International (-10.6°, +59.8°)  batt= 95.8%
[ep= 325 step=360 t=32.21h]  lat=-48.584° lon= +52.084° alt=691.1km  →  International (-48.6°, +52.1°)  batt= 95.7%
[ep= 325 step=380 t=37.28h]  lat=-79.371° lon= +12.544° alt=700.8km  →  International (-79.4°, +12.5°)  batt= 93.1%
[ep= 325 step=400 t=41.72h]  lat=+22.029° lon= +65.006° alt=681.0km  →  International (+22.0°, +65.0°)  batt= 91.8%
[ep= 325 step=420 t=42.54h]  lat=-22.748° lon=-114.840° alt=689.6km  →  International (-22.7°, -114.8°)  batt= 92.8%
[ep= 325 step=440 t=43.37h]  lat=+19.867° lon= +64.722° alt=680.5km  →  International (+19.9°, +64.7°)  batt= 93.6%
[ep= 325 step=460 t=46.86h]  lat=-24.542° lon= +58.223° alt=682.5km  →  International (-24.5°, +58.2°)  batt=100.0%
[ep= 326 step= 20 t= 4.69h]  lat=-49.677° lon=-110.195° alt=696.0km  →  International (-49.7°, -110.2°)  batt= 97.6%
[ep= 326 step= 40 t= 4.86h]  lat=-13.576° lon=-117.838° alt=687.1km  →  International (-13.6°, -117.8°)  batt= 97.6%
[ep= 326 step= 60 t= 6.03h]  lat=-61.567° lon= +45.076° alt=696.1km  →  International (-61.6°, +45.1°)  batt= 99.8%
[ep= 326 step= 80 t=10.46h]  lat=+44.116° lon= +68.327° alt=688.6km  →  International (+44.1°, +68.3°)  batt=100.0%
[ep= 326 step=100 t=14.87h]  lat=+22.968° lon=-122.826° alt=688.1km  →  International (+23.0°, -122.8°)  batt= 98.3%
[ep= 326 step=120 t=15.79h]  lat=-45.779° lon= +52.282° alt=690.7km  →  International (-45.8°, +52.3°)  batt= 97.8%
[ep= 326 step=140 t=17.21h]  lat= +2.882° lon= +61.120° alt=679.6km  →  International (+2.9°, +61.1°)   batt= 97.0%
[ep= 326 step=160 t=17.38h]  lat=-33.501° lon= +55.336° alt=686.2km  →  International (-33.5°, +55.3°)  batt= 96.9%
[ep= 326 step=180 t=18.55h]  lat=+67.181° lon= +80.449° alt=696.3km  →  International (+67.2°, +80.4°)  batt= 96.3%
[ep= 326 step=200 t=18.96h]  lat=-22.350° lon= +57.443° alt=682.7km  →  International (-22.3°, +57.4°)  batt= 99.1%
[ep= 326 step=220 t=19.46h]  lat=-47.347° lon=-110.348° alt=695.4km  →  International (-47.3°, -110.3°)  batt= 98.9%
[ep= 326 step=240 t=20.68h]  lat=-38.980° lon= +54.270° alt=687.9km  →  International (-39.0°, +54.3°)  batt= 98.2%
[ep= 326 step=260 t=22.74h]  lat=-48.478° lon=-109.855° alt=696.0km  →  International (-48.5°, -109.9°)  batt= 97.2%
[ep= 326 step=280 t=27.81h]  lat=-15.015° lon=-116.675° alt=687.7km  →  International (-15.0°, -116.7°)  batt= 98.5%
[ep= 326 step=300 t=29.39h]  lat=-29.194° lon=-114.246° alt=690.8km  →  International (-29.2°, -114.2°)  batt= 99.6%
[ep= 326 step=320 t=29.45h]  lat=-15.894° lon=-116.472° alt=687.9km  →  International (-15.9°, -116.5°)  batt= 99.6%
[ep= 326 step=340 t=30.24h]  lat=+22.700° lon= +64.646° alt=681.6km  →  International (+22.7°, +64.6°)  batt= 99.1%
[ep= 326 step=360 t=33.36h]  lat=+56.226° lon= +73.606° alt=692.4km  →  International (+56.2°, +73.6°)  batt= 98.3%
[ep= 326 step=380 t=37.48h]  lat=-52.696° lon=-107.738° alt=697.4km  →  International (-52.7°, -107.7°)  batt= 98.9%
[ep= 326 step=400 t=40.27h]  lat=-19.372° lon= +58.808° alt=681.8km  →  International (-19.4°, +58.8°)  batt= 97.4%
[ep= 326 step=420 t=40.44h]  lat=-55.391° lon= +49.822° alt=694.1km  →  International (-55.4°, +49.8°)  batt= 97.4%
[ep= 326 step=440 t=41.86h]  lat= -6.953° lon= +60.738° alt=679.6km  →  International (-7.0°, +60.7°)   batt= 96.6%
[ep= 326 step=460 t=42.02h]  lat=-43.227° lon= +54.081° alt=689.5km  →  International (-43.2°, +54.1°)  batt= 96.5%
[ep= 326 step=480 t=43.43h]  lat= +7.303° lon= +62.833° alt=679.3km  →  International (+7.3°, +62.8°)   batt= 95.8%
[ep= 326 step=500 t=43.60h]  lat=-29.117° lon= +57.273° alt=684.4km  →  International (-29.1°, +57.3°)  batt= 95.7%
[ep= 326 step=520 t=45.29h]  lat=-40.294° lon= +54.970° alt=688.2km  →  International (-40.3°, +55.0°)  batt= 94.8%
[ep= 327 step= 20 t= 0.94h]  lat=-26.595° lon= +55.971° alt=683.6km  →  International (-26.6°, +56.0°)  batt= 99.5%
[ep= 327 step= 40 t= 1.12h]  lat=-64.101° lon= +43.083° alt=696.6km  →  International (-64.1°, +43.1°)  batt= 99.4%
[ep= 327 step= 60 t= 2.54h]  lat=-17.850° lon= +57.489° alt=681.3km  →  International (-17.9°, +57.5°)  batt= 98.8%
[ep= 327 step= 80 t= 3.04h]  lat=-51.749° lon=-109.525° alt=696.6km  →  International (-51.7°, -109.5°)  batt= 98.5%
[ep= 327 step=100 t= 7.86h]  lat=-73.149° lon= -91.810° alt=701.0km  →  International (-73.1°, -91.8°)  batt= 96.3%
[ep= 327 step=120 t=11.98h]  lat=+68.372° lon= +81.423° alt=696.3km  →  International (+68.4°, +81.4°)  batt= 96.1%
[ep= 327 step=140 t=16.08h]  lat=-68.326° lon= -98.465° alt=700.6km  →  International (-68.3°, -98.5°)  batt= 99.2%
[ep= 327 step=160 t=20.19h]  lat=+66.799° lon= +80.119° alt=695.9km  →  International (+66.8°, +80.1°)  batt= 98.7%
[ep= 327 step=180 t=21.08h]  lat=-51.687° lon=-108.810° alt=696.9km  →  International (-51.7°, -108.8°)  batt= 99.3%
[ep= 327 step=200 t=22.28h]  lat=-30.968° lon= +56.039° alt=684.9km  →  International (-31.0°, +56.0°)  batt= 98.7%
[ep= 327 step=220 t=23.74h]  lat= +8.749° lon= +62.223° alt=679.3km  →  International (+8.7°, +62.2°)   batt= 98.2%
[ep= 327 step=240 t=23.92h]  lat=-29.494° lon= +56.385° alt=684.3km  →  International (-29.5°, +56.4°)  batt= 98.1%
[ep= 327 step=260 t=24.09h]  lat=-66.842° lon= +41.649° alt=697.5km  →  International (-66.8°, +41.6°)  batt= 98.0%
[ep= 327 step=280 t=25.57h]  lat=-33.454° lon= +55.678° alt=685.5km  →  International (-33.5°, +55.7°)  batt= 97.4%
[ep= 327 step=300 t=27.14h]  lat=-17.461° lon= +58.559° alt=680.8km  →  International (-17.5°, +58.6°)  batt= 96.6%
[ep= 327 step=320 t=28.91h]  lat=-44.942° lon= +53.061° alt=689.6km  →  International (-44.9°, +53.1°)  batt= 95.7%
[ep= 327 step=340 t=32.71h]  lat=-20.539° lon=-115.619° alt=689.1km  →  International (-20.5°, -115.6°)  batt= 94.2%
[ep= 327 step=360 t=34.28h]  lat=-34.685° lon=-112.970° alt=692.5km  →  International (-34.7°, -113.0°)  batt= 93.5%
[ep= 327 step=380 t=35.42h]  lat=-34.260° lon= +55.915° alt=685.6km  →  International (-34.3°, +55.9°)  batt= 93.1%
[ep= 327 step=400 t=39.21h]  lat=-33.066° lon=-113.101° alt=692.3km  →  International (-33.1°, -113.1°)  batt= 96.6%
[ep= 327 step=420 t=44.29h]  lat= +0.612° lon=-118.269° alt=686.8km  →  International (+0.6°, -118.3°)  batt= 98.3%
[ep= 327 step=440 t=45.29h]  lat=-39.880° lon= +55.063° alt=687.9km  →  International (-39.9°, +55.1°)  batt= 98.7%
[ep= 327 step=460 t=46.49h]  lat=+55.831° lon= +73.950° alt=692.0km  →  International (+55.8°, +74.0°)  batt= 98.1%
[ep= 328 step= 20 t= 4.16h]  lat=-12.713° lon= +58.341° alt=680.8km  →  International (-12.7°, +58.3°)  batt=100.0%
[ep= 328 step= 40 t= 4.33h]  lat=-48.885° lon= +50.838° alt=691.7km  →  International (-48.9°, +50.8°)  batt=100.0%
[ep= 328 step= 60 t= 5.76h]  lat= -3.939° lon= +59.679° alt=679.8km  →  International (-3.9°, +59.7°)   batt=100.0%
[ep= 328 step= 80 t= 5.92h]  lat=-40.251° lon= +53.356° alt=688.5km  →  International (-40.3°, +53.4°)  batt=100.0%
[ep= 328 step=100 t= 7.72h]  lat=-73.671° lon= +31.395° alt=699.4km  →  International (-73.7°, +31.4°)  batt=100.0%
[ep= 328 step=120 t= 9.22h]  lat=-42.727° lon= +52.860° alt=689.1km  →  International (-42.7°, +52.9°)  batt=100.0%
[ep= 328 step=140 t=12.81h]  lat=-67.273° lon= -99.710° alt=700.2km  →  International (-67.3°, -99.7°)  batt=100.0%
[ep= 328 step=160 t=17.23h]  lat= -2.663° lon= +60.332° alt=679.2km  →  International (-2.7°, +60.3°)   batt=100.0%
[ep= 328 step=180 t=17.84h]  lat=-43.418° lon=-111.560° alt=694.4km  →  International (-43.4°, -111.6°)  batt=100.0%
[ep= 328 step=200 t=17.96h]  lat=-16.909° lon=-116.792° alt=687.8km  →  International (-16.9°, -116.8°)  batt=100.0%
[ep= 328 step=220 t=18.05h]  lat= +1.284° lon=-119.439° alt=686.2km  →  International (+1.3°, -119.4°)  batt=100.0%
[ep= 328 step=240 t=20.84h]  lat=-72.869° lon= +33.491° alt=699.3km  →  International (-72.9°, +33.5°)  batt=100.0%
[ep= 328 step=260 t=24.65h]  lat=+10.533° lon=-120.492° alt=686.7km  →  International (+10.5°, -120.5°)  batt=100.0%
[ep= 328 step=280 t=29.73h]  lat=+44.107° lon=-126.667° alt=693.3km  →  International (+44.1°, -126.7°)  batt=100.0%
[ep= 328 step=300 t=30.45h]  lat=-23.592° lon= +57.708° alt=682.8km  →  International (-23.6°, +57.7°)  batt=100.0%
[ep= 328 step=320 t=30.62h]  lat=-61.230° lon= +46.309° alt=695.9km  →  International (-61.2°, +46.3°)  batt=100.0%
[ep= 328 step=340 t=33.81h]  lat=-40.560° lon= +54.429° alt=688.2km  →  International (-40.6°, +54.4°)  batt=100.0%
[ep= 328 step=360 t=39.20h]  lat=-35.470° lon=-112.594° alt=692.5km  →  International (-35.5°, -112.6°)  batt=100.0%
[ep= 328 step=380 t=42.00h]  lat=-38.625° lon= +55.230° alt=687.3km  →  International (-38.6°, +55.2°)  batt=100.0%
[ep= 328 step=400 t=46.43h]  lat=+66.833° lon= +81.245° alt=695.6km  →  International (+66.8°, +81.2°)  batt=100.0%
[ep= 329 step= 20 t= 1.39h]  lat=-53.852° lon=-108.762° alt=697.2km  →  International (-53.9°, -108.8°)  batt=100.0%
[ep= 329 step= 40 t= 6.02h]  lat=-59.864° lon= +46.129° alt=695.1km  →  International (-59.9°, +46.1°)  batt=100.0%
[ep= 329 step= 60 t= 8.15h]  lat=-11.036° lon=-118.083° alt=687.0km  →  International (-11.0°, -118.1°)  batt=100.0%
[ep= 329 step= 80 t=10.63h]  lat= +5.950° lon= +61.282° alt=678.9km  →  International (+5.9°, +61.3°)   batt= 99.8%
[ep= 329 step=100 t=14.42h]  lat=-73.509° lon= -90.830° alt=701.2km  →  International (-73.5°, -90.8°)  batt=100.0%
[ep= 329 step=120 t=18.95h]  lat=-19.462° lon= +57.911° alt=681.6km  →  International (-19.5°, +57.9°)  batt= 99.8%
[ep= 329 step=140 t=19.13h]  lat=-59.005° lon= +47.152° alt=695.1km  →  International (-59.0°, +47.2°)  batt=100.0%
[ep= 329 step=160 t=22.01h]  lat=+28.422° lon= +65.301° alt=683.1km  →  International (+28.4°, +65.3°)  batt= 99.9%
[ep= 329 step=180 t=22.46h]  lat=-67.726° lon= +40.690° alt=697.8km  →  International (-67.7°, +40.7°)  batt=100.0%
[ep= 329 step=200 t=22.62h]  lat=-72.544° lon= -92.297° alt=701.1km  →  International (-72.5°, -92.3°)  batt= 99.9%
[ep= 329 step=220 t=22.79h]  lat=-37.550° lon=-112.813° alt=692.8km  →  International (-37.6°, -112.8°)  batt=100.0%
[ep= 329 step=240 t=22.96h]  lat= -1.270° lon=-118.877° alt=686.3km  →  International (-1.3°, -118.9°)  batt=100.0%
[ep= 329 step=260 t=23.12h]  lat=+35.040° lon=-124.751° alt=691.1km  →  International (+35.0°, -124.8°)  batt=100.0%
[ep= 329 step=280 t=23.32h]  lat=+76.571° lon=-155.434° alt=699.7km  →  International (+76.6°, -155.4°)  batt=100.0%
[ep= 329 step=300 t=23.49h]  lat=+63.223° lon= +77.268° alt=694.7km  →  International (+63.2°, +77.3°)  batt=100.0%
[ep= 329 step=320 t=23.87h]  lat=-19.284° lon= +58.140° alt=681.3km  →  International (-19.3°, +58.1°)  batt=100.0%
[ep= 329 step=340 t=25.69h]  lat=-57.415° lon= +48.253° alt=694.3km  →  International (-57.4°, +48.3°)  batt= 99.9%
[ep= 329 step=360 t=28.50h]  lat=+43.321° lon= +68.843° alt=687.8km  →  International (+43.3°, +68.8°)  batt= 99.9%
[ep= 329 step=380 t=31.97h]  lat= +2.702° lon= +61.695° alt=678.6km  →  International (+2.7°, +61.7°)   batt=100.0%
[ep= 329 step=400 t=32.62h]  lat=-39.718° lon=-111.903° alt=693.8km  →  International (-39.7°, -111.9°)  batt= 99.9%
[ep= 329 step=420 t=34.46h]  lat= +3.553° lon=-119.088° alt=686.7km  →  International (+3.6°, -119.1°)  batt=100.0%
[ep= 329 step=440 t=36.29h]  lat=+45.538° lon=-126.808° alt=694.0km  →  International (+45.5°, -126.8°)  batt= 99.8%
[ep= 329 step=460 t=41.04h]  lat= +8.566° lon=-119.535° alt=686.9km  →  International (+8.6°, -119.5°)  batt=100.0%
[ep= 329 step=480 t=43.50h]  lat= -8.223° lon= +60.615° alt=679.2km  →  International (-8.2°, +60.6°)   batt=100.0%
[ep= 329 step=500 t=43.67h]  lat=-44.482° lon= +53.800° alt=689.6km  →  International (-44.5°, +53.8°)  batt= 99.9%
[ep= 329 step=520 t=45.80h]  lat=-26.764° lon=-114.022° alt=690.4km  →  International (-26.8°, -114.0°)  batt=100.0%
[ep= 330 step= 20 t= 2.64h]  lat=-39.581° lon= +53.383° alt=688.3km  →  International (-39.6°, +53.4°)  batt= 99.8%
[ep= 330 step= 40 t= 6.09h]  lat=-74.934° lon= +28.485° alt=699.7km  →  International (-74.9°, +28.5°)  batt=100.0%
[ep= 330 step= 60 t= 7.56h]  lat=-38.788° lon= +53.770° alt=687.7km  →  International (-38.8°, +53.8°)  batt= 99.8%
[ep= 330 step= 80 t=10.35h]  lat=+66.984° lon= +79.905° alt=696.2km  →  International (+67.0°, +79.9°)  batt=100.0%
[ep= 330 step=100 t=13.23h]  lat=+24.508° lon=-123.161° alt=688.8km  →  International (+24.5°, -123.2°)  batt=100.0%
[ep= 330 step=120 t=16.07h]  lat=-71.660° lon= -94.035° alt=700.9km  →  International (-71.7°, -94.0°)  batt=100.0%
[ep= 330 step=140 t=16.33h]  lat=-16.042° lon=-116.995° alt=687.7km  →  International (-16.0°, -117.0°)  batt=100.0%
[ep= 330 step=160 t=17.79h]  lat=-54.711° lon=-107.719° alt=697.6km  →  International (-54.7°, -107.7°)  batt=100.0%
[ep= 330 step=180 t=18.63h]  lat=+50.770° lon= +70.760° alt=690.6km  →  International (+50.8°, +70.8°)  batt=100.0%
[ep= 330 step=200 t=23.91h]  lat=-28.287° lon= +56.611° alt=684.0km  →  International (-28.3°, +56.6°)  batt= 99.8%
[ep= 330 step=220 t=27.15h]  lat=-19.873° lon= +58.181° alt=681.9km  →  International (-19.9°, +58.2°)  batt= 99.8%
[ep= 330 step=240 t=27.33h]  lat=-57.643° lon= +48.202° alt=694.7km  →  International (-57.6°, +48.2°)  batt=100.0%
[ep= 330 step=260 t=30.44h]  lat=-20.551° lon= +58.206° alt=681.9km  →  International (-20.6°, +58.2°)  batt= 99.8%
[ep= 330 step=280 t=30.60h]  lat=-56.539° lon= +48.877° alt=694.1km  →  International (-56.5°, +48.9°)  batt=100.0%
[ep= 330 step=300 t=34.41h]  lat= -6.863° lon=-117.609° alt=687.0km  →  International (-6.9°, -117.6°)  batt=100.0%
[ep= 330 step=320 t=38.53h]  lat= +3.279° lon= +62.048° alt=678.8km  →  International (+3.3°, +62.0°)   batt= 99.9%
[ep= 330 step=340 t=42.32h]  lat=-69.502° lon= -95.984° alt=701.0km  →  International (-69.5°, -96.0°)  batt=100.0%
[ep= 330 step=360 t=47.08h]  lat=-71.743° lon= +36.505° alt=699.0km  →  International (-71.7°, +36.5°)  batt=100.0%
[ep= 331 step= 20 t= 4.18h]  lat=-16.343° lon= +57.793° alt=681.6km  →  International (-16.3°, +57.8°)  batt= 99.6%
[ep= 331 step= 40 t= 5.33h]  lat=+81.918° lon=+146.066° alt=699.9km  →  International (+81.9°, +146.1°)  batt= 99.2%
[ep= 331 step= 60 t= 5.93h]  lat=-42.030° lon= +52.910° alt=689.2km  →  International (-42.0°, +52.9°)  batt= 98.9%
[ep= 331 step= 80 t= 7.19h]  lat=+41.168° lon= +67.412° alt=687.9km  →  International (+41.2°, +67.4°)  batt= 98.3%
[ep= 331 step=100 t= 7.54h]  lat=-35.152° lon= +54.586° alt=686.7km  →  International (-35.2°, +54.6°)  batt= 99.9%
[ep= 331 step=120 t= 8.04h]  lat=-34.652° lon=-114.050° alt=691.5km  →  International (-34.7°, -114.0°)  batt= 99.7%
[ep= 331 step=140 t=10.31h]  lat=+75.662° lon= +94.084° alt=698.5km  →  International (+75.7°, +94.1°)  batt= 99.3%
[ep= 331 step=160 t=13.80h]  lat=+31.416° lon= +65.528° alt=684.5km  →  International (+31.4°, +65.5°)  batt= 97.5%
[ep= 331 step=180 t=18.18h]  lat=+30.296° lon=-124.002° alt=689.9km  →  International (+30.3°, -124.0°)  batt= 95.1%
[ep= 331 step=200 t=19.66h]  lat= -3.894° lon=-118.640° alt=686.3km  →  International (-3.9°, -118.6°)  batt= 95.6%
[ep= 331 step=220 t=21.17h]  lat=-32.600° lon=-113.932° alt=691.4km  →  International (-32.6°, -113.9°)  batt= 96.8%
[ep= 331 step=240 t=22.00h]  lat=+31.563° lon= +65.895° alt=684.1km  →  International (+31.6°, +65.9°)  batt= 96.5%
[ep= 331 step=260 t=25.81h]  lat=-80.116° lon=  +6.697° alt=701.0km  →  International (-80.1°, +6.7°)   batt=100.0%
[ep= 331 step=280 t=28.79h]  lat=-18.927° lon= +58.399° alt=681.8km  →  International (-18.9°, +58.4°)  batt= 99.2%
[ep= 331 step=300 t=29.61h]  lat=+19.937° lon=-121.728° alt=687.7km  →  International (+19.9°, -121.7°)  batt= 98.8%
[ep= 331 step=320 t=30.45h]  lat=-22.897° lon= +57.821° alt=682.8km  →  International (-22.9°, +57.8°)  batt= 98.3%
[ep= 331 step=340 t=30.96h]  lat=-43.227° lon=-111.077° alt=694.4km  →  International (-43.2°, -111.1°)  batt= 98.1%
[ep= 331 step=360 t=32.01h]  lat= -6.846° lon= +60.340° alt=679.7km  →  International (-6.8°, +60.3°)   batt= 97.5%
[ep= 331 step=380 t=32.18h]  lat=-43.121° lon= +53.698° alt=689.3km  →  International (-43.1°, +53.7°)  batt= 97.4%
[ep= 331 step=400 t=33.74h]  lat=-25.385° lon= +57.530° alt=683.2km  →  International (-25.4°, +57.5°)  batt= 96.6%
[ep= 331 step=420 t=36.51h]  lat=+80.779° lon=+122.231° alt=699.3km  →  International (+80.8°, +122.2°)  batt= 95.1%
[ep= 331 step=440 t=40.62h]  lat=-79.757° lon= -66.731° alt=701.7km  →  International (-79.8°, -66.7°)  batt= 93.0%
[ep= 331 step=460 t=45.06h]  lat= +8.711° lon= +63.093° alt=679.0km  →  International (+8.7°, +63.1°)   batt= 94.6%
[ep= 332 step= 20 t= 0.99h]  lat=-37.447° lon= +53.811° alt=687.4km  →  International (-37.4°, +53.8°)  batt= 99.7%
[ep= 332 step= 40 t= 2.17h]  lat=+63.429° lon= +76.546° alt=695.3km  →  International (+63.4°, +76.5°)  batt= 99.9%
[ep= 332 step= 60 t= 2.58h]  lat=-25.110° lon= +56.298° alt=683.4km  →  International (-25.1°, +56.3°)  batt= 99.7%
[ep= 332 step= 80 t= 3.42h]  lat=+31.550° lon=-124.850° alt=690.1km  →  International (+31.5°, -124.9°)  batt=100.0%
[ep= 332 step=100 t= 8.82h]  lat=+44.416° lon= +68.341° alt=688.7km  →  International (+44.4°, +68.3°)  batt= 99.9%
[ep= 332 step=120 t=11.97h]  lat=+71.704° lon= +85.861° alt=697.6km  →  International (+71.7°, +85.9°)  batt=100.0%
[ep= 332 step=140 t=13.86h]  lat=+18.088° lon= +63.223° alt=680.8km  →  International (+18.1°, +63.2°)  batt= 99.8%
[ep= 332 step=160 t=14.68h]  lat=-18.813° lon=-116.628° alt=688.3km  →  International (-18.8°, -116.6°)  batt=100.0%
[ep= 332 step=180 t=15.83h]  lat=-54.749° lon= +49.087° alt=693.3km  →  International (-54.7°, +49.1°)  batt=100.0%
[ep= 332 step=200 t=20.91h]  lat=-81.912° lon= -24.540° alt=701.3km  →  International (-81.9°, -24.5°)  batt=100.0%
[ep= 332 step=220 t=24.02h]  lat=-51.057° lon= +50.899° alt=692.2km  →  International (-51.1°, +50.9°)  batt=100.0%
[ep= 332 step=240 t=26.50h]  lat=+55.872° lon=-130.970° alt=696.5km  →  International (+55.9°, -131.0°)  batt=100.0%
[ep= 332 step=260 t=27.65h]  lat=-50.396° lon=-108.997° alt=696.5km  →  International (-50.4°, -109.0°)  batt=100.0%
[ep= 332 step=280 t=28.82h]  lat=-26.843° lon= +57.079° alt=683.4km  →  International (-26.8°, +57.1°)  batt= 99.7%
[ep= 332 step=300 t=29.00h]  lat=-64.338° lon= +44.046° alt=696.7km  →  International (-64.3°, +44.0°)  batt=100.0%
[ep= 332 step=320 t=32.78h]  lat= -4.205° lon=-118.049° alt=686.9km  →  International (-4.2°, -118.0°)  batt=100.0%
[ep= 332 step=340 t=35.59h]  lat=-70.659° lon= +37.674° alt=698.5km  →  International (-70.7°, +37.7°)  batt=100.0%
[ep= 332 step=360 t=38.73h]  lat=-41.495° lon= +54.400° alt=688.2km  →  International (-41.5°, +54.4°)  batt= 99.7%
[ep= 332 step=380 t=39.26h]  lat=-23.471° lon=-114.851° alt=689.8km  →  International (-23.5°, -114.9°)  batt=100.0%
[ep= 332 step=400 t=40.96h]  lat= -8.599° lon=-117.079° alt=687.4km  →  International (-8.6°, -117.1°)  batt=100.0%
[ep= 332 step=420 t=45.07h]  lat= +6.832° lon= +62.835° alt=678.7km  →  International (+6.8°, +62.8°)   batt= 99.8%
[ep= 333 step= 20 t= 3.06h]  lat=-48.182° lon=-110.766° alt=695.7km  →  International (-48.2°, -110.8°)  batt=100.0%
[ep= 333 step= 40 t= 7.33h]  lat=+12.128° lon= +62.044° alt=679.8km  →  International (+12.1°, +62.0°)  batt= 99.8%
[ep= 333 step= 60 t=10.80h]  lat=-30.442° lon= +55.668° alt=684.5km  →  International (-30.4°, +55.7°)  batt= 99.7%
[ep= 333 step= 80 t=12.94h]  lat=-39.003° lon=-112.880° alt=693.4km  →  International (-39.0°, -112.9°)  batt=100.0%
[ep= 333 step=100 t=13.15h]  lat= +6.359° lon=-120.364° alt=686.6km  →  International (+6.4°, -120.4°)  batt=100.0%
[ep= 333 step=120 t=18.56h]  lat=+65.381° lon= +78.762° alt=695.4km  →  International (+65.4°, +78.8°)  batt=100.0%
[ep= 333 step=140 t=22.16h]  lat= -3.712° lon= +60.385° alt=679.1km  →  International (-3.7°, +60.4°)   batt= 99.8%
[ep= 333 step=160 t=22.32h]  lat=-40.032° lon= +54.085° alt=688.0km  →  International (-40.0°, +54.1°)  batt= 99.7%
[ep= 333 step=180 t=24.47h]  lat=-29.428° lon=-114.411° alt=690.7km  →  International (-29.4°, -114.4°)  batt=100.0%
[ep= 333 step=200 t=26.38h]  lat=+29.653° lon=-123.541° alt=690.1km  →  International (+29.7°, -123.5°)  batt=100.0%
[ep= 333 step=220 t=27.95h]  lat=+15.481° lon=-121.099° alt=687.6km  →  International (+15.5°, -121.1°)  batt=100.0%
[ep= 333 step=240 t=32.68h]  lat=-27.142° lon=-114.494° alt=690.5km  →  International (-27.1°, -114.5°)  batt=100.0%
[ep= 333 step=260 t=34.23h]  lat=-46.614° lon=-109.975° alt=695.8km  →  International (-46.6°, -110.0°)  batt=100.0%
[ep= 333 step=280 t=34.39h]  lat=-11.069° lon=-116.999° alt=687.6km  →  International (-11.1°, -117.0°)  batt=100.0%
[ep= 333 step=300 t=36.87h]  lat= +7.806° lon= +62.628° alt=678.6km  →  International (+7.8°, +62.6°)   batt= 99.8%
[ep= 333 step=320 t=41.93h]  lat=-24.193° lon= +58.078° alt=682.5km  →  International (-24.2°, +58.1°)  batt= 99.7%
[ep= 333 step=340 t=44.08h]  lat=-45.206° lon=-109.987° alt=695.5km  →  International (-45.2°, -110.0°)  batt=100.0%
[ep= 333 step=360 t=45.29h]  lat=-41.145° lon= +54.755° alt=688.3km  →  International (-41.1°, +54.8°)  batt= 99.7%
[ep= 333 step=380 t=47.86h]  lat=+63.680° lon=-134.671° alt=698.0km  →  International (+63.7°, -134.7°)  batt=100.0%
[ep= 334 step= 20 t= 5.71h]  lat= +7.001° lon= +61.234° alt=679.8km  →  International (+7.0°, +61.2°)   batt=100.0%
[ep= 334 step= 40 t= 5.88h]  lat=-29.412° lon= +55.663° alt=684.8km  →  International (-29.4°, +55.7°)  batt= 99.9%
[ep= 334 step= 60 t= 7.70h]  lat=-68.771° lon= +38.926° alt=698.1km  →  International (-68.8°, +38.9°)  batt=100.0%
[ep= 334 step= 80 t= 9.20h]  lat=-39.132° lon= +53.762° alt=687.8km  →  International (-39.1°, +53.8°)  batt=100.0%
[ep= 334 step=100 t=11.87h]  lat=+80.352° lon=-175.932° alt=700.0km  →  International (+80.4°, -175.9°)  batt=100.0%
[ep= 334 step=120 t=16.31h]  lat=-20.271° lon=-116.325° alt=688.4km  →  International (-20.3°, -116.3°)  batt= 99.8%
[ep= 334 step=140 t=16.77h]  lat=+77.816° lon=-160.314° alt=699.9km  →  International (+77.8°, -160.3°)  batt=100.0%
[ep= 334 step=160 t=18.93h]  lat=-15.166° lon= +58.584° alt=680.6km  →  International (-15.2°, +58.6°)  batt=100.0%
[ep= 334 step=180 t=22.72h]  lat=-51.927° lon=-108.639° alt=697.0km  →  International (-51.9°, -108.6°)  batt=100.0%
[ep= 334 step=200 t=27.09h]  lat= -5.928° lon= +60.283° alt=679.6km  →  International (-5.9°, +60.3°)   batt=100.0%
[ep= 334 step=220 t=27.27h]  lat=-45.806° lon= +52.756° alt=690.4km  →  International (-45.8°, +52.8°)  batt=100.0%
[ep= 334 step=240 t=28.78h]  lat=-17.199° lon= +58.683° alt=681.3km  →  International (-17.2°, +58.7°)  batt=100.0%
[ep= 334 step=260 t=28.95h]  lat=-53.275° lon= +50.256° alt=693.1km  →  International (-53.3°, +50.3°)  batt=100.0%
[ep= 334 step=280 t=30.31h]  lat= +6.160° lon= +62.135° alt=679.3km  →  International (+6.2°, +62.1°)   batt=100.0%
[ep= 334 step=300 t=30.48h]  lat=-30.252° lon= +56.526° alt=684.7km  →  International (-30.3°, +56.5°)  batt=100.0%
[ep= 334 step=320 t=32.30h]  lat=-67.871° lon= +40.951° alt=697.9km  →  International (-67.9°, +41.0°)  batt=100.0%
[ep= 334 step=340 t=36.90h]  lat= +1.152° lon= +61.695° alt=678.9km  →  International (+1.2°, +61.7°)   batt=100.0%
[ep= 334 step=360 t=40.36h]  lat=-39.498° lon= +54.970° alt=687.7km  →  International (-39.5°, +55.0°)  batt=100.0%
[ep= 334 step=380 t=40.87h]  lat=-28.500° lon=-113.893° alt=690.8km  →  International (-28.5°, -113.9°)  batt=100.0%
[ep= 334 step=400 t=42.36h]  lat=-60.337° lon=-103.837° alt=699.3km  →  International (-60.3°, -103.8°)  batt=100.0%
[ep= 334 step=420 t=46.81h]  lat=-15.479° lon= +59.695° alt=680.3km  →  International (-15.5°, +59.7°)  batt=100.0%
[ep= 335 step= 20 t= 2.48h]  lat= -5.089° lon= +59.378° alt=679.6km  →  International (-5.1°, +59.4°)   batt= 99.7%
[ep= 335 step= 40 t= 2.65h]  lat=-41.389° lon= +52.935° alt=688.6km  →  International (-41.4°, +52.9°)  batt=100.0%
[ep= 335 step= 60 t= 4.17h]  lat=-14.543° lon= +58.063° alt=680.7km  →  International (-14.5°, +58.1°)  batt= 99.7%
[ep= 335 step= 80 t= 4.33h]  lat=-50.682° lon= +50.214° alt=691.9km  →  International (-50.7°, +50.2°)  batt=100.0%
[ep= 335 step=100 t= 8.10h]  lat=-21.950° lon=-116.398° alt=688.9km  →  International (-21.9°, -116.4°)  batt=100.0%
[ep= 335 step=120 t=12.54h]  lat=-52.323° lon= +49.942° alt=692.4km  →  International (-52.3°, +49.9°)  batt=100.0%
[ep= 335 step=140 t=17.61h]  lat=-80.554° lon=  +2.344° alt=701.0km  →  International (-80.6°, +2.3°)   batt=100.0%
[ep= 335 step=160 t=21.71h]  lat=+80.450° lon=-176.442° alt=700.0km  →  International (+80.5°, -176.4°)  batt=100.0%
[ep= 335 step=180 t=22.38h]  lat=-52.524° lon= +50.272° alt=692.7km  →  International (-52.5°, +50.3°)  batt=100.0%
[ep= 335 step=200 t=23.89h]  lat=-24.035° lon= +57.358° alt=682.8km  →  International (-24.0°, +57.4°)  batt=100.0%
[ep= 335 step=220 t=24.73h]  lat=+28.657° lon=-123.425° alt=689.7km  →  International (+28.7°, -123.4°)  batt=100.0%
[ep= 335 step=240 t=28.88h]  lat=-39.527° lon= +54.470° alt=687.6km  →  International (-39.5°, +54.5°)  batt=100.0%
[ep= 335 step=260 t=31.68h]  lat=+64.592° lon= +78.645° alt=695.2km  →  International (+64.6°, +78.6°)  batt= 99.9%
[ep= 335 step=280 t=35.81h]  lat=-59.353° lon=-104.702° alt=699.1km  →  International (-59.4°, -104.7°)  batt=100.0%
[ep= 335 step=300 t=38.98h]  lat=-80.582° lon= -59.732° alt=701.8km  →  International (-80.6°, -59.7°)  batt=100.0%
[ep= 335 step=320 t=41.79h]  lat= +6.869° lon= +62.690° alt=678.5km  →  International (+6.9°, +62.7°)   batt= 99.8%
[ep= 335 step=340 t=45.25h]  lat=-32.032° lon= +56.773° alt=684.9km  →  International (-32.0°, +56.8°)  batt=100.0%
[ep= 336 step= 20 t= 4.13h]  lat= -7.247° lon= +59.139° alt=680.0km  →  International (-7.2°, +59.1°)   batt= 99.8%
[ep= 336 step= 40 t= 4.30h]  lat=-43.513° lon= +52.447° alt=689.7km  →  International (-43.5°, +52.4°)  batt= 99.7%
[ep= 336 step= 60 t= 5.76h]  lat= -3.940° lon= +59.678° alt=679.7km  →  International (-3.9°, +59.7°)   batt= 99.9%
[ep= 336 step= 80 t= 5.92h]  lat=-40.252° lon= +53.354° alt=688.4km  →  International (-40.3°, +53.4°)  batt= 99.8%
[ep= 336 step=100 t= 8.38h]  lat=+39.775° lon=-126.429° alt=692.1km  →  International (+39.8°, -126.4°)  batt=100.0%
[ep= 336 step=120 t=10.93h]  lat=-57.322° lon= +47.692° alt=694.5km  →  International (-57.3°, +47.7°)  batt= 99.9%
[ep= 336 step=140 t=14.85h]  lat=+19.403° lon=-122.249° alt=687.8km  →  International (+19.4°, -122.2°)  batt=100.0%
[ep= 336 step=160 t=16.36h]  lat= -8.157° lon=-118.163° alt=686.6km  →  International (-8.2°, -118.2°)  batt=100.0%
[ep= 336 step=180 t=16.75h]  lat=+74.388° lon=-149.780° alt=699.6km  →  International (+74.4°, -149.8°)  batt=100.0%
[ep= 336 step=200 t=18.92h]  lat=-12.734° lon= +58.944° alt=680.2km  →  International (-12.7°, +58.9°)  batt= 99.8%
[ep= 336 step=220 t=22.73h]  lat=-50.747° lon=-109.080° alt=696.6km  →  International (-50.7°, -109.1°)  batt=100.0%
[ep= 336 step=240 t=26.35h]  lat=+24.186° lon=-122.559° alt=688.5km  →  International (+24.2°, -122.6°)  batt=100.0%
[ep= 336 step=260 t=28.74h]  lat= -9.298° lon= +59.857° alt=679.9km  →  International (-9.3°, +59.9°)   batt= 99.8%
[ep= 336 step=280 t=28.91h]  lat=-45.535° lon= +52.893° alt=690.2km  →  International (-45.5°, +52.9°)  batt= 99.7%
[ep= 336 step=300 t=33.00h]  lat=+43.583° lon=-126.389° alt=693.3km  →  International (+43.6°, -126.4°)  batt=100.0%
[ep= 336 step=320 t=37.16h]  lat=-56.101° lon= +49.365° alt=693.9km  →  International (-56.1°, +49.4°)  batt=100.0%
[ep= 336 step=340 t=40.29h]  lat=-24.406° lon= +57.975° alt=682.6km  →  International (-24.4°, +58.0°)  batt= 99.8%
[ep= 336 step=360 t=45.04h]  lat=+12.831° lon= +63.706° alt=679.3km  →  International (+12.8°, +63.7°)  batt= 99.9%
[ep= 337 step= 20 t= 0.91h]  lat=-19.327° lon= +57.189° alt=681.8km  →  International (-19.3°, +57.2°)  batt= 99.5%
[ep= 337 step= 40 t= 1.08h]  lat=-55.349° lon= +48.217° alt=693.7km  →  International (-55.3°, +48.2°)  batt= 99.4%
[ep= 337 step= 60 t= 4.53h]  lat=-81.302° lon= -52.023° alt=701.5km  →  International (-81.3°, -52.0°)  batt= 97.6%
[ep= 337 step= 80 t= 8.96h]  lat=+13.622° lon= +62.335° alt=680.0km  →  International (+13.6°, +62.3°)  batt= 97.4%
[ep= 337 step=100 t=11.43h]  lat=-12.202° lon=-117.774° alt=687.3km  →  International (-12.2°, -117.8°)  batt= 99.6%
[ep= 337 step=120 t=13.88h]  lat=+12.597° lon= +62.386° alt=679.6km  →  International (+12.6°, +62.4°)  batt= 99.1%
[ep= 337 step=140 t=17.01h]  lat=+46.333° lon= +69.233° alt=689.0km  →  International (+46.3°, +69.2°)  batt=100.0%
[ep= 337 step=160 t=19.77h]  lat=+18.598° lon=-121.914° alt=687.8km  →  International (+18.6°, -121.9°)  batt= 99.6%
[ep= 337 step=180 t=22.32h]  lat=-38.196° lon= +54.524° alt=687.4km  →  International (-38.2°, +54.5°)  batt= 98.3%
[ep= 337 step=200 t=24.47h]  lat=-29.467° lon=-114.400° alt=690.8km  →  International (-29.5°, -114.4°)  batt= 97.1%
[ep= 337 step=220 t=25.55h]  lat=-28.018° lon= +56.732° alt=683.8km  →  International (-28.0°, +56.7°)  batt= 96.5%
[ep= 337 step=240 t=26.05h]  lat=-41.750° lon=-111.662° alt=694.1km  →  International (-41.7°, -111.7°)  batt= 96.2%
[ep= 337 step=260 t=30.80h]  lat=-76.802° lon= -81.593° alt=701.7km  →  International (-76.8°, -81.6°)  batt= 93.8%
[ep= 337 step=280 t=35.56h]  lat=-63.924° lon= +44.643° alt=696.5km  →  International (-63.9°, +44.6°)  batt= 99.9%
[ep= 337 step=300 t=39.98h]  lat=+43.472° lon= +69.365° alt=687.4km  →  International (+43.5°, +69.4°)  batt= 99.1%
[ep= 337 step=320 t=43.58h]  lat=-24.466° lon= +58.106° alt=682.6km  →  International (-24.5°, +58.1°)  batt= 99.9%
[ep= 337 step=340 t=45.28h]  lat=-39.277° lon= +55.221° alt=687.6km  →  International (-39.3°, +55.2°)  batt= 99.1%
[ep= 337 step=360 t=46.58h]  lat=+34.929° lon= +67.600° alt=684.7km  →  International (+34.9°, +67.6°)  batt= 98.5%
[ep= 337 step=380 t=47.94h]  lat=+78.501° lon=-162.138° alt=699.7km  →  International (+78.5°, -162.1°)  batt= 99.4%
[ep= 338 step= 20 t= 0.90h]  lat=-17.509° lon= +57.476° alt=681.3km  →  International (-17.5°, +57.5°)  batt=100.0%
[ep= 338 step= 40 t= 1.07h]  lat=-53.579° lon= +48.975° alt=693.0km  →  International (-53.6°, +49.0°)  batt=100.0%
[ep= 338 step= 60 t= 2.62h]  lat=-34.185° lon= +54.587° alt=685.9km  →  International (-34.2°, +54.6°)  batt=100.0%
[ep= 338 step= 80 t= 4.43h]  lat=-71.487° lon= +35.165° alt=698.8km  →  International (-71.5°, +35.2°)  batt=100.0%
[ep= 338 step=100 t= 9.19h]  lat=-37.326° lon= +54.180° alt=686.9km  →  International (-37.3°, +54.2°)  batt=100.0%
[ep= 338 step=120 t=12.98h]  lat=-29.991° lon=-114.774° alt=691.0km  →  International (-30.0°, -114.8°)  batt=100.0%
[ep= 338 step=140 t=17.41h]  lat=-40.820° lon= +53.695° alt=688.2km  →  International (-40.8°, +53.7°)  batt=100.0%
[ep= 338 step=160 t=20.60h]  lat=-21.574° lon= +57.643° alt=682.1km  →  International (-21.6°, +57.6°)  batt=100.0%
[ep= 338 step=180 t=21.44h]  lat=+26.204° lon=-123.108° alt=689.1km  →  International (+26.2°, -123.1°)  batt= 99.7%
[ep= 338 step=200 t=26.19h]  lat=-10.955° lon=-117.346° alt=687.3km  →  International (-11.0°, -117.3°)  batt= 99.9%
[ep= 338 step=220 t=31.24h]  lat=+17.342° lon=-121.243° alt=688.0km  →  International (+17.3°, -121.2°)  batt= 99.8%
[ep= 338 step=240 t=35.68h]  lat=-81.914° lon= -32.942° alt=701.6km  →  International (-81.9°, -32.9°)  batt=100.0%
[ep= 338 step=260 t=36.95h]  lat=-11.016° lon= +59.948° alt=679.3km  →  International (-11.0°, +59.9°)  batt=100.0%
[ep= 338 step=280 t=40.10h]  lat=+17.480° lon= +64.213° alt=679.9km  →  International (+17.5°, +64.2°)  batt=100.0%
[ep= 338 step=300 t=43.62h]  lat=-34.167° lon= +56.290° alt=685.8km  →  International (-34.2°, +56.3°)  batt=100.0%
[ep= 338 step=320 t=46.42h]  lat=+69.636° lon= +84.349° alt=696.3km  →  International (+69.6°, +84.3°)  batt=100.0%
[ep= 338 step=340 t=46.91h]  lat=-36.645° lon= +55.893° alt=686.6km  →  International (-36.6°, +55.9°)  batt= 99.8%
[ep= 338 step=360 t=47.79h]  lat=+48.372° lon=-127.193° alt=694.7km  →  International (+48.4°, -127.2°)  batt= 99.7%
[ep= 339 step= 20 t= 0.90h]  lat=-17.507° lon= +57.475° alt=681.4km  →  International (-17.5°, +57.5°)  batt= 99.5%
[ep= 339 step= 40 t= 1.08h]  lat=-55.349° lon= +48.217° alt=693.7km  →  International (-55.3°, +48.2°)  batt= 99.4%
[ep= 339 step= 60 t= 2.51h]  lat=-10.562° lon= +58.588° alt=680.1km  →  International (-10.6°, +58.6°)  batt= 98.6%
[ep= 339 step= 80 t= 2.67h]  lat=-46.778° lon= +51.439° alt=690.5km  →  International (-46.8°, +51.4°)  batt= 98.6%
[ep= 339 step=100 t= 4.28h]  lat=-39.933° lon= +53.364° alt=687.9km  →  International (-39.9°, +53.4°)  batt= 97.7%
[ep= 339 step=120 t= 8.37h]  lat=+36.164° lon=-125.600° alt=691.7km  →  International (+36.2°, -125.6°)  batt= 95.6%
[ep= 339 step=140 t=12.49h]  lat=-41.593° lon= +53.287° alt=688.4km  →  International (-41.6°, +53.3°)  batt= 99.8%
[ep= 339 step=160 t=13.00h]  lat=-26.387° lon=-115.438° alt=690.0km  →  International (-26.4°, -115.4°)  batt= 99.6%
[ep= 339 step=180 t=13.51h]  lat=+80.521° lon=-177.499° alt=699.9km  →  International (+80.5°, -177.5°)  batt= 99.3%
[ep= 339 step=200 t=17.32h]  lat=-20.888° lon= +57.610° alt=681.6km  →  International (-20.9°, +57.6°)  batt=100.0%
[ep= 339 step=220 t=21.76h]  lat=+80.094° lon=+115.077° alt=699.1km  →  International (+80.1°, +115.1°)  batt= 98.5%
[ep= 339 step=240 t=22.34h]  lat=-43.591° lon= +53.168° alt=689.4km  →  International (-43.6°, +53.2°)  batt= 98.2%
[ep= 339 step=260 t=23.20h]  lat=+51.694° lon=-129.377° alt=695.4km  →  International (+51.7°, -129.4°)  batt= 97.7%
[ep= 339 step=280 t=25.65h]  lat=-49.629° lon= +51.460° alt=691.5km  →  International (-49.6°, +51.5°)  batt= 96.5%
[ep= 339 step=300 t=27.25h]  lat=-41.002° lon= +54.042° alt=688.2km  →  International (-41.0°, +54.0°)  batt= 95.7%
[ep= 339 step=320 t=28.91h]  lat=-44.935° lon= +53.061° alt=689.6km  →  International (-44.9°, +53.1°)  batt= 94.8%
[ep= 339 step=340 t=32.37h]  lat=-80.228° lon=  +6.029° alt=700.9km  →  International (-80.2°, +6.0°)   batt= 95.7%
[ep= 339 step=360 t=36.80h]  lat=+22.449° lon= +64.863° alt=681.0km  →  International (+22.4°, +64.9°)  batt=100.0%
[ep= 339 step=380 t=42.19h]  lat=-77.964° lon= +20.106° alt=700.5km  →  International (-78.0°, +20.1°)  batt= 98.0%
[ep= 339 step=400 t=46.78h]  lat= -8.742° lon= +60.671° alt=679.3km  →  International (-8.7°, +60.7°)   batt= 98.3%
[ep= 339 step=420 t=46.95h]  lat=-44.993° lon= +53.785° alt=689.8km  →  International (-45.0°, +53.8°)  batt= 98.2%
[ep= 339 step=440 t=47.88h]  lat=+68.717° lon=-139.359° alt=698.9km  →  International (+68.7°, -139.4°)  batt= 97.7%
[ep= 340 step= 20 t= 1.00h]  lat=-39.259° lon= +53.393° alt=687.7km  →  International (-39.3°, +53.4°)  batt= 99.5%
[ep= 340 step= 40 t= 3.15h]  lat=-28.387° lon=-115.481° alt=690.3km  →  International (-28.4°, -115.5°)  batt= 98.3%
[ep= 340 step= 60 t= 7.68h]  lat=-65.384° lon= +42.314° alt=696.9km  →  International (-65.4°, +42.3°)  batt= 99.8%
[ep= 340 step= 80 t=11.81h]  lat=+70.285° lon=-142.797° alt=699.2km  →  International (+70.3°, -142.8°)  batt= 99.4%
[ep= 340 step=100 t=16.25h]  lat=-32.920° lon=-114.071° alt=691.8km  →  International (-32.9°, -114.1°)  batt= 98.7%
[ep= 340 step=120 t=19.05h]  lat=-41.158° lon= +53.676° alt=688.5km  →  International (-41.2°, +53.7°)  batt= 99.1%
[ep= 340 step=140 t=22.15h]  lat= -1.883° lon= +60.646° alt=679.1km  →  International (-1.9°, +60.6°)   batt= 97.5%
[ep= 340 step=160 t=22.32h]  lat=-38.225° lon= +54.515° alt=687.3km  →  International (-38.2°, +54.5°)  batt= 97.4%
[ep= 340 step=180 t=23.77h]  lat= +3.248° lon= +61.440° alt=678.9km  →  International (+3.2°, +61.4°)   batt= 96.6%
[ep= 340 step=200 t=23.93h]  lat=-33.146° lon= +55.679° alt=685.4km  →  International (-33.1°, +55.7°)  batt= 96.5%
[ep= 340 step=220 t=24.44h]  lat=-34.853° lon=-113.332° alt=692.2km  →  International (-34.9°, -113.3°)  batt= 96.3%
[ep= 340 step=240 t=25.35h]  lat=+15.057° lon= +63.228° alt=679.9km  →  International (+15.1°, +63.2°)  batt=100.0%
[ep= 340 step=260 t=27.72h]  lat=-34.774° lon=-113.215° alt=692.4km  →  International (-34.8°, -113.2°)  batt= 98.8%
[ep= 340 step=280 t=33.42h]  lat=+43.574° lon= +69.120° alt=687.7km  →  International (+43.6°, +69.1°)  batt= 96.0%
[ep= 340 step=300 t=35.91h]  lat=-36.704° lon=-112.459° alt=693.2km  →  International (-36.7°, -112.5°)  batt= 98.6%
[ep= 340 step=320 t=36.08h]  lat= -0.422° lon=-118.454° alt=686.9km  →  International (-0.4°, -118.5°)  batt= 98.6%
[ep= 340 step=340 t=37.57h]  lat=-32.755° lon=-113.224° alt=692.2km  →  International (-32.8°, -113.2°)  batt= 99.8%
[ep= 340 step=360 t=42.00h]  lat=-38.067° lon= +55.365° alt=687.1km  →  International (-38.1°, +55.4°)  batt=100.0%
[ep= 340 step=380 t=45.15h]  lat= -9.690° lon= +60.475° alt=679.4km  →  International (-9.7°, +60.5°)   batt= 98.3%
[ep= 340 step=400 t=45.31h]  lat=-45.925° lon= +53.457° alt=690.1km  →  International (-45.9°, +53.5°)  batt= 98.2%
[ep= 340 step=420 t=46.54h]  lat=+44.479° lon= +69.912° alt=687.9km  →  International (+44.5°, +69.9°)  batt= 97.6%
[ep= 340 step=440 t=47.86h]  lat=+64.246° lon=-135.101° alt=698.1km  →  International (+64.2°, -135.1°)  batt= 99.4%
[ep= 341 step= 20 t= 3.16h]  lat=-26.603° lon=-115.801° alt=689.5km  →  International (-26.6°, -115.8°)  batt=100.0%
[ep= 341 step= 40 t= 5.84h]  lat=-22.126° lon= +56.942° alt=682.9km  →  International (-22.1°, +56.9°)  batt= 99.8%
[ep= 341 step= 60 t= 6.01h]  lat=-58.062° lon= +47.119° alt=695.0km  →  International (-58.1°, +47.1°)  batt=100.0%
[ep= 341 step= 80 t= 7.50h]  lat=-26.091° lon= +56.335° alt=684.0km  →  International (-26.1°, +56.3°)  batt= 99.8%
[ep= 341 step=100 t= 8.00h]  lat=-43.658° lon=-111.900° alt=694.1km  →  International (-43.7°, -111.9°)  batt=100.0%
[ep= 341 step=120 t= 9.12h]  lat=-20.975° lon= +57.265° alt=682.5km  →  International (-21.0°, +57.3°)  batt= 99.8%
[ep= 341 step=140 t= 9.28h]  lat=-56.947° lon= +47.812° alt=694.5km  →  International (-56.9°, +47.8°)  batt=100.0%
[ep= 341 step=160 t=10.78h]  lat=-24.944° lon= +56.669° alt=683.4km  →  International (-24.9°, +56.7°)  batt= 99.8%
[ep= 341 step=180 t=11.95h]  lat=+74.888° lon= +92.129° alt=698.3km  →  International (+74.9°, +92.1°)  batt=100.0%
[ep= 341 step=200 t=15.75h]  lat=-36.796° lon= +54.574° alt=687.1km  →  International (-36.8°, +54.6°)  batt= 99.7%
[ep= 341 step=220 t=19.22h]  lat=-75.615° lon= +27.276° alt=699.9km  →  International (-75.6°, +27.3°)  batt=100.0%
[ep= 341 step=240 t=22.68h]  lat=-60.253° lon=-104.708° alt=699.0km  →  International (-60.3°, -104.7°)  batt=100.0%
[ep= 341 step=260 t=26.77h]  lat=+63.891° lon= +77.903° alt=695.2km  →  International (+63.9°, +77.9°)  batt=100.0%
[ep= 341 step=280 t=28.88h]  lat=-37.631° lon= +54.930° alt=687.5km  →  International (-37.6°, +54.9°)  batt= 99.7%
[ep= 341 step=300 t=30.48h]  lat=-28.916° lon= +56.777° alt=684.5km  →  International (-28.9°, +56.8°)  batt= 99.8%
[ep= 341 step=320 t=30.65h]  lat=-66.297° lon= +42.453° alt=697.6km  →  International (-66.3°, +42.5°)  batt=100.0%
[ep= 341 step=340 t=33.62h]  lat= +1.363° lon= +61.586° alt=679.3km  →  International (+1.4°, +61.6°)   batt= 99.8%
[ep= 341 step=360 t=33.78h]  lat=-35.011° lon= +55.706° alt=686.4km  →  International (-35.0°, +55.7°)  batt= 99.8%
[ep= 341 step=380 t=35.26h]  lat= +1.025° lon= +61.606° alt=679.1km  →  International (+1.0°, +61.6°)   batt= 99.8%
[ep= 341 step=400 t=35.46h]  lat=-42.556° lon= +53.997° alt=689.0km  →  International (-42.6°, +54.0°)  batt= 99.7%
[ep= 341 step=420 t=37.53h]  lat=-41.336° lon=-111.290° alt=694.1km  →  International (-41.3°, -111.3°)  batt=100.0%
[ep= 341 step=440 t=41.43h]  lat=+80.905° lon=+123.912° alt=699.5km  →  International (+80.9°, +123.9°)  batt=100.0%
[ep= 341 step=460 t=44.92h]  lat=+40.823° lon= +68.889° alt=686.8km  →  International (+40.8°, +68.9°)  batt= 99.9%
[ep= 342 step= 20 t= 1.49h]  lat=-32.356° lon=-114.789° alt=691.1km  →  International (-32.4°, -114.8°)  batt= 99.7%
[ep= 342 step= 40 t= 2.40h]  lat=+13.145° lon= +61.995° alt=680.2km  →  International (+13.1°, +62.0°)  batt=100.0%
[ep= 342 step= 60 t= 3.24h]  lat= -9.644° lon=-118.486° alt=686.7km  →  International (-9.6°, -118.5°)  batt= 99.9%
[ep= 342 step= 80 t= 3.74h]  lat=+75.757° lon= +94.086° alt=698.3km  →  International (+75.8°, +94.1°)  batt=100.0%
[ep= 342 step=100 t= 4.61h]  lat=-66.588° lon=-100.707° alt=700.2km  →  International (-66.6°, -100.7°)  batt=100.0%
[ep= 342 step=120 t= 4.77h]  lat=-32.287° lon=-114.666° alt=691.3km  →  International (-32.3°, -114.7°)  batt= 99.9%
[ep= 342 step=140 t= 5.28h]  lat=+75.464° lon=-152.903° alt=699.7km  →  International (+75.5°, -152.9°)  batt=100.0%
[ep= 342 step=160 t= 5.45h]  lat=+62.786° lon= +76.216° alt=694.8km  →  International (+62.8°, +76.2°)  batt=100.0%
[ep= 342 step=180 t= 6.30h]  lat=-56.416° lon=-107.421° alt=698.0km  →  International (-56.4°, -107.4°)  batt=100.0%
[ep= 342 step=200 t= 6.47h]  lat=-20.481° lon=-116.701° alt=688.5km  →  International (-20.5°, -116.7°)  batt= 99.9%
[ep= 342 step=220 t= 6.63h]  lat=+15.899° lon=-122.040° alt=687.2km  →  International (+15.9°, -122.0°)  batt=100.0%
[ep= 342 step=240 t= 7.82h]  lat=-80.109° lon= -65.351° alt=701.6km  →  International (-80.1°, -65.4°)  batt= 99.7%
[ep= 342 step=260 t= 9.00h]  lat= +4.511° lon= +61.012° alt=679.5km  →  International (+4.5°, +61.0°)   batt=100.0%
[ep= 342 step=280 t= 9.50h]  lat=-72.869° lon= -92.252° alt=701.2km  →  International (-72.9°, -92.3°)  batt=100.0%
[ep= 342 step=300 t=10.02h]  lat=+38.286° lon=-126.004° alt=691.8km  →  International (+38.3°, -126.0°)  batt=100.0%
[ep= 342 step=320 t=10.81h]  lat=-32.214° lon= +55.326° alt=685.8km  →  International (-32.2°, +55.3°)  batt= 99.9%
[ep= 342 step=340 t=11.68h]  lat=+42.209° lon=-126.899° alt=692.7km  →  International (+42.2°, -126.9°)  batt=100.0%
[ep= 342 step=360 t=13.90h]  lat= +8.984° lon= +61.856° alt=679.9km  →  International (+9.0°, +61.9°)   batt= 99.5%
[ep= 342 step=380 t=14.07h]  lat=-27.441° lon= +56.361° alt=684.2km  →  International (-27.4°, +56.4°)  batt= 99.4%
[ep= 342 step=400 t=15.53h]  lat=+12.294° lon= +62.409° alt=680.2km  →  International (+12.3°, +62.4°)  batt= 99.0%
[ep= 342 step=420 t=15.69h]  lat=-24.146° lon= +57.004° alt=683.1km  →  International (-24.1°, +57.0°)  batt= 98.9%
[ep= 342 step=440 t=15.88h]  lat=-63.495° lon= +44.147° alt=696.7km  →  International (-63.5°, +44.1°)  batt= 98.8%
[ep= 342 step=460 t=17.35h]  lat=-28.113° lon= +56.373° alt=684.1km  →  International (-28.1°, +56.4°)  batt= 98.1%
[ep= 342 step=480 t=18.84h]  lat= +4.327° lon= +61.389° alt=679.2km  →  International (+4.3°, +61.4°)   batt= 97.8%
[ep= 342 step=500 t=22.09h]  lat=+10.966° lon= +62.481° alt=679.8km  →  International (+11.0°, +62.5°)  batt= 97.1%
[ep= 342 step=520 t=26.22h]  lat= -5.591° lon=-118.127° alt=686.7km  →  International (-5.6°, -118.1°)  batt= 97.1%
[ep= 342 step=540 t=31.60h]  lat=+80.011° lon=+114.841° alt=699.1km  →  International (+80.0°, +114.8°)  batt= 96.1%
[ep= 342 step=560 t=35.44h]  lat=-38.985° lon= +54.875° alt=687.9km  →  International (-39.0°, +54.9°)  batt= 96.4%
[ep= 342 step=580 t=36.95h]  lat=-10.281° lon= +60.048° alt=680.0km  →  International (-10.3°, +60.0°)  batt= 96.9%
[ep= 342 step=600 t=37.12h]  lat=-46.501° lon= +52.941° alt=690.7km  →  International (-46.5°, +52.9°)  batt= 96.9%
[ep= 342 step=620 t=38.63h]  lat=-19.720° lon= +58.678° alt=681.7km  →  International (-19.7°, +58.7°)  batt= 98.5%
[ep= 342 step=640 t=38.80h]  lat=-55.731° lon= +49.594° alt=694.0km  →  International (-55.7°, +49.6°)  batt= 98.4%
[ep= 342 step=660 t=43.55h]  lat=-18.910° lon= +59.009° alt=681.3km  →  International (-18.9°, +59.0°)  batt= 99.8%
[ep= 343 step= 20 t= 4.44h]  lat=-73.076° lon= +32.435° alt=699.3km  →  International (-73.1°, +32.4°)  batt=100.0%
[ep= 343 step= 40 t= 9.20h]  lat=-39.130° lon= +53.757° alt=687.8km  →  International (-39.1°, +53.8°)  batt=100.0%
[ep= 343 step= 60 t=14.25h]  lat=-66.645° lon= +41.438° alt=697.7km  →  International (-66.6°, +41.4°)  batt=100.0%
[ep= 343 step= 80 t=15.74h]  lat=-35.048° lon= +54.945° alt=686.6km  →  International (-35.0°, +54.9°)  batt=100.0%
[ep= 343 step=100 t=17.29h]  lat=-15.421° lon= +58.471° alt=681.1km  →  International (-15.4°, +58.5°)  batt=100.0%
[ep= 343 step=120 t=17.46h]  lat=-51.538° lon= +50.443° alt=692.6km  →  International (-51.5°, +50.4°)  batt=100.0%
[ep= 343 step=140 t=18.90h]  lat= -8.473° lon= +59.567° alt=679.9km  →  International (-8.5°, +59.6°)   batt=100.0%
[ep= 343 step=160 t=19.07h]  lat=-44.722° lon= +52.716° alt=690.0km  →  International (-44.7°, +52.7°)  batt=100.0%
[ep= 343 step=180 t=20.49h]  lat= +2.127° lon= +61.143° alt=679.3km  →  International (+2.1°, +61.1°)   batt=100.0%
[ep= 343 step=200 t=20.66h]  lat=-34.253° lon= +55.311° alt=686.1km  →  International (-34.3°, +55.3°)  batt=100.0%
[ep= 343 step=220 t=23.44h]  lat=+72.814° lon= +88.220° alt=697.5km  →  International (+72.8°, +88.2°)  batt=100.0%
[ep= 343 step=240 t=27.69h]  lat=-41.423° lon=-111.685° alt=694.0km  →  International (-41.4°, -111.7°)  batt=100.0%
[ep= 343 step=260 t=29.47h]  lat=-12.130° lon=-117.047° alt=687.3km  →  International (-12.1°, -117.0°)  batt=100.0%
[ep= 343 step=280 t=31.18h]  lat= +2.770° lon=-119.114° alt=686.4km  →  International (+2.8°, -119.1°)  batt=100.0%
[ep= 343 step=300 t=35.29h]  lat= -6.399° lon= +60.537° alt=679.1km  →  International (-6.4°, +60.5°)   batt=100.0%
[ep= 343 step=320 t=39.39h]  lat= +6.279° lon=-119.275° alt=686.5km  →  International (+6.3°, -119.3°)  batt=100.0%
[ep= 343 step=340 t=41.88h]  lat=-13.215° lon= +59.813° alt=680.3km  →  International (-13.2°, +59.8°)  batt=100.0%
[ep= 343 step=360 t=42.05h]  lat=-49.382° lon= +52.217° alt=691.6km  →  International (-49.4°, +52.2°)  batt=100.0%
[ep= 343 step=380 t=45.17h]  lat=-13.898° lon= +59.844° alt=680.2km  →  International (-13.9°, +59.8°)  batt=100.0%
[ep= 343 step=400 t=47.62h]  lat=+11.614° lon=-119.715° alt=687.2km  →  International (+11.6°, -119.7°)  batt=100.0%
[ep= 344 step= 20 t= 2.74h]  lat=-60.950° lon= +45.343° alt=695.6km  →  International (-61.0°, +45.3°)  batt= 99.8%
[ep= 344 step= 40 t= 6.22h]  lat=-73.438° lon= -91.297° alt=701.0km  →  International (-73.4°, -91.3°)  batt= 99.8%
[ep= 344 step= 60 t= 9.65h]  lat=-41.467° lon=-112.408° alt=693.8km  →  International (-41.5°, -112.4°)  batt= 99.6%
[ep= 344 step= 80 t= 9.83h]  lat= -1.592° lon=-119.367° alt=686.2km  →  International (-1.6°, -119.4°)  batt= 99.5%
[ep= 344 step=100 t=13.61h]  lat=+71.348° lon= +85.371° alt=697.2km  →  International (+71.3°, +85.4°)  batt= 98.4%
[ep= 344 step=120 t=15.77h]  lat=-40.504° lon= +53.706° alt=688.4km  →  International (-40.5°, +53.7°)  batt= 99.6%
[ep= 344 step=140 t=17.37h]  lat=-31.813° lon= +55.679° alt=685.3km  →  International (-31.8°, +55.7°)  batt= 98.9%
[ep= 344 step=160 t=18.86h]  lat= +0.596° lon= +60.865° alt=679.2km  →  International (+0.6°, +60.9°)   batt= 98.1%
[ep= 344 step=180 t=19.03h]  lat=-37.576° lon= +54.531° alt=687.3km  →  International (-37.6°, +54.5°)  batt= 98.0%
[ep= 344 step=200 t=20.85h]  lat=-74.482° lon= +30.186° alt=699.6km  →  International (-74.5°, +30.2°)  batt= 97.0%
[ep= 344 step=220 t=25.90h]  lat=-73.017° lon= -91.306° alt=701.2km  →  International (-73.0°, -91.3°)  batt= 94.3%
[ep= 344 step=240 t=29.40h]  lat=-26.573° lon=-114.722° alt=690.1km  →  International (-26.6°, -114.7°)  batt= 92.6%
[ep= 344 step=260 t=31.95h]  lat= +6.360° lon= +62.227° alt=678.8km  →  International (+6.4°, +62.2°)   batt= 98.9%
[ep= 344 step=280 t=32.78h]  lat= -5.297° lon=-117.891° alt=686.8km  →  International (-5.3°, -117.9°)  batt= 99.5%
[ep= 344 step=300 t=35.59h]  lat=-71.347° lon= +36.666° alt=698.8km  →  International (-71.3°, +36.7°)  batt= 99.8%
[ep= 344 step=320 t=38.40h]  lat=+30.457° lon= +66.366° alt=683.4km  →  International (+30.5°, +66.4°)  batt= 99.3%
[ep= 344 step=340 t=40.34h]  lat=-33.571° lon= +56.278° alt=685.7km  →  International (-33.6°, +56.3°)  batt= 98.3%
[ep= 344 step=360 t=41.84h]  lat= -4.820° lon= +61.048° alt=679.1km  →  International (-4.8°, +61.0°)   batt= 97.5%
[ep= 344 step=380 t=42.02h]  lat=-42.925° lon= +54.170° alt=689.1km  →  International (-42.9°, +54.2°)  batt= 97.4%
[ep= 344 step=400 t=43.43h]  lat= +7.604° lon= +62.881° alt=679.0km  →  International (+7.6°, +62.9°)   batt= 96.6%
[ep= 344 step=420 t=43.59h]  lat=-28.820° lon= +57.335° alt=684.0km  →  International (-28.8°, +57.3°)  batt= 96.5%
[ep= 344 step=440 t=44.43h]  lat=+31.614° lon=-123.163° alt=690.3km  →  International (+31.6°, -123.2°)  batt= 96.1%
[ep= 344 step=460 t=45.27h]  lat=-36.402° lon= +55.878° alt=686.5km  →  International (-36.4°, +55.9°)  batt= 95.7%
[ep= 345 step= 20 t= 3.47h]  lat=+40.560° lon=-126.817° alt=692.4km  →  International (+40.6°, -126.8°)  batt= 99.5%
[ep= 345 step= 40 t= 5.92h]  lat=-38.425° lon= +53.794° alt=688.0km  →  International (-38.4°, +53.8°)  batt= 98.2%
[ep= 345 step= 60 t= 7.41h]  lat= -6.071° lon= +59.442° alt=680.1km  →  International (-6.1°, +59.4°)   batt= 97.4%
[ep= 345 step= 80 t= 7.58h]  lat=-42.354° lon= +52.893° alt=689.3km  →  International (-42.4°, +52.9°)  batt= 97.3%
[ep= 345 step=100 t=10.68h]  lat= -4.918° lon= +59.741° alt=679.8km  →  International (-4.9°, +59.7°)   batt= 95.7%
[ep= 345 step=120 t=16.07h]  lat=-70.068° lon= -96.360° alt=700.6km  →  International (-70.1°, -96.4°)  batt= 92.8%
[ep= 345 step=140 t=21.48h]  lat=+33.351° lon=-124.467° alt=690.7km  →  International (+33.4°, -124.5°)  batt= 92.1%
[ep= 345 step=160 t=22.98h]  lat= +2.824° lon=-119.456° alt=686.3km  →  International (+2.8°, -119.5°)  batt= 94.3%
[ep= 345 step=180 t=27.07h]  lat= -0.955° lon= +60.977° alt=679.3km  →  International (-1.0°, +61.0°)   batt= 98.3%
[ep= 345 step=200 t=31.82h]  lat=+36.243° lon= +67.267° alt=685.8km  →  International (+36.2°, +67.3°)  batt= 95.8%
[ep= 345 step=220 t=32.10h]  lat=-25.618° lon= +57.425° alt=683.5km  →  International (-25.6°, +57.4°)  batt= 95.7%
[ep= 345 step=240 t=32.27h]  lat=-63.169° lon= +45.065° alt=696.6km  →  International (-63.2°, +45.1°)  batt= 95.6%
[ep= 345 step=260 t=34.76h]  lat=+67.817° lon=-138.901° alt=698.8km  →  International (+67.8°, -138.9°)  batt= 94.2%
[ep= 345 step=280 t=40.14h]  lat= +9.158° lon= +62.956° alt=679.4km  →  International (+9.2°, +63.0°)   batt= 91.4%
[ep= 345 step=300 t=43.94h]  lat=-73.154° lon= -90.306° alt=701.4km  →  International (-73.2°, -90.3°)  batt= 98.0%
[ep= 346 step= 20 t= 1.05h]  lat=-50.011° lon= +50.319° alt=692.0km  →  International (-50.0°, +50.3°)  batt=100.0%
[ep= 346 step= 40 t= 2.52h]  lat=-12.375° lon= +58.321° alt=680.6km  →  International (-12.4°, +58.3°)  batt=100.0%
[ep= 346 step= 60 t= 2.68h]  lat=-48.555° lon= +50.876° alt=691.4km  →  International (-48.6°, +50.9°)  batt=100.0%
[ep= 346 step= 80 t= 4.82h]  lat=-22.631° lon=-116.416° alt=688.7km  →  International (-22.6°, -116.4°)  batt=100.0%
[ep= 346 step=100 t= 9.28h]  lat=-55.216° lon= +48.614° alt=693.6km  →  International (-55.2°, +48.6°)  batt=100.0%
[ep= 346 step=120 t=13.06h]  lat=-13.698° lon=-117.486° alt=687.4km  →  International (-13.7°, -117.5°)  batt=100.0%
[ep= 346 step=140 t=17.80h]  lat=-52.359° lon=-108.680° alt=697.1km  →  International (-52.4°, -108.7°)  batt=100.0%
[ep= 346 step=160 t=17.98h]  lat=-14.503° lon=-117.160° alt=687.7km  →  International (-14.5°, -117.2°)  batt=100.0%
[ep= 346 step=180 t=22.06h]  lat=+18.220° lon= +63.581° alt=680.7km  →  International (+18.2°, +63.6°)  batt=100.0%
[ep= 346 step=200 t=25.62h]  lat=-44.229° lon= +53.129° alt=689.6km  →  International (-44.2°, +53.1°)  batt=100.0%
[ep= 346 step=220 t=31.01h]  lat=-33.575° lon=-113.326° alt=692.0km  →  International (-33.6°, -113.3°)  batt=100.0%
[ep= 346 step=240 t=34.47h]  lat= +5.225° lon=-119.324° alt=686.9km  →  International (+5.2°, -119.3°)  batt=100.0%
[ep= 346 step=260 t=37.65h]  lat=-15.944° lon=-116.131° alt=688.2km  →  International (-15.9°, -116.1°)  batt=100.0%
[ep= 346 step=280 t=39.54h]  lat=+38.851° lon=-124.925° alt=692.4km  →  International (+38.9°, -124.9°)  batt=100.0%
[ep= 346 step=300 t=40.83h]  lat=-38.796° lon=-111.777° alt=693.7km  →  International (-38.8°, -111.8°)  batt=100.0%
[ep= 346 step=320 t=40.91h]  lat=-19.506° lon=-115.437° alt=689.0km  →  International (-19.5°, -115.4°)  batt=100.0%
[ep= 346 step=340 t=41.73h]  lat=+20.865° lon= +64.815° alt=680.6km  →  International (+20.9°, +64.8°)  batt=100.0%
[ep= 346 step=360 t=46.15h]  lat=+49.739° lon=-127.725° alt=695.3km  →  International (+49.7°, -127.7°)  batt=100.0%
[ep= 347 step= 20 t= 5.72h]  lat= +5.187° lon= +60.973° alt=679.5km  →  International (+5.2°, +61.0°)   batt= 97.4%
[ep= 347 step= 40 t= 6.54h]  lat= -4.123° lon=-119.144° alt=686.2km  →  International (-4.1°, -119.1°)  batt= 97.1%
[ep= 347 step= 60 t= 9.03h]  lat= -2.797° lon= +59.976° alt=679.3km  →  International (-2.8°, +60.0°)   batt= 97.9%
[ep= 347 step= 80 t=11.20h]  lat=-60.702° lon=-104.915° alt=699.0km  →  International (-60.7°, -104.9°)  batt= 99.9%
[ep= 347 step=100 t=14.98h]  lat=+48.263° lon=-128.514° alt=694.3km  →  International (+48.3°, -128.5°)  batt= 99.6%
[ep= 347 step=120 t=17.45h]  lat=-49.748° lon= +51.089° alt=691.9km  →  International (-49.7°, +51.1°)  batt= 99.2%
[ep= 347 step=140 t=20.89h]  lat=-80.879° lon=  -1.085° alt=701.1km  →  International (-80.9°, -1.1°)   batt= 98.1%
[ep= 347 step=160 t=23.38h]  lat=+81.567° lon=+133.792° alt=699.5km  →  International (+81.6°, +133.8°)  batt= 97.2%
[ep= 347 step=180 t=27.71h]  lat=-37.840° lon=-112.540° alt=693.0km  →  International (-37.8°, -112.5°)  batt= 96.0%
[ep= 347 step=200 t=29.28h]  lat=-51.831° lon=-108.407° alt=697.0km  →  International (-51.8°, -108.4°)  batt= 95.5%
[ep= 347 step=220 t=29.46h]  lat=-13.357° lon=-116.856° alt=687.5km  →  International (-13.4°, -116.9°)  batt= 95.4%
[ep= 347 step=240 t=31.56h]  lat=+81.715° lon=+164.639° alt=699.6km  →  International (+81.7°, +164.6°)  batt= 97.8%
[ep= 347 step=260 t=34.69h]  lat=+53.404° lon=-129.566° alt=695.9km  →  International (+53.4°, -129.6°)  batt= 99.8%
[ep= 347 step=280 t=38.05h]  lat=+69.653° lon=-140.878° alt=698.9km  →  International (+69.7°, -140.9°)  batt= 99.8%
[ep= 347 step=300 t=39.46h]  lat=+20.198° lon=-121.355° alt=687.9km  →  International (+20.2°, -121.4°)  batt= 99.7%
[ep= 347 step=320 t=40.37h]  lat=-41.259° lon= +54.530° alt=688.7km  →  International (-41.3°, +54.5°)  batt= 99.8%
[ep= 347 step=340 t=41.82h]  lat= +0.177° lon= +61.753° alt=679.0km  →  International (+0.2°, +61.8°)   batt= 99.1%
[ep= 347 step=360 t=41.99h]  lat=-36.186° lon= +55.787° alt=686.7km  →  International (-36.2°, +55.8°)  batt= 99.0%
[ep= 347 step=380 t=44.14h]  lat=-31.483° lon=-113.199° alt=691.4km  →  International (-31.5°, -113.2°)  batt= 98.9%
[ep= 347 step=400 t=45.33h]  lat=-49.436° lon= +52.346° alt=691.5km  →  International (-49.4°, +52.3°)  batt= 98.8%
[ep= 348 step= 20 t= 3.19h]  lat=-19.338° lon=-117.018° alt=688.1km  →  International (-19.3°, -117.0°)  batt=100.0%
[ep= 348 step= 40 t= 3.83h]  lat=+58.449° lon= +73.499° alt=693.5km  →  International (+58.4°, +73.5°)  batt=100.0%
[ep= 348 step= 60 t= 6.63h]  lat=+15.293° lon=-121.948° alt=687.1km  →  International (+15.3°, -121.9°)  batt=100.0%
[ep= 348 step= 80 t= 8.81h]  lat=+46.810° lon= +69.041° alt=689.6km  →  International (+46.8°, +69.0°)  batt= 99.9%
[ep= 348 step=100 t= 9.00h]  lat= +5.119° lon= +61.098° alt=679.5km  →  International (+5.1°, +61.1°)   batt= 99.8%
[ep= 348 step=120 t=10.50h]  lat=+35.687° lon= +66.271° alt=685.8km  →  International (+35.7°, +66.3°)  batt= 99.9%
[ep= 348 step=140 t=11.33h]  lat=-32.779° lon=-114.299° alt=691.3km  →  International (-32.8°, -114.3°)  batt=100.0%
[ep= 348 step=160 t=12.53h]  lat=-49.926° lon= +50.822° alt=692.1km  →  International (-49.9°, +50.8°)  batt= 99.7%
[ep= 348 step=180 t=12.71h]  lat=-81.909° lon= -34.286° alt=701.6km  →  International (-81.9°, -34.3°)  batt=100.0%
[ep= 348 step=200 t=14.88h]  lat=+26.024° lon=-123.354° alt=688.8km  →  International (+26.0°, -123.4°)  batt=100.0%
[ep= 348 step=220 t=15.71h]  lat=-28.984° lon= +56.144° alt=684.5km  →  International (-29.0°, +56.1°)  batt= 99.7%
[ep= 348 step=240 t=16.87h]  lat=+74.541° lon= +91.513° alt=698.1km  →  International (+74.5°, +91.5°)  batt=100.0%
[ep= 348 step=260 t=19.80h]  lat=+25.211° lon=-123.010° alt=689.0km  →  International (+25.2°, -123.0°)  batt=100.0%
[ep= 348 step=280 t=23.60h]  lat=+40.271° lon= +67.861° alt=687.1km  →  International (+40.3°, +67.9°)  batt= 99.9%
[ep= 348 step=300 t=26.10h]  lat=-31.608° lon=-113.926° alt=691.4km  →  International (-31.6°, -113.9°)  batt=100.0%
[ep= 348 step=320 t=28.58h]  lat=+26.605° lon= +65.243° alt=682.4km  →  International (+26.6°, +65.2°)  batt= 99.9%
[ep= 348 step=340 t=32.70h]  lat=-23.032° lon=-115.204° alt=689.5km  →  International (-23.0°, -115.2°)  batt=100.0%
[ep= 348 step=360 t=36.96h]  lat=-13.317° lon= +59.597° alt=680.5km  →  International (-13.3°, +59.6°)  batt= 99.8%
[ep= 348 step=380 t=37.13h]  lat=-49.480° lon= +51.984° alt=691.8km  →  International (-49.5°, +52.0°)  batt=100.0%
[ep= 348 step=400 t=40.92h]  lat=-17.742° lon=-115.722° alt=688.4km  →  International (-17.7°, -115.7°)  batt=100.0%
[ep= 348 step=420 t=42.00h]  lat=-37.912° lon= +55.390° alt=687.2km  →  International (-37.9°, +55.4°)  batt= 99.7%
[ep= 348 step=440 t=45.38h]  lat=-59.957° lon= +47.689° alt=695.4km  →  International (-60.0°, +47.7°)  batt=100.0%
[ep= 349 step= 20 t= 2.59h]  lat=-28.147° lon= +55.761° alt=684.0km  →  International (-28.1°, +55.8°)  batt= 99.0%
[ep= 349 step= 40 t= 4.26h]  lat=-35.728° lon= +54.330° alt=686.4km  →  International (-35.7°, +54.3°)  batt= 98.1%
[ep= 349 step= 60 t= 7.41h]  lat= -7.320° lon= +59.265° alt=679.5km  →  International (-7.3°, +59.3°)   batt= 97.0%
[ep= 349 step= 80 t=11.21h]  lat=-59.533° lon=-105.603° alt=698.8km  →  International (-59.5°, -105.6°)  batt= 99.6%
[ep= 349 step=100 t=15.66h]  lat=-16.315° lon= +58.272° alt=680.6km  →  International (-16.3°, +58.3°)  batt=100.0%
[ep= 349 step=120 t=18.81h]  lat=+12.184° lon= +62.533° alt=679.7km  →  International (+12.2°, +62.5°)  batt=100.0%
[ep= 349 step=140 t=22.19h]  lat=-10.372° lon= +59.436° alt=679.9km  →  International (-10.4°, +59.4°)  batt= 98.4%
[ep= 349 step=160 t=22.36h]  lat=-46.593° lon= +52.318° alt=690.5km  →  International (-46.6°, +52.3°)  batt= 98.3%
[ep= 349 step=180 t=24.50h]  lat=-22.815° lon=-115.568° alt=689.2km  →  International (-22.8°, -115.6°)  batt= 97.2%
[ep= 349 step=200 t=29.25h]  lat=-59.445° lon=-104.910° alt=699.1km  →  International (-59.4°, -104.9°)  batt= 94.6%
[ep= 349 step=220 t=33.70h]  lat=-16.382° lon= +59.012° alt=680.5km  →  International (-16.4°, +59.0°)  batt= 99.7%
[ep= 349 step=240 t=36.84h]  lat=+13.929° lon= +63.541° alt=679.3km  →  International (+13.9°, +63.5°)  batt=100.0%
[ep= 349 step=260 t=39.61h]  lat=+54.410° lon=-129.769° alt=696.3km  →  International (+54.4°, -129.8°)  batt= 98.5%
[ep= 349 step=280 t=44.64h]  lat=+75.648° lon=-151.739° alt=699.6km  →  International (+75.6°, -151.7°)  batt= 98.3%
[ep= 349 step=300 t=45.31h]  lat=-45.884° lon= +53.485° alt=690.1km  →  International (-45.9°, +53.5°)  batt= 97.9%
[ep= 349 step=320 t=46.66h]  lat=+17.364° lon= +64.475° alt=680.1km  →  International (+17.4°, +64.5°)  batt= 99.0%
[ep= 349 step=340 t=46.79h]  lat=-11.203° lon= +60.336° alt=679.6km  →  International (-11.2°, +60.3°)  batt=100.0%
[ep= 349 step=360 t=46.97h]  lat=-49.199° lon= +52.508° alt=691.4km  →  International (-49.2°, +52.5°)  batt=100.0%
[ep= 349 step=380 t=47.89h]  lat=+69.304° lon=-140.027° alt=698.9km  →  International (+69.3°, -140.0°)  batt= 99.5%
[ep= 350 step= 20 t= 2.63h]  lat=-37.779° lon= +53.805° alt=687.6km  →  International (-37.8°, +53.8°)  batt= 98.6%
[ep= 350 step= 40 t= 5.74h]  lat= -0.292° lon= +60.194° alt=679.6km  →  International (-0.3°, +60.2°)   batt= 97.0%
[ep= 350 step= 60 t= 7.53h]  lat=-33.371° lon= +54.953° alt=685.9km  →  International (-33.4°, +55.0°)  batt= 96.0%
[ep= 350 step= 80 t= 9.04h]  lat= -4.625° lon= +59.714° alt=679.5km  →  International (-4.6°, +59.7°)   batt= 95.3%
[ep= 350 step=100 t= 9.22h]  lat=-42.730° lon= +52.857° alt=689.1km  →  International (-42.7°, +52.9°)  batt= 95.2%
[ep= 350 step=120 t=14.29h]  lat=-74.828° lon= +29.096° alt=699.6km  →  International (-74.8°, +29.1°)  batt= 94.5%
[ep= 350 step=140 t=16.13h]  lat=-57.979° lon=-106.245° alt=698.3km  →  International (-58.0°, -106.2°)  batt= 99.6%
[ep= 350 step=160 t=16.36h]  lat= -8.765° lon=-118.078° alt=686.7km  →  International (-8.8°, -118.1°)  batt= 99.5%
[ep= 350 step=180 t=17.11h]  lat=+25.270° lon= +64.536° alt=682.4km  →  International (+25.3°, +64.5°)  batt=100.0%
[ep= 350 step=200 t=17.95h]  lat=-19.331° lon=-116.414° alt=688.3km  →  International (-19.3°, -116.4°)  batt= 99.6%
[ep= 350 step=220 t=18.79h]  lat=+16.440° lon= +63.167° alt=680.3km  →  International (+16.4°, +63.2°)  batt=100.0%
[ep= 350 step=240 t=23.23h]  lat=+57.611° lon=-131.952° alt=696.9km  →  International (+57.6°, -132.0°)  batt= 99.5%
[ep= 350 step=260 t=27.11h]  lat=-10.777° lon= +59.568° alt=680.1km  →  International (-10.8°, +59.6°)  batt= 98.3%
[ep= 350 step=280 t=27.30h]  lat=-52.341° lon= +50.544° alt=692.8km  →  International (-52.3°, +50.5°)  batt= 98.2%
[ep= 350 step=300 t=28.79h]  lat=-18.400° lon= +58.480° alt=681.5km  →  International (-18.4°, +58.5°)  batt= 97.3%
[ep= 350 step=320 t=28.95h]  lat=-54.447° lon= +49.754° alt=693.5km  →  International (-54.4°, +49.8°)  batt= 97.2%
[ep= 350 step=340 t=33.06h]  lat=+56.049° lon=-130.793° alt=696.5km  →  International (+56.0°, -130.8°)  batt= 95.0%
[ep= 350 step=360 t=37.15h]  lat=-54.326° lon= +50.146° alt=693.3km  →  International (-54.3°, +50.1°)  batt= 95.9%
[ep= 350 step=380 t=39.30h]  lat=-13.129° lon=-116.495° alt=687.7km  →  International (-13.1°, -116.5°)  batt= 94.8%
[ep= 350 step=400 t=43.09h]  lat=+79.240° lon=+109.983° alt=698.6km  →  International (+79.2°, +110.0°)  batt= 98.4%
[ep= 350 step=420 t=47.84h]  lat=+60.737° lon=-132.680° alt=697.6km  →  International (+60.7°, -132.7°)  batt= 99.5%
[ep= 351 step= 20 t= 4.26h]  lat=-34.494° lon= +54.593° alt=686.6km  →  International (-34.5°, +54.6°)  batt= 99.2%
[ep= 351 step= 40 t= 5.10h]  lat=+39.093° lon=-126.395° alt=691.8km  →  International (+39.1°, -126.4°)  batt= 98.8%
[ep= 351 step= 60 t= 5.92h]  lat=-38.437° lon= +53.792° alt=687.9km  →  International (-38.4°, +53.8°)  batt= 98.3%
[ep= 351 step= 80 t= 7.72h]  lat=-73.657° lon= +31.431° alt=699.4km  →  International (-73.7°, +31.4°)  batt= 97.4%
[ep= 351 step=100 t=12.47h]  lat=-37.979° lon= +54.170° alt=687.5km  →  International (-38.0°, +54.2°)  batt= 95.0%
[ep= 351 step=120 t=15.60h]  lat= -4.120° lon= +60.062° alt=679.5km  →  International (-4.1°, +60.1°)   batt= 93.2%
[ep= 351 step=140 t=17.83h]  lat=-47.029° lon=-110.515° alt=695.4km  →  International (-47.0°, -110.5°)  batt= 92.1%
[ep= 351 step=160 t=18.00h]  lat= -9.666° lon=-117.872° alt=686.7km  →  International (-9.7°, -117.9°)  batt= 92.0%
[ep= 351 step=180 t=18.38h]  lat=+73.084° lon=-146.999° alt=699.5km  →  International (+73.1°, -147.0°)  batt= 91.8%
[ep= 351 step=200 t=22.18h]  lat= -9.130° lon= +59.615° alt=679.7km  →  International (-9.1°, +59.6°)   batt= 97.6%
[ep= 351 step=220 t=25.29h]  lat=+28.450° lon= +65.450° alt=683.3km  →  International (+28.4°, +65.4°)  batt= 99.1%
[ep= 351 step=240 t=28.78h]  lat=-17.751° lon= +58.596° alt=681.5km  →  International (-17.8°, +58.6°)  batt= 98.3%
[ep= 351 step=260 t=29.30h]  lat=-48.293° lon=-109.639° alt=695.8km  →  International (-48.3°, -109.6°)  batt= 98.1%
[ep= 351 step=280 t=32.01h]  lat= -5.672° lon= +60.522° alt=679.5km  →  International (-5.7°, +60.5°)   batt= 96.6%
[ep= 351 step=300 t=32.17h]  lat=-41.965° lon= +54.016° alt=688.9km  →  International (-42.0°, +54.0°)  batt= 96.6%
[ep= 351 step=320 t=33.69h]  lat=-15.126° lon= +59.203° alt=680.7km  →  International (-15.1°, +59.2°)  batt= 95.7%
[ep= 351 step=340 t=33.88h]  lat=-56.572° lon= +49.013° alt=694.2km  →  International (-56.6°, +49.0°)  batt= 95.6%
[ep= 351 step=360 t=38.48h]  lat=+14.865° lon= +63.749° alt=680.1km  →  International (+14.9°, +63.7°)  batt= 93.3%
[ep= 351 step=380 t=41.95h]  lat=-27.703° lon= +57.474° alt=683.7km  →  International (-27.7°, +57.5°)  batt= 91.7%
[ep= 351 step=400 t=46.71h]  lat= +7.704° lon= +63.034° alt=678.9km  →  International (+7.7°, +63.0°)   batt= 91.4%
[ep= 352 step= 20 t= 0.96h]  lat=-30.222° lon= +55.306° alt=684.7km  →  International (-30.2°, +55.3°)  batt=100.0%
[ep= 352 step= 40 t= 2.45h]  lat= +2.198° lon= +60.413° alt=679.2km  →  International (+2.2°, +60.4°)   batt=100.0%
[ep= 352 step= 60 t= 2.65h]  lat=-41.400° lon= +52.936° alt=688.5km  →  International (-41.4°, +52.9°)  batt=100.0%
[ep= 352 step= 80 t= 4.27h]  lat=-36.331° lon= +54.199° alt=686.7km  →  International (-36.3°, +54.2°)  batt=100.0%
[ep= 352 step=100 t= 9.03h]  lat= -2.796° lon= +59.977° alt=679.1km  →  International (-2.8°, +60.0°)   batt=100.0%
[ep= 352 step=120 t=13.12h]  lat= +0.888° lon=-119.582° alt=686.5km  →  International (+0.9°, -119.6°)  batt=100.0%
[ep= 352 step=140 t=17.55h]  lat=-70.649° lon= +36.951° alt=698.6km  →  International (-70.6°, +37.0°)  batt=100.0%
[ep= 352 step=160 t=22.28h]  lat=-30.983° lon= +56.046° alt=684.9km  →  International (-31.0°, +56.0°)  batt=100.0%
[ep= 352 step=180 t=25.56h]  lat=-29.851° lon= +56.397° alt=684.3km  →  International (-29.9°, +56.4°)  batt=100.0%
[ep= 352 step=200 t=27.38h]  lat=-67.501° lon= +41.141° alt=697.7km  →  International (-67.5°, +41.1°)  batt=100.0%
[ep= 352 step=220 t=31.18h]  lat= +4.609° lon=-119.363° alt=686.8km  →  International (+4.6°, -119.4°)  batt=100.0%
[ep= 352 step=240 t=35.63h]  lat=-76.954° lon= +23.796° alt=700.2km  →  International (-77.0°, +23.8°)  batt=100.0%
[ep= 352 step=260 t=40.04h]  lat=+30.204° lon= +66.387° alt=683.1km  →  International (+30.2°, +66.4°)  batt= 99.9%
[ep= 352 step=280 t=43.58h]  lat=-25.101° lon= +58.005° alt=682.8km  →  International (-25.1°, +58.0°)  batt=100.0%
[ep= 352 step=300 t=45.21h]  lat=-23.620° lon= +58.325° alt=682.4km  →  International (-23.6°, +58.3°)  batt=100.0%
[ep= 352 step=320 t=45.71h]  lat=-46.100° lon=-109.643° alt=695.8km  →  International (-46.1°, -109.6°)  batt=100.0%
[ep= 353 step= 20 t= 5.67h]  lat=+14.288° lon= +62.299° alt=680.3km  →  International (+14.3°, +62.3°)  batt= 97.7%
[ep= 353 step= 40 t= 6.52h]  lat= -9.566° lon=-118.365° alt=686.6km  →  International (-9.6°, -118.4°)  batt= 99.7%
[ep= 353 step= 60 t= 8.99h]  lat= +6.302° lon= +61.265° alt=679.2km  →  International (+6.3°, +61.3°)   batt= 99.3%
[ep= 353 step= 80 t= 9.82h]  lat= -3.415° lon=-119.112° alt=686.3km  →  International (-3.4°, -119.1°)  batt= 99.6%
[ep= 353 step=100 t=11.38h]  lat=-23.065° lon=-116.075° alt=689.1km  →  International (-23.1°, -116.1°)  batt= 99.8%
[ep= 353 step=120 t=15.18h]  lat=+81.516° lon=+132.317° alt=699.5km  →  International (+81.5°, +132.3°)  batt= 98.4%
[ep= 353 step=140 t=15.79h]  lat=-45.887° lon= +52.250° alt=690.4km  →  International (-45.9°, +52.2°)  batt= 98.8%
[ep= 353 step=160 t=17.39h]  lat=-37.229° lon= +54.536° alt=687.2km  →  International (-37.2°, +54.5°)  batt= 98.0%
[ep= 353 step=180 t=20.49h]  lat= +2.081° lon= +61.136° alt=679.2km  →  International (+2.1°, +61.1°)   batt= 96.3%
[ep= 353 step=200 t=22.28h]  lat=-31.026° lon= +56.026° alt=684.8km  →  International (-31.0°, +56.0°)  batt= 95.4%
[ep= 353 step=220 t=24.01h]  lat=-49.368° lon= +51.484° alt=691.5km  →  International (-49.4°, +51.5°)  batt= 94.5%
[ep= 353 step=240 t=28.62h]  lat=+16.782° lon= +63.622° alt=680.3km  →  International (+16.8°, +63.6°)  batt= 98.2%
[ep= 353 step=260 t=29.56h]  lat= +7.352° lon=-119.835° alt=686.6km  →  International (+7.4°, -119.8°)  batt= 99.6%
[ep= 353 step=280 t=32.68h]  lat=-25.895° lon=-114.714° alt=690.1km  →  International (-25.9°, -114.7°)  batt= 99.8%
[ep= 353 step=300 t=33.87h]  lat=-53.158° lon= +50.490° alt=692.8km  →  International (-53.2°, +50.5°)  batt=100.0%
[ep= 353 step=320 t=34.71h]  lat=+57.622° lon=-131.485° alt=696.8km  →  International (+57.6°, -131.5°)  batt= 99.6%
[ep= 353 step=340 t=36.87h]  lat= +7.768° lon= +62.620° alt=678.9km  →  International (+7.8°, +62.6°)   batt=100.0%
[ep= 353 step=360 t=40.27h]  lat=-18.436° lon= +58.948° alt=681.3km  →  International (-18.4°, +58.9°)  batt= 98.2%
[ep= 353 step=380 t=40.44h]  lat=-56.252° lon= +49.423° alt=694.2km  →  International (-56.3°, +49.4°)  batt= 98.1%
[ep= 353 step=400 t=41.95h]  lat=-27.860° lon= +57.429° alt=683.8km  →  International (-27.9°, +57.4°)  batt= 97.3%
[ep= 353 step=420 t=42.46h]  lat=-40.114° lon=-111.402° alt=693.8km  →  International (-40.1°, -111.4°)  batt= 97.0%
[ep= 353 step=440 t=43.56h]  lat=-20.938° lon= +58.681° alt=681.8km  →  International (-20.9°, +58.7°)  batt= 96.4%
[ep= 353 step=460 t=43.73h]  lat=-56.916° lon= +49.236° alt=694.3km  →  International (-56.9°, +49.2°)  batt= 96.4%
[ep= 353 step=480 t=46.90h]  lat=-34.325° lon= +56.375° alt=685.7km  →  International (-34.3°, +56.4°)  batt= 94.6%
[ep= 354 step= 20 t= 2.67h]  lat=-46.767° lon= +51.445° alt=690.9km  →  International (-46.8°, +51.4°)  batt=100.0%
[ep= 354 step= 40 t= 4.23h]  lat=-27.260° lon= +55.989° alt=684.2km  →  International (-27.3°, +56.0°)  batt= 99.7%
[ep= 354 step= 60 t= 4.41h]  lat=-66.443° lon= +41.219° alt=697.6km  →  International (-66.4°, +41.2°)  batt=100.0%
[ep= 354 step= 80 t= 9.10h]  lat=-17.382° lon= +57.834° alt=681.3km  →  International (-17.4°, +57.8°)  batt= 99.7%
[ep= 354 step=100 t=11.27h]  lat=-46.529° lon=-110.942° alt=695.2km  →  International (-46.5°, -110.9°)  batt=100.0%
[ep= 354 step=120 t=14.71h]  lat=-11.524° lon=-117.739° alt=687.0km  →  International (-11.5°, -117.7°)  batt=100.0%
[ep= 354 step=140 t=16.27h]  lat=-29.335° lon=-114.762° alt=690.5km  →  International (-29.3°, -114.8°)  batt=100.0%
[ep= 354 step=160 t=16.40h]  lat= -0.875° lon=-119.200° alt=686.2km  →  International (-0.9°, -119.2°)  batt=100.0%
[ep= 354 step=180 t=17.17h]  lat=+10.708° lon= +62.244° alt=679.6km  →  International (+10.7°, +62.2°)  batt= 99.8%
[ep= 354 step=200 t=19.02h]  lat=-33.925° lon= +55.316° alt=685.8km  →  International (-33.9°, +55.3°)  batt= 99.7%
[ep= 354 step=220 t=19.53h]  lat=-32.872° lon=-113.939° alt=691.6km  →  International (-32.9°, -113.9°)  batt=100.0%
[ep= 354 step=240 t=20.37h]  lat=+29.419° lon= +65.423° alt=683.3km  →  International (+29.4°, +65.4°)  batt= 99.8%
[ep= 354 step=260 t=23.84h]  lat=-13.149° lon= +59.089° alt=680.3km  →  International (-13.1°, +59.1°)  batt= 99.8%
[ep= 354 step=280 t=27.22h]  lat=-33.795° lon= +55.685° alt=686.0km  →  International (-33.8°, +55.7°)  batt=100.0%
[ep= 354 step=300 t=28.38h]  lat=+70.270° lon= +84.440° alt=696.8km  →  International (+70.3°, +84.4°)  batt=100.0%
[ep= 354 step=320 t=28.87h]  lat=-35.939° lon= +55.299° alt=686.7km  →  International (-35.9°, +55.3°)  batt=100.0%
[ep= 354 step=340 t=29.71h]  lat=+40.518° lon=-125.726° alt=692.4km  →  International (+40.5°, -125.7°)  batt=100.0%
[ep= 354 step=360 t=32.08h]  lat=-20.302° lon= +58.320° alt=681.7km  →  International (-20.3°, +58.3°)  batt= 99.7%
[ep= 354 step=380 t=32.26h]  lat=-59.816° lon= +47.234° alt=695.3km  →  International (-59.8°, +47.2°)  batt=100.0%
[ep= 354 step=400 t=34.17h]  lat=-59.632° lon=-104.597° alt=699.0km  →  International (-59.6°, -104.6°)  batt=100.0%
[ep= 354 step=420 t=39.88h]  lat=+66.403° lon= +80.569° alt=695.6km  →  International (+66.4°, +80.6°)  batt= 99.9%
[ep= 354 step=440 t=44.96h]  lat=+31.610° lon= +66.858° alt=683.5km  →  International (+31.6°, +66.9°)  batt= 99.9%
[ep= 355 step= 20 t= 4.76h]  lat=-35.313° lon=-114.043° alt=691.9km  →  International (-35.3°, -114.0°)  batt= 99.9%
[ep= 355 step= 40 t= 9.84h]  lat= +0.187° lon=-119.619° alt=686.2km  →  International (+0.2°, -119.6°)  batt= 99.4%
[ep= 355 step= 60 t=14.92h]  lat=+33.865° lon=-124.834° alt=690.5km  →  International (+33.9°, -124.8°)  batt= 99.5%
[ep= 355 step= 80 t=17.36h]  lat=-29.922° lon= +56.043° alt=684.9km  →  International (-29.9°, +56.0°)  batt=100.0%
[ep= 355 step=100 t=18.21h]  lat=+36.334° lon=-125.226° alt=691.2km  →  International (+36.3°, -125.2°)  batt=100.0%
[ep= 355 step=120 t=19.00h]  lat=-30.257° lon= +56.046° alt=685.0km  →  International (-30.3°, +56.0°)  batt=100.0%
[ep= 355 step=140 t=20.59h]  lat=-19.703° lon= +57.945° alt=681.9km  →  International (-19.7°, +57.9°)  batt= 99.6%
[ep= 355 step=160 t=20.77h]  lat=-59.236° lon= +47.090° alt=695.2km  →  International (-59.2°, +47.1°)  batt= 99.9%
[ep= 355 step=180 t=23.93h]  lat=-33.074° lon= +55.700° alt=685.7km  →  International (-33.1°, +55.7°)  batt= 99.2%
[ep= 355 step=200 t=28.36h]  lat=+73.578° lon= +89.904° alt=697.7km  →  International (+73.6°, +89.9°)  batt= 99.1%
[ep= 355 step=220 t=29.32h]  lat=-42.942° lon=-111.209° alt=694.5km  →  International (-42.9°, -111.2°)  batt= 99.5%
[ep= 355 step=240 t=29.46h]  lat=-14.612° lon=-116.663° alt=687.7km  →  International (-14.6°, -116.7°)  batt= 99.4%
[ep= 355 step=260 t=30.26h]  lat=+17.171° lon= +63.763° alt=680.4km  →  International (+17.2°, +63.8°)  batt= 99.8%
[ep= 355 step=280 t=31.08h]  lat=-17.907° lon=-116.088° alt=688.3km  →  International (-17.9°, -116.1°)  batt= 99.5%
[ep= 355 step=300 t=33.56h]  lat=+12.850° lon= +63.242° alt=679.6km  →  International (+12.8°, +63.2°)  batt= 99.8%
[ep= 355 step=320 t=36.04h]  lat= -9.627° lon=-117.130° alt=687.2km  →  International (-9.6°, -117.1°)  batt=100.0%
[ep= 355 step=340 t=40.07h]  lat=+24.256° lon= +65.321° alt=682.1km  →  International (+24.3°, +65.3°)  batt=100.0%
[ep= 355 step=360 t=41.86h]  lat= -8.880° lon= +60.467° alt=679.7km  →  International (-8.9°, +60.5°)   batt= 99.6%
[ep= 355 step=380 t=42.03h]  lat=-45.124° lon= +53.562° alt=690.1km  →  International (-45.1°, +53.6°)  batt= 99.7%
[ep= 355 step=400 t=43.53h]  lat=-14.684° lon= +59.676° alt=680.6km  →  International (-14.7°, +59.7°)  batt= 99.6%
[ep= 355 step=420 t=43.71h]  lat=-52.599° lon= +51.132° alt=692.8km  →  International (-52.6°, +51.1°)  batt=100.0%
[ep= 355 step=440 t=45.27h]  lat=-36.798° lon= +55.792° alt=686.8km  →  International (-36.8°, +55.8°)  batt= 99.6%
[ep= 355 step=460 t=47.51h]  lat=-10.924° lon=-116.465° alt=687.6km  →  International (-10.9°, -116.5°)  batt= 99.9%
[ep= 356 step= 20 t= 4.74h]  lat=-38.920° lon=-113.235° alt=692.9km  →  International (-38.9°, -113.2°)  batt=100.0%
[ep= 356 step= 40 t= 5.56h]  lat=+39.699° lon= +66.985° alt=687.1km  →  International (+39.7°, +67.0°)  batt= 99.9%
[ep= 356 step= 60 t= 6.40h]  lat=-34.981° lon=-114.045° alt=691.9km  →  International (-35.0°, -114.0°)  batt=100.0%
[ep= 356 step= 80 t= 6.57h]  lat= +1.327° lon=-119.917° alt=686.0km  →  International (+1.3°, -119.9°)  batt=100.0%
[ep= 356 step=100 t= 8.07h]  lat=-27.415° lon=-115.451° alt=690.0km  →  International (-27.4°, -115.5°)  batt=100.0%
[ep= 356 step=120 t=12.82h]  lat=-63.885° lon=-102.675° alt=699.7km  →  International (-63.9°, -102.7°)  batt=100.0%
[ep= 356 step=140 t=15.76h]  lat=-38.615° lon= +54.153° alt=688.0km  →  International (-38.6°, +54.2°)  batt= 99.7%
[ep= 356 step=160 t=17.27h]  lat= -9.912° lon= +59.293° alt=680.3km  →  International (-9.9°, +59.3°)   batt= 99.8%
[ep= 356 step=180 t=17.43h]  lat=-46.135° lon= +52.241° alt=690.7km  →  International (-46.1°, +52.2°)  batt=100.0%
[ep= 356 step=200 t=18.88h]  lat= -2.954° lon= +60.359° alt=679.6km  →  International (-3.0°, +60.4°)   batt= 99.8%
[ep= 356 step=220 t=19.04h]  lat=-39.279° lon= +54.129° alt=688.1km  →  International (-39.3°, +54.1°)  batt= 99.7%
[ep= 356 step=240 t=20.52h]  lat= -5.116° lon= +60.119° alt=679.6km  →  International (-5.1°, +60.1°)   batt= 99.8%
[ep= 356 step=260 t=20.70h]  lat=-43.213° lon= +53.202° alt=689.4km  →  International (-43.2°, +53.2°)  batt= 99.7%
[ep= 356 step=280 t=25.26h]  lat=+35.732° lon= +66.888° alt=685.6km  →  International (+35.7°, +66.9°)  batt= 99.9%
[ep= 356 step=300 t=29.38h]  lat=-30.349° lon=-114.032° alt=691.0km  →  International (-30.3°, -114.0°)  batt=100.0%
[ep= 356 step=320 t=29.46h]  lat=-14.026° lon=-116.759° alt=687.6km  →  International (-14.0°, -116.8°)  batt=100.0%
[ep= 356 step=340 t=30.28h]  lat=+13.549° lon= +63.203° alt=679.8km  →  International (+13.5°, +63.2°)  batt= 99.8%
[ep= 356 step=360 t=31.79h]  lat=+42.816° lon= +68.853° alt=687.6km  →  International (+42.8°, +68.9°)  batt= 99.9%
[ep= 356 step=380 t=35.27h]  lat= -1.440° lon= +61.248° alt=679.0km  →  International (-1.4°, +61.2°)   batt= 99.8%
[ep= 356 step=400 t=38.61h]  lat=-14.864° lon= +59.436° alt=680.8km  →  International (-14.9°, +59.4°)  batt= 99.8%
[ep= 356 step=420 t=38.79h]  lat=-54.547° lon= +50.124° alt=693.8km  →  International (-54.5°, +50.1°)  batt=100.0%
[ep= 356 step=440 t=44.83h]  lat=+59.778° lon= +75.924° alt=693.5km  →  International (+59.8°, +75.9°)  batt= 99.9%
[ep= 356 step=460 t=45.34h]  lat=-52.310° lon= +51.300° alt=692.7km  →  International (-52.3°, +51.3°)  batt=100.0%
[ep= 357 step= 20 t= 5.72h]  lat= +5.204° lon= +60.975° alt=679.6km  →  International (+5.2°, +61.0°)   batt= 98.7%
[ep= 357 step= 40 t= 6.54h]  lat= -4.145° lon=-119.141° alt=686.2km  →  International (-4.1°, -119.1°)  batt= 99.7%
[ep= 357 step= 60 t= 9.68h]  lat=-36.132° lon=-113.664° alt=692.4km  →  International (-36.1°, -113.7°)  batt= 99.2%
[ep= 357 step= 80 t=12.45h]  lat=-32.517° lon= +55.333° alt=685.9km  →  International (-32.5°, +55.3°)  batt= 99.2%
[ep= 357 step=100 t=15.73h]  lat=-33.168° lon= +55.336° alt=686.2km  →  International (-33.2°, +55.3°)  batt= 97.9%
[ep= 357 step=120 t=16.88h]  lat=+72.468° lon= +87.346° alt=697.6km  →  International (+72.5°, +87.3°)  batt= 97.4%
[ep= 357 step=140 t=17.34h]  lat=-26.251° lon= +56.708° alt=683.9km  →  International (-26.3°, +56.7°)  batt= 97.3%
[ep= 357 step=160 t=17.53h]  lat=-65.491° lon= +42.615° alt=697.5km  →  International (-65.5°, +42.6°)  batt= 97.2%
[ep= 357 step=180 t=18.89h]  lat= -7.173° lon= +59.757° alt=680.0km  →  International (-7.2°, +59.8°)   batt= 99.0%
[ep= 357 step=200 t=19.06h]  lat=-43.441° lon= +53.073° alt=689.6km  →  International (-43.4°, +53.1°)  batt= 98.9%
[ep= 357 step=220 t=20.89h]  lat=-81.110° lon=  -4.085° alt=701.3km  →  International (-81.1°, -4.1°)   batt= 98.3%
[ep= 357 step=240 t=25.95h]  lat=-62.555° lon=-103.104° alt=699.5km  →  International (-62.6°, -103.1°)  batt= 99.1%
[ep= 357 step=260 t=27.85h]  lat= -7.747° lon=-117.749° alt=686.8km  →  International (-7.7°, -117.7°)  batt= 99.8%
[ep= 357 step=280 t=29.39h]  lat=-27.994° lon=-114.469° alt=690.5km  →  International (-28.0°, -114.5°)  batt= 99.8%
[ep= 357 step=300 t=29.45h]  lat=-15.901° lon=-116.473° alt=687.9km  →  International (-15.9°, -116.5°)  batt= 99.8%
[ep= 357 step=320 t=33.24h]  lat=+80.537° lon=+119.585° alt=699.2km  →  International (+80.5°, +119.6°)  batt= 99.6%
[ep= 357 step=340 t=37.04h]  lat=-28.999° lon= +57.024° alt=684.5km  →  International (-29.0°, +57.0°)  batt= 99.7%
[ep= 357 step=360 t=41.14h]  lat=+28.824° lon=-122.777° alt=689.6km  →  International (+28.8°, -122.8°)  batt= 98.4%
[ep= 357 step=380 t=41.95h]  lat=-28.170° lon= +57.376° alt=684.2km  →  International (-28.2°, +57.4°)  batt= 98.0%
[ep= 357 step=400 t=43.47h]  lat= -1.199° lon= +61.621° alt=679.1km  →  International (-1.2°, +61.6°)   batt= 97.6%
[ep= 357 step=420 t=43.64h]  lat=-39.351° lon= +55.125° alt=687.9km  →  International (-39.4°, +55.1°)  batt= 97.6%
[ep= 357 step=440 t=45.24h]  lat=-30.651° lon= +57.047° alt=684.8km  →  International (-30.7°, +57.0°)  batt= 97.0%
[ep= 358 step= 20 t= 4.44h]  lat=-73.068° lon= +32.446° alt=699.3km  →  International (-73.1°, +32.4°)  batt= 99.8%
[ep= 358 step= 40 t= 5.94h]  lat=-43.836° lon= +52.425° alt=689.6km  →  International (-43.8°, +52.4°)  batt= 99.8%
[ep= 358 step= 60 t= 9.72h]  lat=-25.262° lon=-115.765° alt=689.6km  →  International (-25.3°, -115.8°)  batt= 99.7%
[ep= 358 step= 80 t=13.80h]  lat=+30.802° lon= +65.414° alt=684.3km  →  International (+30.8°, +65.4°)  batt= 99.4%
[ep= 358 step=100 t=17.27h]  lat= -9.921° lon= +59.293° alt=680.3km  →  International (-9.9°, +59.3°)   batt= 97.8%
[ep= 358 step=120 t=17.43h]  lat=-46.145° lon= +52.239° alt=690.7km  →  International (-46.1°, +52.2°)  batt= 97.7%
[ep= 358 step=140 t=20.66h]  lat=-34.212° lon= +55.323° alt=686.1km  →  International (-34.2°, +55.3°)  batt= 96.0%
[ep= 358 step=160 t=22.82h]  lat=-31.649° lon=-114.050° alt=691.3km  →  International (-31.6°, -114.0°)  batt= 95.0%
[ep= 358 step=180 t=26.92h]  lat=+31.772° lon= +66.142° alt=684.3km  →  International (+31.8°, +66.1°)  batt= 99.3%
[ep= 358 step=200 t=29.10h]  lat=-81.516° lon= -10.583° alt=701.4km  →  International (-81.5°, -10.6°)  batt=100.0%
[ep= 358 step=220 t=29.42h]  lat=-23.089° lon=-115.325° alt=689.3km  →  International (-23.1°, -115.3°)  batt= 99.9%
[ep= 358 step=240 t=29.47h]  lat=-10.979° lon=-117.211° alt=687.2km  →  International (-11.0°, -117.2°)  batt= 99.9%
[ep= 358 step=260 t=32.58h]  lat=-48.838° lon=-109.329° alt=696.4km  →  International (-48.8°, -109.3°)  batt= 99.7%
[ep= 358 step=280 t=32.74h]  lat=-12.727° lon=-116.816° alt=687.6km  →  International (-12.7°, -116.8°)  batt= 99.6%
[ep= 358 step=300 t=36.18h]  lat=+20.685° lon=-121.574° alt=688.2km  →  International (+20.7°, -121.6°)  batt= 98.6%
[ep= 358 step=320 t=41.88h]  lat=-11.912° lon= +60.013° alt=680.2km  →  International (-11.9°, +60.0°)  batt= 95.8%
[ep= 358 step=340 t=42.04h]  lat=-48.103° lon= +52.646° alt=691.2km  →  International (-48.1°, +52.6°)  batt= 95.8%
[ep= 358 step=360 t=45.52h]  lat=-81.829° lon= -37.437° alt=701.8km  →  International (-81.8°, -37.4°)  batt= 94.0%
[ep= 359 step= 20 t= 4.25h]  lat=-32.681° lon= +54.964° alt=686.0km  →  International (-32.7°, +55.0°)  batt=100.0%
[ep= 359 step= 40 t= 5.78h]  lat= -7.567° lon= +59.161° alt=680.3km  →  International (-7.6°, +59.2°)   batt= 99.9%
[ep= 359 step= 60 t= 7.39h]  lat= -2.433° lon= +59.961° alt=679.8km  →  International (-2.4°, +60.0°)   batt=100.0%
[ep= 359 step= 80 t= 7.56h]  lat=-38.762° lon= +53.781° alt=688.0km  →  International (-38.8°, +53.8°)  batt=100.0%
[ep= 359 step=100 t= 8.40h]  lat=+43.344° lon=-127.337° alt=693.0km  →  International (+43.3°, -127.3°)  batt=100.0%
[ep= 359 step=120 t=11.31h]  lat=-38.187° lon=-113.137° alt=692.7km  →  International (-38.2°, -113.1°)  batt=100.0%
[ep= 359 step=140 t=14.14h]  lat=-43.090° lon= +52.971° alt=689.4km  →  International (-43.1°, +53.0°)  batt=100.0%
[ep= 359 step=160 t=17.60h]  lat=-79.060° lon= +13.604° alt=700.6km  →  International (-79.1°, +13.6°)  batt=100.0%
[ep= 359 step=180 t=19.73h]  lat=+10.669° lon=-120.717° alt=686.6km  →  International (+10.7°, -120.7°)  batt=100.0%
[ep= 359 step=200 t=21.24h]  lat=-16.892° lon=-116.659° alt=687.9km  →  International (-16.9°, -116.7°)  batt= 99.9%
[ep= 359 step=220 t=22.09h]  lat=+12.173° lon= +62.660° alt=679.8km  →  International (+12.2°, +62.7°)  batt=100.0%
[ep= 359 step=240 t=26.19h]  lat=-10.434° lon=-117.426° alt=687.0km  →  International (-10.4°, -117.4°)  batt=100.0%
[ep= 359 step=260 t=28.89h]  lat=-41.863° lon= +53.900° alt=689.0km  →  International (-41.9°, +53.9°)  batt=100.0%
[ep= 359 step=280 t=30.73h]  lat=-80.333° lon=  +5.006° alt=701.1km  →  International (-80.3°, +5.0°)   batt=100.0%
[ep= 359 step=300 t=32.06h]  lat=-17.173° lon= +58.812° alt=681.3km  →  International (-17.2°, +58.8°)  batt=100.0%
[ep= 359 step=320 t=32.23h]  lat=-53.250° lon= +50.392° alt=693.1km  →  International (-53.3°, +50.4°)  batt=100.0%
[ep= 359 step=340 t=35.03h]  lat=+51.102° lon= +71.554° alt=690.8km  →  International (+51.1°, +71.6°)  batt=100.0%
[ep= 359 step=360 t=40.41h]  lat=-49.542° lon= +52.105° alt=691.6km  →  International (-49.5°, +52.1°)  batt=100.0%
[ep= 359 step=380 t=43.56h]  lat=-21.331° lon= +58.622° alt=681.9km  →  International (-21.3°, +58.6°)  batt= 99.9%
[ep= 359 step=400 t=45.05h]  lat=+11.137° lon= +63.453° alt=679.3km  →  International (+11.1°, +63.5°)  batt= 99.9%
[ep= 360 step= 20 t= 3.19h]  lat=-19.944° lon=-116.921° alt=688.2km  →  International (-19.9°, -116.9°)  batt= 99.9%
[ep= 360 step= 40 t= 4.71h]  lat=-44.886° lon=-111.692° alt=694.8km  →  International (-44.9°, -111.7°)  batt=100.0%
[ep= 360 step= 60 t= 8.50h]  lat=+63.988° lon=-136.524° alt=698.2km  →  International (+64.0°, -136.5°)  batt= 99.8%
[ep= 360 step= 80 t=12.92h]  lat=-43.255° lon=-111.808° alt=694.2km  →  International (-43.3°, -111.8°)  batt=100.0%
[ep= 360 step=100 t=15.72h]  lat=-30.794° lon= +55.802° alt=685.1km  →  International (-30.8°, +55.8°)  batt=100.0%
[ep= 360 step=120 t=16.87h]  lat=+74.542° lon= +91.517° alt=698.1km  →  International (+74.5°, +91.5°)  batt= 99.9%
[ep= 360 step=140 t=17.39h]  lat=-36.555° lon= +54.684° alt=686.9km  →  International (-36.6°, +54.7°)  batt= 99.6%
[ep= 360 step=160 t=19.54h]  lat=-31.115° lon=-114.293° alt=691.2km  →  International (-31.1°, -114.3°)  batt=100.0%
[ep= 360 step=180 t=24.93h]  lat=+70.459° lon=-142.504° alt=699.2km  →  International (+70.5°, -142.5°)  batt= 99.8%
[ep= 360 step=200 t=30.00h]  lat=+73.824° lon= +90.465° alt=697.6km  →  International (+73.8°, +90.5°)  batt=100.0%
[ep= 360 step=220 t=34.11h]  lat=-70.573° lon= -94.920° alt=701.2km  →  International (-70.6°, -94.9°)  batt= 99.2%
[ep= 360 step=240 t=35.47h]  lat=-45.572° lon= +53.149° alt=690.4km  →  International (-45.6°, +53.1°)  batt=100.0%
[ep= 360 step=260 t=37.03h]  lat=-27.858° lon= +57.227° alt=684.1km  →  International (-27.9°, +57.2°)  batt=100.0%
[ep= 360 step=280 t=38.83h]  lat=-62.159° lon= +46.033° alt=696.3km  →  International (-62.2°, +46.0°)  batt=100.0%
[ep= 360 step=300 t=40.29h]  lat=-23.081° lon= +58.192° alt=682.5km  →  International (-23.1°, +58.2°)  batt=100.0%
[ep= 360 step=320 t=40.47h]  lat=-62.481° lon= +45.879° alt=696.3km  →  International (-62.5°, +45.9°)  batt=100.0%
[ep= 360 step=340 t=41.98h]  lat=-34.296° lon= +56.178° alt=685.9km  →  International (-34.3°, +56.2°)  batt=100.0%
[ep= 360 step=360 t=43.58h]  lat=-25.569° lon= +57.903° alt=683.1km  →  International (-25.6°, +57.9°)  batt=100.0%
[ep= 361 step= 20 t= 0.96h]  lat=-30.220° lon= +55.306° alt=684.8km  →  International (-30.2°, +55.3°)  batt=100.0%
[ep= 361 step= 40 t= 1.13h]  lat=-67.521° lon= +40.024° alt=697.7km  →  International (-67.5°, +40.0°)  batt=100.0%
[ep= 361 step= 60 t= 2.61h]  lat=-32.367° lon= +54.955° alt=685.4km  →  International (-32.4°, +55.0°)  batt=100.0%
[ep= 361 step= 80 t= 3.76h]  lat=+73.174° lon= +88.093° alt=697.9km  →  International (+73.2°, +88.1°)  batt=100.0%
[ep= 361 step=100 t= 7.99h]  lat=-45.404° lon=-111.414° alt=695.0km  →  International (-45.4°, -111.4°)  batt=100.0%
[ep= 361 step=120 t=12.08h]  lat=+47.341° lon= +69.340° alt=689.5km  →  International (+47.3°, +69.3°)  batt= 99.9%
[ep= 361 step=140 t=16.51h]  lat=+23.369° lon=-122.829° alt=688.8km  →  International (+23.4°, -122.8°)  batt=100.0%
[ep= 361 step=160 t=20.94h]  lat=-79.571° lon= -68.836° alt=701.8km  →  International (-79.6°, -68.8°)  batt=100.0%
[ep= 361 step=180 t=25.06h]  lat=+77.111° lon= +99.281° alt=698.5km  →  International (+77.1°, +99.3°)  batt=100.0%
[ep= 361 step=200 t=25.52h]  lat=-20.746° lon= +57.977° alt=681.8km  →  International (-20.7°, +58.0°)  batt=100.0%
[ep= 361 step=220 t=25.72h]  lat=-63.722° lon= +44.388° alt=696.6km  →  International (-63.7°, +44.4°)  batt=100.0%
[ep= 361 step=240 t=28.88h]  lat=-37.735° lon= +54.897° alt=686.9km  →  International (-37.7°, +54.9°)  batt=100.0%
[ep= 361 step=260 t=30.54h]  lat=-43.473° lon= +53.543° alt=689.1km  →  International (-43.5°, +53.5°)  batt=100.0%
[ep= 361 step=280 t=34.26h]  lat=-40.094° lon=-111.741° alt=694.0km  →  International (-40.1°, -111.7°)  batt=100.0%
[ep= 361 step=300 t=36.48h]  lat=+81.283° lon=+174.015° alt=699.8km  →  International (+81.3°, +174.0°)  batt=100.0%
[ep= 361 step=320 t=36.99h]  lat=-20.072° lon= +58.559° alt=681.2km  →  International (-20.1°, +58.6°)  batt= 99.8%
[ep= 361 step=340 t=37.16h]  lat=-56.078° lon= +49.373° alt=693.8km  →  International (-56.1°, +49.4°)  batt=100.0%
[ep= 361 step=360 t=37.33h]  lat=-81.277° lon= -51.052° alt=701.8km  →  International (-81.3°, -51.1°)  batt=100.0%
[ep= 361 step=380 t=37.49h]  lat=-49.579° lon=-108.879° alt=696.7km  →  International (-49.6°, -108.9°)  batt=100.0%
[ep= 361 step=400 t=37.61h]  lat=-24.376° lon=-114.768° alt=690.0km  →  International (-24.4°, -114.8°)  batt=100.0%
[ep= 361 step=420 t=39.09h]  lat=-58.684° lon=-104.920° alt=699.1km  →  International (-58.7°, -104.9°)  batt=100.0%
[ep= 361 step=440 t=39.30h]  lat=-13.143° lon=-116.482° alt=688.0km  →  International (-13.1°, -116.5°)  batt=100.0%
[ep= 361 step=460 t=40.48h]  lat=-63.738° lon= +44.984° alt=696.5km  →  International (-63.7°, +45.0°)  batt=100.0%
[ep= 361 step=480 t=43.59h]  lat=-26.880° lon= +57.682° alt=683.1km  →  International (-26.9°, +57.7°)  batt=100.0%
[ep= 361 step=500 t=46.99h]  lat=-52.734° lon= +51.213° alt=692.8km  →  International (-52.7°, +51.2°)  batt=100.0%
[ep= 362 step= 20 t= 4.12h]  lat= -3.600° lon= +59.660° alt=679.8km  →  International (-3.6°, +59.7°)   batt= 99.8%
[ep= 362 step= 40 t= 5.82h]  lat=-16.696° lon= +57.805° alt=681.4km  →  International (-16.7°, +57.8°)  batt= 99.8%
[ep= 362 step= 60 t= 5.98h]  lat=-52.783° lon= +49.496° alt=693.0km  →  International (-52.8°, +49.5°)  batt=100.0%
[ep= 362 step= 80 t= 9.12h]  lat=-22.838° lon= +56.957° alt=682.6km  →  International (-22.8°, +57.0°)  batt= 99.8%
[ep= 362 step=100 t=10.30h]  lat=+76.620° lon= +96.981° alt=698.6km  →  International (+76.6°, +97.0°)  batt=100.0%
[ep= 362 step=120 t=14.72h]  lat= -7.884° lon=-118.268° alt=686.6km  →  International (-7.9°, -118.3°)  batt=100.0%
[ep= 362 step=140 t=16.32h]  lat=-18.456° lon=-116.615° alt=688.1km  →  International (-18.5°, -116.6°)  batt=100.0%
[ep= 362 step=160 t=16.41h]  lat= +0.947° lon=-119.456° alt=686.2km  →  International (+0.9°, -119.5°)  batt=100.0%
[ep= 362 step=180 t=18.81h]  lat=+11.577° lon= +62.442° alt=679.6km  →  International (+11.6°, +62.4°)  batt= 99.8%
[ep= 362 step=200 t=22.30h]  lat=-34.605° lon= +55.313° alt=686.0km  →  International (-34.6°, +55.3°)  batt= 99.7%
[ep= 362 step=220 t=25.98h]  lat=-56.003° lon=-106.800° alt=698.0km  →  International (-56.0°, -106.8°)  batt=100.0%
[ep= 362 step=240 t=28.77h]  lat=-15.983° lon= +58.867° alt=681.0km  →  International (-16.0°, +58.9°)  batt= 99.8%
[ep= 362 step=260 t=28.94h]  lat=-52.088° lon= +50.718° alt=692.7km  →  International (-52.1°, +50.7°)  batt=100.0%
[ep= 362 step=280 t=30.42h]  lat=-16.323° lon= +58.882° alt=681.0km  →  International (-16.3°, +58.9°)  batt= 99.8%
[ep= 362 step=300 t=30.58h]  lat=-52.421° lon= +50.657° alt=692.7km  →  International (-52.4°, +50.7°)  batt=100.0%
[ep= 362 step=320 t=32.08h]  lat=-20.305° lon= +58.323° alt=681.7km  →  International (-20.3°, +58.3°)  batt= 99.7%
[ep= 362 step=340 t=32.25h]  lat=-58.063° lon= +48.197° alt=694.7km  →  International (-58.1°, +48.2°)  batt=100.0%
[ep= 362 step=360 t=35.45h]  lat=-40.901° lon= +54.421° alt=688.3km  →  International (-40.9°, +54.4°)  batt= 99.7%
[ep= 362 step=380 t=39.24h]  lat=-26.427° lon=-114.340° alt=690.2km  →  International (-26.4°, -114.3°)  batt=100.0%
[ep= 362 step=400 t=41.03h]  lat= +6.631° lon=-119.245° alt=686.7km  →  International (+6.6°, -119.2°)  batt=100.0%
[ep= 362 step=420 t=45.48h]  lat=-79.696° lon= +10.693° alt=701.0km  →  International (-79.7°, +10.7°)  batt=100.0%
[ep= 363 step= 20 t= 4.13h]  lat= -5.431° lon= +59.398° alt=679.6km  →  International (-5.4°, +59.4°)   batt=100.0%
[ep= 363 step= 40 t= 9.14h]  lat=-26.450° lon= +56.337° alt=683.8km  →  International (-26.5°, +56.3°)  batt=100.0%
[ep= 363 step= 60 t=10.85h]  lat=-41.238° lon= +53.315° alt=688.9km  →  International (-41.2°, +53.3°)  batt= 99.9%
[ep= 363 step= 80 t=12.35h]  lat=-10.740° lon= +58.969° alt=680.4km  →  International (-10.7°, +59.0°)  batt=100.0%
[ep= 363 step=100 t=12.52h]  lat=-46.949° lon= +51.794° alt=691.0km  →  International (-46.9°, +51.8°)  batt=100.0%
[ep= 363 step=120 t=14.03h]  lat=-18.358° lon= +57.883° alt=681.8km  →  International (-18.4°, +57.9°)  batt=100.0%
[ep= 363 step=140 t=14.19h]  lat=-54.404° lon= +49.169° alt=693.6km  →  International (-54.4°, +49.2°)  batt=100.0%
[ep= 363 step=160 t=15.68h]  lat=-20.513° lon= +57.606° alt=682.1km  →  International (-20.5°, +57.6°)  batt= 99.3%
[ep= 363 step=180 t=15.84h]  lat=-56.500° lon= +48.291° alt=694.3km  →  International (-56.5°, +48.3°)  batt= 99.2%
[ep= 363 step=200 t=19.28h]  lat=-81.522° lon= -47.349° alt=701.7km  →  International (-81.5°, -47.3°)  batt=100.0%
[ep= 363 step=220 t=24.36h]  lat=-52.863° lon=-108.219° alt=697.2km  →  International (-52.9°, -108.2°)  batt=100.0%
[ep= 363 step=240 t=24.53h]  lat=-15.018° lon=-116.815° alt=687.7km  →  International (-15.0°, -116.8°)  batt=100.0%
[ep= 363 step=260 t=27.67h]  lat=-46.858° lon=-110.167° alt=695.8km  →  International (-46.9°, -110.2°)  batt=100.0%
[ep= 363 step=280 t=27.83h]  lat=-10.709° lon=-117.321° alt=687.3km  →  International (-10.7°, -117.3°)  batt=100.0%
[ep= 363 step=300 t=29.32h]  lat=-42.943° lon=-111.218° alt=694.7km  →  International (-42.9°, -111.2°)  batt=100.0%
[ep= 363 step=320 t=30.50h]  lat=-34.395° lon= +55.687° alt=685.9km  →  International (-34.4°, +55.7°)  batt=100.0%
[ep= 363 step=340 t=33.66h]  lat= -7.797° lon= +60.272° alt=679.6km  →  International (-7.8°, +60.3°)   batt=100.0%
[ep= 363 step=360 t=35.33h]  lat=-13.595° lon= +59.489° alt=680.5km  →  International (-13.6°, +59.5°)  batt= 99.9%
[ep= 363 step=380 t=35.49h]  lat=-49.752° lon= +51.826° alt=691.9km  →  International (-49.8°, +51.8°)  batt= 99.8%
[ep= 363 step=400 t=36.98h]  lat=-15.749° lon= +59.230° alt=680.9km  →  International (-15.7°, +59.2°)  batt=100.0%
[ep= 363 step=420 t=37.14h]  lat=-51.860° lon= +51.132° alt=692.7km  →  International (-51.9°, +51.1°)  batt=100.0%
[ep= 363 step=440 t=38.63h]  lat=-19.723° lon= +58.675° alt=681.7km  →  International (-19.7°, +58.7°)  batt=100.0%
[ep= 363 step=460 t=38.80h]  lat=-55.734° lon= +49.591° alt=694.0km  →  International (-55.7°, +49.6°)  batt= 99.9%
[ep= 363 step=480 t=40.33h]  lat=-32.762° lon= +56.425° alt=685.4km  →  International (-32.8°, +56.4°)  batt=100.0%
[ep= 363 step=500 t=41.83h]  lat= -0.354° lon= +61.668° alt=678.8km  →  International (-0.4°, +61.7°)   batt=100.0%
[ep= 363 step=520 t=46.58h]  lat=+36.848° lon= +68.005° alt=685.5km  →  International (+36.8°, +68.0°)  batt=100.0%
[ep= 364 step= 20 t= 1.00h]  lat=-39.262° lon= +53.393° alt=687.7km  →  International (-39.3°, +53.4°)  batt= 99.4%
[ep= 364 step= 40 t= 4.27h]  lat=-36.333° lon= +54.200° alt=686.6km  →  International (-36.3°, +54.2°)  batt= 98.2%
[ep= 364 step= 60 t= 7.40h]  lat= -4.292° lon= +59.697° alt=679.2km  →  International (-4.3°, +59.7°)   batt= 99.2%
[ep= 364 step= 80 t= 8.89h]  lat=+28.146° lon= +64.713° alt=683.0km  →  International (+28.1°, +64.7°)  batt=100.0%
[ep= 364 step=100 t=12.03h]  lat=+59.720° lon= +74.538° alt=693.5km  →  International (+59.7°, +74.5°)  batt= 99.3%
[ep= 364 step=120 t=15.82h]  lat=-51.261° lon= +50.490° alt=692.0km  →  International (-51.3°, +50.5°)  batt= 99.0%
[ep= 364 step=140 t=18.98h]  lat=-24.902° lon= +57.019° alt=683.0km  →  International (-24.9°, +57.0°)  batt= 97.3%
[ep= 364 step=160 t=20.50h]  lat= +0.256° lon= +60.888° alt=679.0km  →  International (+0.3°, +60.9°)   batt= 96.5%
[ep= 364 step=180 t=20.67h]  lat=-36.108° lon= +54.929° alt=686.6km  →  International (-36.1°, +54.9°)  batt= 96.5%
[ep= 364 step=200 t=22.80h]  lat=-35.164° lon=-113.327° alt=692.2km  →  International (-35.2°, -113.3°)  batt= 95.4%
[ep= 364 step=220 t=23.97h]  lat=-40.397° lon= +54.072° alt=688.0km  →  International (-40.4°, +54.1°)  batt= 94.8%
[ep= 364 step=240 t=25.49h]  lat=-15.366° lon= +58.827° alt=680.4km  →  International (-15.4°, +58.8°)  batt= 94.0%
[ep= 364 step=260 t=26.01h]  lat=-50.622° lon=-108.985° alt=696.7km  →  International (-50.6°, -109.0°)  batt= 93.8%
[ep= 364 step=280 t=30.30h]  lat= +9.149° lon= +62.563° alt=679.0km  →  International (+9.1°, +62.6°)   batt= 93.2%
[ep= 364 step=300 t=35.05h]  lat=+46.181° lon= +69.941° alt=688.4km  →  International (+46.2°, +69.9°)  batt=100.0%
[ep= 364 step=320 t=35.92h]  lat=-35.457° lon=-112.720° alt=692.8km  →  International (-35.5°, -112.7°)  batt= 99.8%
[ep= 364 step=340 t=36.08h]  lat= -0.375° lon=-118.450° alt=686.9km  →  International (-0.4°, -118.4°)  batt= 99.7%
[ep= 364 step=360 t=40.18h]  lat= +0.393° lon= +61.723° alt=678.4km  →  International (+0.4°, +61.7°)   batt= 98.3%
[ep= 364 step=380 t=43.53h]  lat=-14.873° lon= +59.652° alt=680.3km  →  International (-14.9°, +59.7°)  batt= 98.3%
[ep= 364 step=400 t=43.70h]  lat=-51.007° lon= +51.742° alt=692.1km  →  International (-51.0°, +51.7°)  batt= 98.2%
[ep= 364 step=420 t=45.22h]  lat=-26.126° lon= +57.895° alt=683.1km  →  International (-26.1°, +57.9°)  batt= 97.4%
[ep= 364 step=440 t=45.73h]  lat=-41.833° lon=-110.819° alt=694.5km  →  International (-41.8°, -110.8°)  batt= 97.2%
[ep= 364 step=460 t=48.00h]  lat=+80.057° lon=+115.882° alt=698.8km  →  International (+80.1°, +115.9°)  batt= 96.0%
[ep= 365 step= 20 t= 0.94h]  lat=-26.597° lon= +55.972° alt=683.6km  →  International (-26.6°, +56.0°)  batt=100.0%
[ep= 365 step= 40 t= 2.43h]  lat= +5.843° lon= +60.931° alt=679.3km  →  International (+5.8°, +60.9°)   batt= 99.6%
[ep= 365 step= 60 t= 3.02h]  lat=-55.290° lon=-108.077° alt=697.6km  →  International (-55.3°, -108.1°)  batt=100.0%
[ep= 365 step= 80 t= 7.34h]  lat= +8.483° lon= +61.513° alt=679.4km  →  International (+8.5°, +61.5°)   batt=100.0%
[ep= 365 step=100 t=12.72h]  lat=-81.345° lon= -50.944° alt=701.6km  →  International (-81.3°, -50.9°)  batt=100.0%
[ep= 365 step=120 t=17.41h]  lat=-40.826° lon= +53.693° alt=688.2km  →  International (-40.8°, +53.7°)  batt=100.0%
[ep= 365 step=140 t=19.06h]  lat=-42.956° lon= +53.213° alt=689.2km  →  International (-43.0°, +53.2°)  batt= 99.2%
[ep= 365 step=160 t=23.17h]  lat=+44.586° lon=-127.067° alt=693.6km  →  International (+44.6°, -127.1°)  batt= 99.8%
